{"schema":{"folders":{"ultimate_icon_fonts":"Ultimate_VC_Addons\/icon-fonts"}},"theme_options":{"advanced-normalize_resize_on_mobile":"1","advanced-speed_img_resize":"1","bottom_bar-bg_color":"#896b69","bottom_bar-bg_image":{"image":"","repeat":"repeat","position_x":"center","position_y":"top"},"bottom_bar-bg_opacity":100,"bottom_bar-collapse_after":"990px","bottom_bar-color":"#ffffff","bottom_bar-copyrights":"","bottom_bar-credits":"1","bottom_bar-enabled":"1","bottom_bar-height":"60px","bottom_bar-layout":"logo_left","bottom_bar-logo-padding":"0px 0px 0px 0px","bottom_bar-logo-padding-bottom":0,"bottom_bar-logo-padding-left":0,"bottom_bar-logo-padding-right":0,"bottom_bar-logo-padding-top":0,"bottom_bar-logo_hd":["",0],"bottom_bar-logo_regular":["",0],"bottom_bar-menu-collapse_after":"778px","bottom_bar-padding":"10px 10px","bottom_bar-style":"solid_background","bottom_bar-text":"","breadcrumbs-typography":{"font_family":"Roboto","font_size":"12","line_height":"24","text_transform":"none"},"breadcrumbs_bg_color":"rgba(15,18,19,0.1)","breadcrumbs_bg_opacity":10,"breadcrumbs_border_color":"rgba(255,255,255,0.5)","breadcrumbs_border_radius":"0px","breadcrumbs_border_width":"0px","breadcrumbs_margin":"0px 0px 0px 0px","breadcrumbs_padding":"0px 0px 0px 0px","buttons-color":"#3f51b5","buttons-color_gradient":"135deg|#dd3333 30%|#3a892a 100%","buttons-color_mode":"accent","buttons-hover_color":"#7a5e5c","buttons-hover_color_gradient":"135deg|#39be76 30%|#99d240 100%","buttons-hover_color_mode":"color","buttons-l-typography":{"font_family":"Roboto:700","font_size":"22","text_transform":"none"},"buttons-l_border_radius":"0px","buttons-l_line_height":54,"buttons-l_padding":"17px 24px 16px 24px","buttons-l_padding-bottom":16,"buttons-l_padding-left":24,"buttons-l_padding-right":24,"buttons-l_padding-top":17,"buttons-m-typography":{"font_family":"Roboto:700","font_size":"14","text_transform":"none"},"buttons-m_border_radius":"0px","buttons-m_line_height":40,"buttons-m_padding":"10px 18px 10px 18px","buttons-m_padding-bottom":10,"buttons-m_padding-left":18,"buttons-m_padding-right":18,"buttons-m_padding-top":10,"buttons-s-typography":{"font_family":"Roboto:700","font_size":"12","text_transform":"none"},"buttons-s_border_radius":"0px","buttons-s_line_height":30,"buttons-s_padding":"8px 14px 7px 14px","buttons-s_padding-bottom":7,"buttons-s_padding-left":14,"buttons-s_padding-right":14,"buttons-s_padding-top":8,"buttons-style":"flat","buttons-text_color":"#ffffff","buttons-text_color_mode":"color","buttons-text_hover_color":"#ffffff","buttons-text_hover_color_mode":"color","contact_form_message":"1","content-headers_color":"#222222","content-links_color":"#896b69","content-primary_text_color":"#777777","content-secondary_text_color":"#bbbbbb","custom_error_messages":"The message has not been sent. Please try again.","custom_error_messages_validation":"One or more fields have an error. Please check and try again.","custom_success_messages":"Your message has been sent.","dividers-color":"rgba(34,34,34,0.13)","dividers-opacity":50,"filter-typography":{"font_family":"PT Sans:700","font_size":15,"text_transform":"none"},"fonts-big_size":16,"fonts-big_size_line_height":28,"fonts-font_family":"Roboto","fonts-h1-typography":{"font_family":"Roboto Condensed:700","font_size":"44","line_height":"54","text_transform":"none"},"fonts-h2-typography":{"font_family":"Roboto Condensed:700","font_size":"36","line_height":"46","text_transform":"none"},"fonts-h3-typography":{"font_family":"Roboto Condensed:700","font_size":"28","line_height":"38","text_transform":"none"},"fonts-h4-typography":{"font_family":"Roboto Condensed:700","font_size":"22","line_height":"32","text_transform":"none"},"fonts-h5-typography":{"font_family":"Roboto:700","font_size":"18","line_height":"28","text_transform":"none"},"fonts-h6-typography":{"font_family":"Roboto:700","font_size":"16","line_height":"28","text_transform":"none"},"fonts-normal_size":14,"fonts-normal_size_line_height":26,"fonts-small_size":12,"fonts-small_size_line_height":24,"footer-accent_text_color":"","footer-bg_color":"#f4f4f4","footer-bg_image":{"image":"","repeat":"repeat","position_x":"center","position_y":"top"},"footer-bg_opacity":100,"footer-collapse_after":"970px","footer-decoration":"none","footer-decoration_outline_color":"rgba(129,215,66,0.96)","footer-decoration_outline_opacity":96,"footer-headers_color":"#222222","footer-layout":"1\/4+1\/4+1\/4+1\/4","footer-padding":"60px 0px","footer-padding-bottom":0,"footer-padding-top":60,"footer-paddings-columns":"22px","footer-primary_text_color":"#777777","footer-slide-out-mode":"0","footer-style":"solid_background","general-accent_bg_color":"#896b69","general-accent_bg_color_gradient":"135deg|#99d240 30%|#39be76 100%","general-accent_color_mode":"color","general-album_back_button_url":"","general-album_meta_author":false,"general-album_meta_categories":"1","general-album_meta_comments":false,"general-album_meta_date":"1","general-album_meta_on":"1","general-beautiful_loading":"enabled","general-bg_color":"rgba(255,255,255,1)","general-bg_fixed":false,"general-bg_fullscreen":false,"general-bg_image":{"image":"","repeat":"repeat","position_x":"center","position_y":"top"},"general-bg_opacity":100,"general-blog_meta_author":"1","general-blog_meta_categories":"1","general-blog_meta_comments":"1","general-blog_meta_date":"1","general-blog_meta_on":"1","general-blog_meta_tags":"1","general-border_radius":"0px","general-box_width":"1280px","general-boxed_bg_color":"#ffffff","general-boxed_bg_fixed":false,"general-boxed_bg_fullscreen":false,"general-boxed_bg_image":{"image":"","repeat":"repeat","position_x":"center","position_y":"center"},"general-breadcrumbs_bg_color":"enabled","general-breadcrumbs_color":"#333333","general-contact_form_style":"minimal","general-content_boxes_bg_color":"#f4f4f4","general-content_boxes_bg_opacity":100,"general-content_boxes_decoration":"none","general-content_boxes_decoration_outline_color":"rgba(0,0,0,0)","general-content_boxes_decoration_outline_opacity":0,"general-content_width":"1300px","general-custom_css":"\/*Font near contact form select menus - white*\/\r\n.contact-form-white-titles {\r\nfont-size: 13px; \r\nfont-weight: 700;\r\ncolor: #ffffff; \r\n}\r\n\r\n\/*Font near contact form select menus - dark*\/\r\n.contact-form-dark-titles {\r\nfont-size: 13px; \r\nfont-weight: 700;\r\ncolor: #997b79; \r\n}\r\n\r\n\r\n\/*Phone number color in header on mobile devices*\/\r\n.dt-phone-header *,\r\n.dt-phone-header:hover *{\r\n    color: inherit;\r\n    text-decoration: inherit;\r\n}\r\n\r\n\/*Phone number color in contacts on mobile devices*\/\r\n.dt-phone h3 *,\r\n.dt-phone h3:hover *{\r\n    color: inherit;\r\n}","general-custom_loader":"","general-favicon":"\/wp-content\/uploads\/sites\/16\/2016\/03\/the7-new-fav1.gif","general-favicon_hd":"\/wp-content\/uploads\/sites\/16\/2016\/03\/the7-new-fav-hd1.gif","general-filter-margin":"0px 5px 0px 0px","general-filter-margin-bottom":0,"general-filter-margin-left":0,"general-filter-margin-right":5,"general-filter-margin-top":0,"general-filter-padding":"6px 15px 6px 16px","general-filter-padding-bottom":6,"general-filter-padding-left":16,"general-filter-padding-right":15,"general-filter-padding-top":6,"general-filter_style":"minimal","general-fullscreen_overlay_color":"rgba(255,255,255,1)","general-fullscreen_overlay_color_mode":"color","general-fullscreen_overlay_gradient":"135deg|#8224e3 30%|#dd3333 100%","general-fullscreen_overlay_opacity":100,"general-handheld_icon-old_ipad":"","general-handheld_icon-old_iphone":"","general-handheld_icon-retina_ipad":"","general-handheld_icon-retina_iphone":"","general-images_lazy_loading":"1","general-layout":"wide","general-lightbox_arrow_size":"62px","general-lightbox_overlay_opacity":85,"general-loader_style":"square_jelly_box","general-mobile_side_content_paddings":"30px","general-next_prev_in_album":"1","general-next_prev_in_blog":1,"general-next_prev_in_portfolio":1,"general-page-title-typography":{"font_family":"Roboto Condensed:700","font_size":"36","line_height":"46","text_transform":"none"},"general-page_content_bottom_margin":80,"general-page_content_margin":"80px 80px","general-page_content_top_margin":80,"general-portfolio_meta_author":"1","general-portfolio_meta_categories":"1","general-portfolio_meta_comments":"1","general-portfolio_meta_date":"1","general-portfolio_meta_on":"1","general-post_back_button_url":"","general-project_back_button_url":"","general-rel_posts_head_title":"Related posts","general-rel_posts_max":6,"general-rel_projects_details":"1","general-rel_projects_excerpt":"1","general-rel_projects_fullwidth_height":210,"general-rel_projects_fullwidth_width":210,"general-rel_projects_fullwidth_width_style":"prop","general-rel_projects_head_title":"Related projects","general-rel_projects_height":180,"general-rel_projects_info_author":"1","general-rel_projects_info_categories":"1","general-rel_projects_info_comments":"1","general-rel_projects_info_date":"1","general-rel_projects_link":"1","general-rel_projects_max":12,"general-rel_projects_title":"1","general-rel_projects_width":180,"general-rel_projects_width_style":"prop","general-rel_projects_zoom":"1","general-responsive":"1","general-responsive_title_height":"150px","general-responsive_title_line_height":30,"general-responsive_title_size":20,"general-responsiveness-treshold":970,"general-show_author_in_blog":1,"general-show_back_button_in_album":"1","general-show_back_button_in_post":"0","general-show_back_button_in_project":"0","general-show_breadcrumbs":"0","general-show_rel_posts":"1","general-show_rel_projects":"0","general-show_titles":"1","general-side_content_paddings":"60px","general-slideshow_bullets_style":"accent","general-smooth_scroll":"off","general-spinner_color":"#896b69","general-spinner_opacity":100,"general-switch_content_paddings":"778px","general-template_content_vertical_margins":80,"general-title_align":"center","general-title_bg_color":"#f4f4f4","general-title_bg_fixed":false,"general-title_bg_fullscreen":false,"general-title_bg_gradient":"135deg|#99d240 30%|#39be76 100%","general-title_bg_image":{"image":"","repeat":"no-repeat","position_x":"center","position_y":"center"},"general-title_bg_mode":"background","general-title_bg_opacity":100,"general-title_bg_overlay":false,"general-title_bg_parallax":"","general-title_color":"#333333","general-title_decoration":"none","general-title_decoration_line_color":"rgba(204,204,204,0.5)","general-title_decoration_line_height":"1px","general-title_decoration_line_opacity":50,"general-title_decoration_line_style":"solid","general-title_decoration_outline_color":"rgba(30,115,190,0)","general-title_decoration_outline_height":"1px","general-title_decoration_outline_opacity":0,"general-title_decoration_outline_style":"solid","general-title_enable_bg_img":"disabled","general-title_height":"140px","general-title_overlay_color":"rgba(0,0,0,0.5)","general-title_responsive_breadcrumbs":false,"general-title_scroll_effect":"default","general-titles-responsiveness-switch":"990px","general-titles_responsiveness":"0","header-background":"normal","header-bg-color":"rgba(255,255,255,1)","header-bg-image":{"image":"","repeat":"repeat","position_x":"center","position_y":"center"},"header-bg-is_fixed":false,"header-bg-is_fullscreen":false,"header-bg-opacity":100,"header-classic-elements":{"top_bar_left":["address"],"top_bar_right":["working_hours"],"near_menu_right":["social_icons"],"near_logo_left":["multipurpose_1"],"near_logo_right":["button"]},"header-classic-elements-near_logo-custom-icon-color":"#896b69","header-classic-elements-near_logo-custom-icon-size":32,"header-classic-elements-near_logo-font_color":"#222222","header-classic-elements-near_logo-typography":{"font_family":"Roboto Condensed:700","font_size":"28"},"header-classic-elements-near_logo_left-padding":"0px 0px 0px 0px","header-classic-elements-near_logo_left-padding-bottom":0,"header-classic-elements-near_logo_left-padding-left":0,"header-classic-elements-near_logo_left-padding-right":0,"header-classic-elements-near_logo_left-padding-top":10,"header-classic-elements-near_logo_right-padding":"0px 0px 0px 0px","header-classic-elements-near_logo_right-padding-bottom":0,"header-classic-elements-near_logo_right-padding-left":0,"header-classic-elements-near_logo_right-padding-right":0,"header-classic-elements-near_logo_right-padding-top":10,"header-classic-elements-near_menu-custom-icon-color":"#896b69","header-classic-elements-near_menu-custom-icon-size":16,"header-classic-elements-near_menu-font_color":"#222222","header-classic-elements-near_menu-typography":{"font_family":"Roboto Condensed:700","font_size":"14"},"header-classic-elements-near_menu_right-padding":"0px 0px 0px 25px","header-classic-elements-near_menu_right-padding-bottom":0,"header-classic-elements-near_menu_right-padding-left":25,"header-classic-elements-near_menu_right-padding-right":0,"header-classic-elements-near_menu_right-padding-top":0,"header-classic-height":"220px","header-classic-is_fullwidth":"0","header-classic-logo-position":"center","header-classic-menu-bg-color":"rgba(51,51,51,0.1)","header-classic-menu-bg-opacity":10,"header-classic-menu-bg-style":"disabled","header-classic-menu-margin":"0px 15px","header-classic-menu-margin-bottom":15,"header-classic-menu-margin-top":0,"header-classic-menu-position":"justify","header-classic-show_elements":"1","header-decoration":"shadow","header-decoration-color":"rgba(255,255,255,0.15)","header-decoration-opacity":15,"header-elements-button-1-bg":"disabled","header-elements-button-1-bg-color":"#ffffff","header-elements-button-1-bg-gradient":"135deg|#ffffff 30%|#000000 100%","header-elements-button-1-border-color":"accent","header-elements-button-1-border-color-mono":"#ffffff","header-elements-button-1-border_radius":"0px","header-elements-button-1-border_width":"2px","header-elements-button-1-choose-icon":"","header-elements-button-1-first-header-switch":"in_menu","header-elements-button-1-hover-bg":"accent","header-elements-button-1-hover-bg-color":"#ffffff","header-elements-button-1-hover-bg-gradient":"135deg|#ffffff 30%|#000000 100%","header-elements-button-1-hover-border-color":"accent","header-elements-button-1-hover-border-color-mono":"#ffffff","header-elements-button-1-hover-icon-color":"color","header-elements-button-1-hover-icon-color-gradient":"90deg|#ffffff 30%|#000000 100%","header-elements-button-1-hover-icon-color-mono":"#ffffff","header-elements-button-1-icon":false,"header-elements-button-1-icon-color":"color","header-elements-button-1-icon-color-gradient":"90deg|#ffffff 30%|#000000 100%","header-elements-button-1-icon-color-mono":"#896b69","header-elements-button-1-icon-position":"right","header-elements-button-1-icon-size":14,"header-elements-button-1-name":"Get free first dance class!","header-elements-button-1-on-desktops":"show","header-elements-button-1-padding":"11px 18px 10px 18px","header-elements-button-1-second-header-switch":"in_menu","header-elements-button-1-smooth-scroll":"1","header-elements-button-1-target":false,"header-elements-button-1-typography":{"font_family":"Roboto Condensed:700","font_size":"18"},"header-elements-button-1-url":"#!\/free","header-elements-button-2-bg":"accent","header-elements-button-2-bg-color":"#ffffff","header-elements-button-2-bg-gradient":"135deg|#ffffff 30%|#000000 100%","header-elements-button-2-border-color":"accent","header-elements-button-2-border-color-mono":"#ffffff","header-elements-button-2-border_radius":"0px","header-elements-button-2-border_width":"1px","header-elements-button-2-choose-icon":"","header-elements-button-2-first-header-switch":"near_logo","header-elements-button-2-hover-bg":"accent","header-elements-button-2-hover-bg-color":"#ffffff","header-elements-button-2-hover-bg-gradient":"135deg|#ffffff 30%|#000000 100%","header-elements-button-2-hover-border-color":"accent","header-elements-button-2-hover-border-color-mono":"#ffffff","header-elements-button-2-hover-icon-color":"color","header-elements-button-2-hover-icon-color-gradient":"90deg|#ffffff 30%|#000000 100%","header-elements-button-2-hover-icon-color-mono":"#ffffff","header-elements-button-2-icon":false,"header-elements-button-2-icon-color":"color","header-elements-button-2-icon-color-gradient":"90deg|#ffffff 30%|#000000 100%","header-elements-button-2-icon-color-mono":"#ffffff","header-elements-button-2-icon-position":"right","header-elements-button-2-icon-size":14,"header-elements-button-2-name":"Button","header-elements-button-2-on-desktops":"show","header-elements-button-2-padding":"10px 20px 10px 20px","header-elements-button-2-second-header-switch":"in_menu","header-elements-button-2-smooth-scroll":false,"header-elements-button-2-target":false,"header-elements-button-2-typography":{"font_family":"Roboto:700","font_size":"14"},"header-elements-button-2-url":"","header-elements-contact-address-caption":"8500 Beverly Boulevard Los Angeles, CA 90048","header-elements-contact-address-custom-icon":"icomoon-the7-font-the7-home-021","header-elements-contact-address-first-header-switch":"in_menu","header-elements-contact-address-icon":"custom","header-elements-contact-address-on-desktops":"show","header-elements-contact-address-second-header-switch":"in_menu","header-elements-contact-clock-caption":"Business hours: 10 AM \u2013 8 PM","header-elements-contact-clock-custom-icon":"icomoon-the7-font-the7-clock-01","header-elements-contact-clock-first-header-switch":"top_bar_right","header-elements-contact-clock-icon":"custom","header-elements-contact-clock-on-desktops":"show","header-elements-contact-clock-second-header-switch":"in_menu","header-elements-contact-email-caption":"sales@yoursite.com","header-elements-contact-email-custom-icon":"the7-mw-icon-mail-bold","header-elements-contact-email-first-header-switch":"near_logo","header-elements-contact-email-icon":"custom","header-elements-contact-email-on-desktops":"show","header-elements-contact-email-second-header-switch":"in_menu","header-elements-contact-multipurpose_1-caption":"001 234 567 89","header-elements-contact-multipurpose_1-custom-icon":"icomoon-the7-font-the7-phone-03","header-elements-contact-multipurpose_1-first-header-switch":"top_bar_left","header-elements-contact-multipurpose_1-icon":"custom","header-elements-contact-multipurpose_1-on-desktops":"show","header-elements-contact-multipurpose_1-second-header-switch":"in_top_bar","header-elements-contact-multipurpose_2-caption":"","header-elements-contact-multipurpose_2-custom-icon":"","header-elements-contact-multipurpose_2-first-header-switch":"near_logo","header-elements-contact-multipurpose_2-icon":"custom","header-elements-contact-multipurpose_2-on-desktops":"show","header-elements-contact-multipurpose_2-second-header-switch":"in_menu","header-elements-contact-multipurpose_3-caption":"","header-elements-contact-multipurpose_3-custom-icon":"","header-elements-contact-multipurpose_3-first-header-switch":"near_logo","header-elements-contact-multipurpose_3-icon":"custom","header-elements-contact-multipurpose_3-on-desktops":"show","header-elements-contact-multipurpose_3-second-header-switch":"in_menu","header-elements-contact-multipurpose_4-caption":"","header-elements-contact-multipurpose_4-custom-icon":"","header-elements-contact-multipurpose_4-first-header-switch":"near_logo","header-elements-contact-multipurpose_4-icon":"custom","header-elements-contact-multipurpose_4-on-desktops":"show","header-elements-contact-multipurpose_4-second-header-switch":"in_menu","header-elements-contact-phone-caption":"011 322 44 56","header-elements-contact-phone-custom-icon":"the7-mw-icon-phone-bold","header-elements-contact-phone-first-header-switch":"near_logo","header-elements-contact-phone-icon":"custom","header-elements-contact-phone-on-desktops":"show","header-elements-contact-phone-second-header-switch":"in_menu","header-elements-contact-skype-caption":"Your_Skype","header-elements-contact-skype-custom-icon":"the7-mw-icon-skype-bold","header-elements-contact-skype-first-header-switch":"near_logo","header-elements-contact-skype-icon":"custom","header-elements-contact-skype-on-desktops":"show","header-elements-contact-skype-second-header-switch":"in_menu","header-elements-edd_cart-sub_cart-bg-color":"rgba(33,43,62,0.95)","header-elements-edd_cart-sub_cart-bg-width":250,"header-elements-edd_cart-sub_cart-font-color":"#efefef","header-elements-login-caption":"Login","header-elements-login-custom-icon":"the7-mw-icon-login-bold","header-elements-login-first-header-switch":"near_logo","header-elements-login-icon":"custom","header-elements-login-logout_url":"","header-elements-login-on-desktops":"show","header-elements-login-second-header-switch":"in_menu","header-elements-login-url":"http:\/\/themeforest.net","header-elements-login-use_logout_url":false,"header-elements-logout-caption":"Logout","header-elements-menu-first-header-switch":"near_logo","header-elements-menu-icon":"custom","header-elements-menu-on-desktops":"show","header-elements-menu-second-header-switch":"hidden","header-elements-menu-style":"dropdown","header-elements-menu-style-first-switch":"dropdown","header-elements-menu-style-second-switch":"dropdown","header-elements-menu2-first-header-switch":"near_logo","header-elements-menu2-icon":"custom","header-elements-menu2-on-desktops":"show","header-elements-menu2-second-header-switch":"in_menu","header-elements-menu2-style":"dropdown","header-elements-menu2-style-first-switch":"dropdown","header-elements-menu2-style-second-switch":"dropdown","header-elements-menu2_custom-icon":"the7-mw-icon-dropdown-menu-bold","header-elements-menu_custom-icon":"the7-mw-icon-dropdown-menu-bold","header-elements-near_logo-font_color":"#202b40","header-elements-near_logo-font_family":"Roboto Condensed:700","header-elements-near_logo-font_size":16,"header-elements-near_menu-font_color":"#202b40","header-elements-near_menu-font_family":"Roboto Condensed:700","header-elements-near_menu-font_size":14,"header-elements-search-by":"general","header-elements-search-caption":"","header-elements-search-first-header-switch":"near_logo","header-elements-search-icon":"custom","header-elements-search-input-caption":"Type and hit enter \u2026","header-elements-search-on-desktops":"show","header-elements-search-second-header-switch":"near_logo","header-elements-search_custom-icon":"the7-mw-icon-search-bold","header-elements-soc_icons":{"1":{"icon":"facebook","url":"https:\/\/www.facebook.com\/WordPress.Premium.Theme\/"},"6":{"icon":"instagram","url":"https:\/\/www.instagram.com\/dream_theme_photo\/"},"7":{"icon":"you-tube","url":"http:\/\/youtube.com"}},"header-elements-soc_icons-bg":"accent","header-elements-soc_icons-bg-color":"#f4f4f4","header-elements-soc_icons-bg-gradient":"135deg|#ffffff 30%|#000000 100%","header-elements-soc_icons-bg-hover-opacity":100,"header-elements-soc_icons-bg-opacity":100,"header-elements-soc_icons-bg-size":"30px","header-elements-soc_icons-border":"disabled","header-elements-soc_icons-border-color":"#ffffff","header-elements-soc_icons-color":"#ffffff","header-elements-soc_icons-first-header-switch":"near_logo","header-elements-soc_icons-hover-bg":"accent","header-elements-soc_icons-hover-bg-color":"rgba(255,255,255,1)","header-elements-soc_icons-hover-bg-gradient":"135deg|#ffffff 30%|#000000 100%","header-elements-soc_icons-hover-border":"accent","header-elements-soc_icons-hover-border-color":"#ffffff","header-elements-soc_icons-hover-color":"#e1dad9","header-elements-soc_icons-on-desktops":"show","header-elements-soc_icons-second-header-switch":"near_logo","header-elements-soc_icons-size":"16px","header-elements-soc_icons_border_radius":"100px","header-elements-soc_icons_border_width":"0px","header-elements-soc_icons_gap":6,"header-elements-text":"<p class='dt-phone-header'>001 234 567 89<\/p>\r\nBusiness hours: 8.00 - 20.30","header-elements-text-2":"<p><i class='fa fa-map-marker-alt' style='font-size: 24px;line-height: 26px;'><\/i>\r\n<p style='margin: -34px 0px 0px 27px;'>8500 Beverly BLVD Los Angeles <br>California 90048\r\n<p style='margin: 5px 0px 0px 27px;'><a href='#!\/contact' class='anchor-link' style='color: #f31a9e;'>Show on map <i class='fa fa-angle-right'><\/i><\/a>","header-elements-text-2-first-header-switch":"in_menu","header-elements-text-2-on-desktops":"show","header-elements-text-2-second-header-switch":"in_menu","header-elements-text-3":"<p><span style=\"font-size: 20px;color: #40ff2c\">Show on map <i class=\"fa fa-angle-right\"><\/i><\/span>","header-elements-text-3-first-header-switch":"near_logo","header-elements-text-3-on-desktops":"show","header-elements-text-3-second-header-switch":"in_menu","header-elements-text-4":"","header-elements-text-4-first-header-switch":"near_logo","header-elements-text-4-on-desktops":"show","header-elements-text-4-second-header-switch":"in_menu","header-elements-text-5":"","header-elements-text-5-first-header-switch":"near_logo","header-elements-text-5-on-desktops":"show","header-elements-text-5-second-header-switch":"in_menu","header-elements-text-first-header-switch":"in_menu","header-elements-text-on-desktops":"show","header-elements-text-second-header-switch":"in_menu","header-elements-woocommerce_cart-sub_cart-bg-color":"rgba(33,43,62,0.95)","header-elements-woocommerce_cart-sub_cart-bg-width":250,"header-elements-woocommerce_cart-sub_cart-font-color":"#efefef","header-floating_navigation-active_item-font-color":"#ffffff","header-floating_navigation-active_item-font-gradient":"90deg|#ffffff 30%|#000000 100%","header-floating_navigation-bg-color":"rgba(255,255,255,1)","header-floating_navigation-bg-image":{"image":"","repeat":"repeat","position_x":"center","position_y":"center"},"header-floating_navigation-bg-is_fullscreen":false,"header-floating_navigation-bg-opacity":100,"header-floating_navigation-decoration":"shadow","header-floating_navigation-decoration-color":"rgba(255,255,255,0.1)","header-floating_navigation-decoration-opacity":10,"header-floating_navigation-font-active":"default","header-floating_navigation-font-color":"#ffffff","header-floating_navigation-font-hover":"default","header-floating_navigation-font-normal":"default","header-floating_navigation-height":"60px","header-floating_navigation-hover-font-color":"#ffffff","header-floating_navigation-hover-font-gradient":"90deg|#ffffff 30%|#000000 100%","header-floating_navigation-show_after":"220px","header-floating_navigation-style":"fade","header-floating_navigation-top-bar":false,"header-inline-elements":{"top_bar_left":["phone","email","working_hours"],"top_bar_right":["social_icons"],"near_menu_right":["search"]},"header-inline-elements-near_menu-custom-icon-color":"","header-inline-elements-near_menu-custom-icon-size":16,"header-inline-elements-near_menu-font_color":"#888888","header-inline-elements-near_menu-typography":{"font_family":"Arial","font_size":"14"},"header-inline-elements-near_menu_right-padding":"0px 0px 0px 2px","header-inline-elements-near_menu_right-padding-bottom":0,"header-inline-elements-near_menu_right-padding-left":2,"header-inline-elements-near_menu_right-padding-right":0,"header-inline-elements-near_menu_right-padding-top":0,"header-inline-height":"120px","header-inline-is_fullwidth":"0","header-inline-menu-position":"justify","header-inline-show_elements":"1","header-layout":"classic","header-logo-padding":"6px 0px 0px 0px","header-logo-padding-bottom":0,"header-logo-padding-left":0,"header-logo-padding-right":0,"header-logo-padding-top":6,"header-logo_hd":["\/wp-content\/uploads\/sites\/16\/2019\/07\/l0001-large.png",1432],"header-logo_regular":["\/wp-content\/uploads\/sites\/16\/2019\/07\/l0001.png",1431],"header-mega-menu-desc-font-color":"#efefef","header-mega-menu-desc-typography":{"font_family":"Roboto","font_size":"12"},"header-mega-menu-items-padding":"0px 0px 10px 0px","header-mega-menu-submenu-bg-padding":"0px 10px 0px 10px","header-mega-menu-submenu-column-padding":"20px 10px 20px 10px","header-mega-menu-submenu-column-width":"240px","header-mega-menu-title-active_item-font-color":"#ffffff","header-mega-menu-title-active_item-font-color-style":"accent","header-mega-menu-title-active_item-font-gradient":"90deg|#ffffff 30%|#000000 100%","header-mega-menu-title-font-color":"#efefef","header-mega-menu-title-hover-font-color":"#ffffff","header-mega-menu-title-hover-font-color-style":"accent","header-mega-menu-title-hover-font-gradient":"90deg|#ffffff 30%|#000000 100%","header-mega-menu-title-icon-size":18,"header-mega-menu-title-typography":{"font_family":"Roboto:700","font_size":"18","text_transform":"none"},"header-mega-menu-widget-accent-color":"","header-mega-menu-widget-font-color":"#efefef","header-mega-menu-widget-title-color":"#efefef","header-menu-active_item-font-color":"#60d45c","header-menu-active_item-font-color-style":"accent","header-menu-active_item-font-gradient":"90deg|#ffffff 30%|#000000 100%","header-menu-decoration-other-active-color":"rgba(255,255,255,0.15)","header-menu-decoration-other-active-color-style":"accent","header-menu-decoration-other-active-gradient":"135deg|rgba(255,255,255,0.15) 30%|rgba(0,0,0,0.15) 100%","header-menu-decoration-other-active-line":"0","header-menu-decoration-other-active-line-color":"rgba(130,36,227,0.3)","header-menu-decoration-other-active-line-color-style":"color","header-menu-decoration-other-active-line-gradient":"135deg|rgba(221,51,51,0.3) 30%|rgba(129,215,66,0.3) 100%","header-menu-decoration-other-active-line-opacity":30,"header-menu-decoration-other-active-opacity":15,"header-menu-decoration-other-active-style":"background","header-menu-decoration-other-border-radius":3,"header-menu-decoration-other-click_decor":"1","header-menu-decoration-other-click_decor-color":"rgba(255,255,255,0.2)","header-menu-decoration-other-click_decor-color-style":"accent","header-menu-decoration-other-click_decor-gradient":"135deg|rgba(255,255,255,0.2) 30%|rgba(0,0,0,0.2) 100%","header-menu-decoration-other-click_decor-opacity":20,"header-menu-decoration-other-hover-color":"rgba(255,255,255,0.15)","header-menu-decoration-other-hover-color-style":"accent","header-menu-decoration-other-hover-gradient":"135deg|rgba(255,255,255,0.15) 30%|rgba(0,0,0,0.15) 100%","header-menu-decoration-other-hover-line":"0","header-menu-decoration-other-hover-line-color":"rgba(221,51,51,0.23)","header-menu-decoration-other-hover-line-color-style":"gradient","header-menu-decoration-other-hover-line-gradient":"135deg|rgba(255,255,255,0.23) 30%|rgba(0,0,0,0.23) 100%","header-menu-decoration-other-hover-line-opacity":23,"header-menu-decoration-other-hover-style":"background","header-menu-decoration-other-line_size":"2px","header-menu-decoration-other-links-is_justified":"1","header-menu-decoration-other-opacity":15,"header-menu-decoration-style":"underline","header-menu-decoration-underline-color":"#ffffff","header-menu-decoration-underline-color-style":"accent","header-menu-decoration-underline-direction":"downwards","header-menu-decoration-underline-gradient":"135deg|#ffffff 30%|#000000 100%","header-menu-decoration-underline-line_size":"2px","header-menu-dividers-color":"rgba(34,34,34,0.12)","header-menu-dividers-height":"20px","header-menu-dividers-height-style":"custom","header-menu-dividers-opacity":30,"header-menu-dividers-surround":"1","header-menu-font-color":"#222222","header-menu-hover-font-color":"#60d45c","header-menu-hover-font-color-style":"accent","header-menu-hover-font-gradient":"90deg|#8224e3 30%|#751257 100%","header-menu-icon-size":16,"header-menu-item-margin":"5px 2px 5px 2px","header-menu-item-margin-bottom":5,"header-menu-item-margin-left":2,"header-menu-item-margin-right":2,"header-menu-item-margin-top":5,"header-menu-item-padding":"2px 0px 2px 0px","header-menu-item-padding-bottom":2,"header-menu-item-padding-left":0,"header-menu-item-padding-right":0,"header-menu-item-padding-top":2,"header-menu-item-surround_margins-custom-margin":"-20px","header-menu-item-surround_margins-style":"regular","header-menu-show_dividers":"1","header-menu-show_next_lvl_icons":false,"header-menu-submenu-active-bg-color":"rgba(239,239,239,0.07)","header-menu-submenu-active-bg-color-style":"color","header-menu-submenu-active-bg-gradient":"90deg|#81d742 30%|#eeee22 100%","header-menu-submenu-active-bg-opacity":7,"header-menu-submenu-active-font-color":"#60d45c","header-menu-submenu-active-font-color-style":"accent","header-menu-submenu-active-font-gradient":"90deg|#ffffff 30%|#000000 100%","header-menu-submenu-bg-color":"#222222","header-menu-submenu-bg-hover":"animated_background","header-menu-submenu-bg-opacity":95,"header-menu-submenu-bg-padding":"10px 10px 10px 10px","header-menu-submenu-bg-width":"250px","header-menu-submenu-font-color":"#efefef","header-menu-submenu-hover-bg-color":"rgba(239,239,239,0.07)","header-menu-submenu-hover-bg-color-style":"color","header-menu-submenu-hover-bg-gradient":"90deg|#81d742 30%|#eeee22 100%","header-menu-submenu-hover-bg-opacity":7,"header-menu-submenu-hover-font-color":"#efefef","header-menu-submenu-hover-font-color-style":"color","header-menu-submenu-hover-font-gradient":"90deg|#81d742 30%|#eeee22 100%","header-menu-submenu-icon-size":14,"header-menu-submenu-item-margin":"0px 0px 0px 0px","header-menu-submenu-item-margin-bottom":0,"header-menu-submenu-item-margin-left":0,"header-menu-submenu-item-margin-right":0,"header-menu-submenu-item-margin-top":0,"header-menu-submenu-item-padding":"8px 8px 8px 8px","header-menu-submenu-item-padding-bottom":8,"header-menu-submenu-item-padding-left":8,"header-menu-submenu-item-padding-right":8,"header-menu-submenu-item-padding-top":8,"header-menu-submenu-parent_is_clickable":"1","header-menu-submenu-show_next_lvl_icons":"1","header-menu-submenu-subtitle-typography":{"font_family":"Arial:400italic","font_size":"10"},"header-menu-submenu-typography":{"font_family":"Roboto","font_size":"15","text_transform":"none"},"header-menu-subtitle-typography":{"font_family":"Arial:400italic","font_size":"10"},"header-menu-typography":{"font_family":"Roboto Condensed:700","font_size":"20","text_transform":"uppercase"},"header-menu_close_icon-margin":"30px 30px 30px 30px","header-menu_icon-bg-border-radius":"50px","header-menu_icon-bg-color":"rgba(51,51,51,1)","header-menu_icon-bg-opacity":100,"header-menu_icon-bg-size":"54px","header-menu_icon-color":"#ffffff","header-menu_icon-elements":[],"header-menu_icon-elements-below_menu-padding":"0px 0px 0px 0px","header-menu_icon-elements-near_menu-custom-icon-color":"","header-menu_icon-elements-near_menu-custom-icon-size":16,"header-menu_icon-elements-near_menu-font_color":"#888888","header-menu_icon-elements-near_menu-typography":{"font_family":"Arial","font_size":"14"},"header-menu_icon-hover-bg-color":"rgba(51,51,51,1)","header-menu_icon-hover-bg-opacity":100,"header-menu_icon-hover-color":"#ffffff","header-menu_icon-margin":"0px 25px 0px 20px","header-menu_icon-margin-bottom":0,"header-menu_icon-margin-left":20,"header-menu_icon-margin-right":25,"header-menu_icon-margin-top":0,"header-menu_icon-show_elements":"0","header-menu_icon-size":"small","header-mixed-bg-color":"rgba(255,255,255,1)","header-mixed-bg-opacity":100,"header-mixed-decoration":"shadow","header-mixed-decoration-color":"rgba(0,0,0,0.2)","header-mixed-decoration-opacity":20,"header-mixed-floating-top-bar":false,"header-mixed-sticky-bg-color":"#000000","header-mobile-first_switch-after":"1050px","header-mobile-first_switch-height":"60px","header-mobile-first_switch-layout":"right_left","header-mobile-first_switch-logo":"mobile","header-mobile-floating_navigation":"sticky","header-mobile-header-bg-color":"rgba(255,255,255,1)","header-mobile-menu-align":"right","header-mobile-menu-bg-color":"rgba(255,255,255,1)","header-mobile-menu-bg-opacity":100,"header-mobile-menu-bg-width":"340px","header-mobile-menu-font-color":"#222222","header-mobile-menu-font-hover-color":"#60d45c","header-mobile-menu-font-hover-color-style":"accent","header-mobile-menu-font-hover-gradient":"90deg|#b78ce2 30%|#1e73be 100%","header-mobile-menu-typography":{"font_family":"Roboto Condensed:700","font_size":"18","text_transform":"uppercase"},"header-mobile-menu_icon-bg-border-radius":"0px","header-mobile-menu_icon-bg-color":"rgba(255,255,255,0)","header-mobile-menu_icon-bg-enable":"1","header-mobile-menu_icon-bg-size":"24px","header-mobile-menu_icon-color":"#222222","header-mobile-menu_icon-size":"medium","header-mobile-microwidgets-custom-icon-color":"","header-mobile-microwidgets-custom-icon-size":16,"header-mobile-microwidgets-font-color":"#222222","header-mobile-microwidgets-typography":{"font_family":"Roboto Condensed:700","font_size":"14"},"header-mobile-overlay-bg-color":"rgba(0,0,0,0.3)","header-mobile-second_switch-after":"500px","header-mobile-second_switch-height":"60px","header-mobile-second_switch-layout":"right_left","header-mobile-second_switch-logo":"mobile","header-mobile-submenu-typography":{"font_family":"Roboto Condensed:700","font_size":"18","text_transform":"none"},"header-overlay-content-padding":"0px 50px 0px 50px","header-overlay-content-padding-bottom":0,"header-overlay-content-padding-left":50,"header-overlay-content-padding-right":50,"header-overlay-content-padding-top":0,"header-overlay-content-position":"left","header-overlay-content-width":"500px","header-overlay-elements":{"side_top_line":["social_icons","text_area","phone"],"below_menu":["search"]},"header-overlay-elements-below_menu-padding":"0px 0px 0px 0px","header-overlay-elements-below_menu-padding-bottom":0,"header-overlay-elements-below_menu-padding-left":0,"header-overlay-elements-below_menu-padding-right":0,"header-overlay-elements-below_menu-padding-top":0,"header-overlay-elements-top_line-padding":"0px 0px 0px 0px","header-overlay-elements-top_line-padding-bottom":0,"header-overlay-elements-top_line-padding-left":0,"header-overlay-elements-top_line-padding-right":0,"header-overlay-elements-top_line-padding-top":0,"header-overlay-icons_style":"bold","header-overlay-layout":"top_line","header-overlay-layout-menu_icon-show_floating_logo":"1","header-overlay-layout-side_line-width":60,"header-overlay-layout-top_line-height":80,"header-overlay-layout-top_line-is_fullwidth":"0","header-overlay-layout-top_line-logo-position":"center","header-overlay-logo-position":"fully_inside","header-overlay-menu-items_alignment":"left","header-overlay-menu-items_link":"fullwidth","header-overlay-menu-padding":"0px 0px","header-overlay-menu-padding-bottom":0,"header-overlay-menu-padding-top":0,"header-overlay-menu-position":"v_top","header-overlay-show_elements":"1","header-show_floating_navigation":"1","header-side-content-padding":"50px 0px 40px 0px","header-side-content-padding-bottom":40,"header-side-content-padding-left":0,"header-side-content-padding-right":0,"header-side-content-padding-top":50,"header-side-content-position":"center","header-side-content-width":"300px","header-side-elements":{"below_menu":["social_icons","email","skype"]},"header-side-elements-below_menu-padding":"0px 35px 0px 35px","header-side-elements-below_menu-padding-bottom":0,"header-side-elements-below_menu-padding-left":35,"header-side-elements-below_menu-padding-right":35,"header-side-elements-below_menu-padding-top":0,"header-side-elements-near_menu-custom-icon-color":"","header-side-elements-near_menu-custom-icon-size":16,"header-side-elements-near_menu-font_color":"#888888","header-side-elements-near_menu-typography":{"font_family":"Arial","font_size":"14"},"header-side-logo-position":"inside","header-side-menu-items_alignment":"center","header-side-menu-items_link":"fullwidth","header-side-menu-padding":"50px 50px","header-side-menu-padding-bottom":50,"header-side-menu-padding-top":50,"header-side-menu-position":"v_top","header-side-menu-submenu-position":"down","header-side-position":"right","header-side-show_elements":"1","header-side-width":"300px","header-side_line-elements":[],"header-side_line-elements-below_menu-padding":"0px 0px 0px 0px","header-side_line-elements-near_menu-custom-icon-color":"","header-side_line-elements-near_menu-custom-icon-size":16,"header-side_line-elements-near_menu-font_color":"#888888","header-side_line-elements-near_menu-typography":{"font_family":"Arial","font_size":"14"},"header-side_line-show_elements":"0","header-side_line-width":"60px","header-slide_out-content-padding":"0px 54px 0px 54px","header-slide_out-content-padding-bottom":0,"header-slide_out-content-padding-left":54,"header-slide_out-content-padding-right":54,"header-slide_out-content-padding-top":0,"header-slide_out-content-position":"center","header-slide_out-content-width":"100%","header-slide_out-elements":{"side_top_line":["phone","email","skype"]},"header-slide_out-elements-below_menu-padding":"30px 0px 30px 0px","header-slide_out-elements-below_menu-padding-bottom":30,"header-slide_out-elements-below_menu-padding-left":0,"header-slide_out-elements-below_menu-padding-right":0,"header-slide_out-elements-below_menu-padding-top":30,"header-slide_out-elements-top_line-padding":"0px 0px 0px 0px","header-slide_out-elements-top_line-padding-bottom":0,"header-slide_out-elements-top_line-padding-left":0,"header-slide_out-elements-top_line-padding-right":0,"header-slide_out-elements-top_line-padding-top":0,"header-slide_out-icons_style":"bold","header-slide_out-layout":"top_line","header-slide_out-layout-menu_icon-show_floating_logo":"1","header-slide_out-layout-side_line-position":"above","header-slide_out-layout-side_line-width":64,"header-slide_out-layout-top_line-height":74,"header-slide_out-layout-top_line-is_fullwidth":"1","header-slide_out-layout-top_line-logo-position":"left","header-slide_out-logo-position":"fully_inside","header-slide_out-menu-items_alignment":"left","header-slide_out-menu-items_link":"fullwidth","header-slide_out-menu-padding":"0px 0px","header-slide_out-menu-padding-bottom":0,"header-slide_out-menu-padding-top":0,"header-slide_out-menu-position":"v_top","header-slide_out-overlay-animation":"","header-slide_out-overlay-bg-color":"rgba(0,0,0,0.25)","header-slide_out-overlay-bg-color-style":"color","header-slide_out-overlay-bg-gradient":"135deg|rgba(205,183,226,0.25) 30%|rgba(130,20,130,0.25) 100%","header-slide_out-overlay-bg-opacity":25,"header-slide_out-overlay-blur":"0","header-slide_out-overlay-x_cursor":"0","header-slide_out-overlay-x_cursor-color":"rgba(255,255,255,1)","header-slide_out-overlay-x_cursor-opacity":100,"header-slide_out-position":"right","header-slide_out-show_elements":"1","header-slide_out-width":"370px","header-split-elements":{"near_menu_left":["search"]},"header-split-elements-near_menu-custom-icon-color":"","header-split-elements-near_menu-custom-icon-size":16,"header-split-elements-near_menu-font_color":"#888888","header-split-elements-near_menu-typography":{"font_family":"Arial","font_size":"14"},"header-split-elements-near_menu_left-padding":"0px 20px 0px 20px","header-split-elements-near_menu_left-padding-bottom":0,"header-split-elements-near_menu_left-padding-left":20,"header-split-elements-near_menu_left-padding-right":20,"header-split-elements-near_menu_left-padding-top":0,"header-split-elements-near_menu_right-padding":"0px 20px 0px 20px","header-split-elements-near_menu_right-padding-bottom":0,"header-split-elements-near_menu_right-padding-left":20,"header-split-elements-near_menu_right-padding-right":20,"header-split-elements-near_menu_right-padding-top":0,"header-split-height":"100px","header-split-is_fullwidth":"0","header-split-menu-position":"outside","header-split-show_elements":"1","header-style-floating-choose_logo":"custom","header-style-floating-logo-padding":"0px 25px 0px 0px","header-style-floating-logo-padding-bottom":0,"header-style-floating-logo-padding-left":0,"header-style-floating-logo-padding-right":25,"header-style-floating-logo-padding-top":0,"header-style-floating-logo_hd":["\/wp-content\/uploads\/sites\/16\/2019\/07\/l0002.png",1434],"header-style-floating-logo_regular":["\/wp-content\/uploads\/sites\/16\/2019\/07\/l0002-small.png",1433],"header-style-mixed-logo-padding":"0px 0px 0px 0px","header-style-mixed-logo-padding-bottom":0,"header-style-mixed-logo-padding-left":0,"header-style-mixed-logo-padding-right":0,"header-style-mixed-logo-padding-top":0,"header-style-mixed-logo_hd":["",0],"header-style-mixed-logo_regular":["",0],"header-style-mixed-top_line-floating-choose_logo":"main","header-style-mixed-top_line-floating-logo-padding":"0px 0px 0px 0px","header-style-mixed-top_line-floating-logo_hd":["",0],"header-style-mixed-top_line-floating-logo_regular":["",0],"header-style-mobile-logo-padding":"0px 0px 0px 0px","header-style-mobile-logo-padding-bottom":0,"header-style-mobile-logo-padding-left":0,"header-style-mobile-logo-padding-right":0,"header-style-mobile-logo-padding-top":0,"header-style-mobile-logo_hd":["\/wp-content\/uploads\/sites\/16\/2019\/07\/l0002.png",1434],"header-style-mobile-logo_regular":["\/wp-content\/uploads\/sites\/16\/2019\/07\/l0002-small.png",1433],"header-style-transparent-choose_logo":"main","header-style-transparent-logo-padding":"6px 0px 0px 0px","header-style-transparent-logo-padding-bottom":0,"header-style-transparent-logo-padding-left":0,"header-style-transparent-logo-padding-right":0,"header-style-transparent-logo-padding-top":6,"header-style-transparent-logo_hd":["",0],"header-style-transparent-logo_regular":["",0],"header-style-transparent-mobile-logo-padding":"0px 0px 0px 0px","header-style-transparent-mobile-logo_hd":["",0],"header-style-transparent-mobile-logo_regular":["",0],"header-top_line-elements":[],"header-top_line-elements-below_menu-padding":"0px 0px 0px 0px","header-top_line-elements-in_top_line-custom-icon-color":"","header-top_line-elements-in_top_line-custom-icon-size":16,"header-top_line-elements-in_top_line-font_color":"#888888","header-top_line-elements-in_top_line-font_family":"Arial","header-top_line-elements-in_top_line-font_size":14,"header-top_line-elements-in_top_line-typography":{"font_family":"Arial","font_size":"14"},"header-top_line-elements-near_menu-custom-icon-color":"","header-top_line-elements-near_menu-custom-icon-size":16,"header-top_line-elements-near_menu-font_color":"#888888","header-top_line-elements-near_menu-typography":{"font_family":"Arial","font_size":"14"},"header-top_line-elements-top_line-padding":"0px 0px 0px 0px","header-top_line-elements-top_line_right-padding":"0px 0px 0px 0px","header-top_line-show_elements":"0","header-transparent-mobile-first_switch-logo":"desktop","header-transparent-mobile-second_switch-logo":"desktop","header-transparent_bg_color":"rgba(255,255,255,1)","header-transparent_bg_opacity":100,"header_navigation":"slide_out","image_hover-album_miniatures_style":"style_2","image_hover-color":"rgba(0,0,0,0.37)","image_hover-color_gradient":"135deg|rgba(0,0,0,0.37) 30%|rgba(48,48,48,0.37) 100%","image_hover-color_mode":"color","image_hover-default_icon":"small_corner","image_hover-onclick_animation":"1","image_hover-opacity":37,"image_hover-project_icons_style":"small","image_hover-project_rollover_color":"rgba(0,0,0,0.73)","image_hover-project_rollover_color_gradient":"135deg|rgba(106,229,230,0.73) 30%|rgba(17,144,201,0.73) 100%","image_hover-project_rollover_color_mode":"color","image_hover-project_rollover_opacity":73,"image_hover-style":"scale","input_bg_color":"#ffffff","input_bg_opacity":100,"input_border_color":"rgba(34,34,34,0.12)","input_border_opacity":50,"input_border_radius":"0px","input_border_width":"1px 1px 1px 1px","input_color":"#777777","input_height":"36px","layout-menu_icon-position":"menu_icon_right","layout-menu_icon-show_floating_logo":"1","layout-side_line-position":"above","layout-side_line-v_position":"left","layout-top_line-height":"130px","layout-top_line-is_fullwidth":"0","layout-top_line-is_sticky":"0","layout-top_line-logo-position":"left","menu-mobile-microwidgets-custom-icon-color":"","menu-mobile-microwidgets-custom-icon-size":16,"menu-mobile-microwidgets-font-color":"#222222","menu-mobile-microwidgets-typography":{"font_family":"Roboto Condensed:700","font_size":"16"},"message_bg_color":"","message_color":"#ffffff","microwidgets-search-active-width":"200px","microwidgets-search-height":"34px","microwidgets-search-typography":{"font_family":"Roboto","font_size":"14"},"microwidgets-search-width":"200px","microwidgets-search_bg-border-color":"#e2e2e2","microwidgets-search_bg-color":"#f4f4f4","microwidgets-search_bg_border_radius":"0px","microwidgets-search_bg_border_width":"0px","microwidgets-search_custom-icon":"the7-mw-icon-search-bold","microwidgets-search_font-color":"#aaaaaa","microwidgets-search_icon":"custom","microwidgets-search_icon-size":16,"microwidgets-search_input-padding":"12px 12px","microwidgets-search_overlay-bg":"color","microwidgets-search_overlay-bg-color":"rgba(0,0,0,0.9)","microwidgets-search_overlay-bg-gradient":"135deg|#ffffff 30%|#000000 100%","microwidgets-search_popup-bg-color":"rgba(255,255,255,1)","microwidgets-search_style":"popup","modules-albums-status":"enabled","modules-benefits-status":"enabled","modules-logos-status":"enabled","modules-portfolio-status":"enabled","modules-slideshow-status":"enabled","modules-team-status":"enabled","modules-testimonials-status":"enabled","page_title-background-style-transparent-color_scheme":"from_options","page_title-padding":"0px 3px","page_title-padding-bottom":"3px","page_title-padding-top":"0px","post-show_fancy_categories":false,"post-show_fancy_date":false,"sidebar-bg_color":"#f4f4f4","sidebar-bg_image":{"image":"","repeat":"repeat","position_x":"center","position_y":"center"},"sidebar-bg_opacity":100,"sidebar-decoration":"none","sidebar-decoration_outline_color":"rgba(0,0,0,0.06)","sidebar-decoration_outline_opacity":6,"sidebar-distance_to_content":"50px","sidebar-divider-horizontal":"0","sidebar-divider-vertical":"0","sidebar-floating":false,"sidebar-headers_color":"#222222","sidebar-primary_text_color":"#777777","sidebar-responsiveness":"970px","sidebar-vertical_distance":"20px","sidebar-visual_style":"with_widgets_bg","sidebar-width":"350px","social_buttons-page":[],"social_buttons-page-button_title":"Share this page","social_buttons-photo":[],"social_buttons-photo-button_title":"Share this image","social_buttons-portfolio_post":[],"social_buttons-portfolio_post-button_title":"Share this post","social_buttons-post":[],"social_buttons-post-button_title":"Share this post","social_buttons-visibility":"on_hover","stripes-stripe_1_bg_image":{"image":"","repeat":"repeat","position_x":"center","position_y":"center"},"stripes-stripe_1_color":"#f6f7fa","stripes-stripe_1_content_boxes_bg_color":"#ffffff","stripes-stripe_1_content_boxes_bg_opacity":100,"stripes-stripe_1_content_boxes_decoration":"none","stripes-stripe_1_content_boxes_decoration_outline_color":"#dd3333","stripes-stripe_1_content_boxes_decoration_outline_opacity":100,"stripes-stripe_1_headers_color":"#202b40","stripes-stripe_1_outline":"hide","stripes-stripe_1_outline_color":"#44bb70","stripes-stripe_1_outline_opacity":94,"stripes-stripe_1_text_color":"#767a81","stripes-stripe_2_bg_image":{"image":"","repeat":"repeat","position_x":"center","position_y":"center"},"stripes-stripe_2_color":"#121927","stripes-stripe_2_content_boxes_bg_color":"#ffffff","stripes-stripe_2_content_boxes_bg_opacity":8,"stripes-stripe_2_content_boxes_decoration":"none","stripes-stripe_2_content_boxes_decoration_outline_color":"#ffffff","stripes-stripe_2_content_boxes_decoration_outline_opacity":12,"stripes-stripe_2_headers_color":"#f6f7fa","stripes-stripe_2_outline":"hide","stripes-stripe_2_outline_color":"#c1edaf","stripes-stripe_2_outline_opacity":100,"stripes-stripe_2_text_color":"#979da8","stripes-stripe_3_bg_image":{"image":"","repeat":"repeat","position_x":"center","position_y":"center"},"stripes-stripe_3_color":"#fc373a","stripes-stripe_3_content_boxes_bg_color":"#ffffff","stripes-stripe_3_content_boxes_bg_opacity":20,"stripes-stripe_3_content_boxes_decoration":"shadow","stripes-stripe_3_content_boxes_decoration_outline_color":"#ffffff","stripes-stripe_3_content_boxes_decoration_outline_opacity":16,"stripes-stripe_3_headers_color":"#ffffff","stripes-stripe_3_outline":"hide","stripes-stripe_3_outline_color":"#FFFFFF","stripes-stripe_3_outline_opacity":100,"stripes-stripe_3_text_color":"#ffffff","top-bar-height":"0px","top-bar-transparent_bg_color":"rgba(0,0,0,0.5)","top_bar-bg-color":"#3f312d","top_bar-bg-image":{"image":"","repeat":"repeat","position_x":"center","position_y":"center"},"top_bar-bg-opacity":100,"top_bar-bg-style":"disabled","top_bar-custom-icon-color":"#896b69","top_bar-custom-icon-size":16,"top_bar-font-color":"#ffffff","top_bar-line-color":"#ffffff","top_bar-line-in-transparent-header":false,"top_bar-line_size":"1px","top_bar-line_style":"solid","top_bar-padding":"8px 8px 0px","top_bar-paddings-bottom":0,"top_bar-paddings-horizontal":0,"top_bar-paddings-top":0,"top_bar-typography":{"font_family":"Roboto","font_size":"15","text_transform":"none"},"widgetareas":{"1":{"sidebar_name":"Default Sidebar","sidebar_desc":"Sidebar primary widget area"},"2":{"sidebar_name":"Default Footer","sidebar_desc":"Footer primary widget area"}}},"wp_settings":{"show_on_front":"page","page_on_front":"2","page_for_posts":"0"},"widgets_settings":{"widget_archives":{"2":{"title":"","count":0,"dropdown":0},"_multiwidget":1},"widget_meta":{"2":{"title":""},"_multiwidget":1},"widget_search":{"2":{"title":""},"_multiwidget":1},"widget_categories":{"2":{"title":"","count":0,"hierarchical":0,"dropdown":0},"_multiwidget":1},"widget_recent-posts":{"2":{"title":"","number":5},"_multiwidget":1},"widget_recent-comments":{"2":{"title":"","number":5},"_multiwidget":1},"sidebars_widgets":{"wp_inactive_widgets":["9022"],"sidebar_1":["search-2","recent-posts-2","recent-comments-2","archives-2","categories-2","meta-2"],"sidebar_2":null,"array_version":3}},"nav_menu_locations":{"primary":2,"split_left":0,"split_right":0,"mobile":2,"top":0,"bottom":0},"ultimate_selected_google_fonts":[{"font_family":"Roboto+Condensed","font_name":"Roboto Condensed","variants":[{"variant_value":"300","variant_selected":"false"},{"variant_value":"300italic","variant_selected":"false"},{"variant_value":"italic","variant_selected":"false"},{"variant_value":"700","variant_selected":"true"},{"variant_value":"700italic","variant_selected":"false"}],"subsets":[{"subset_value":"greek","subset_selected":"false"},{"subset_value":"vietnamese","subset_selected":"false"},{"subset_value":"latin-ext","subset_selected":"false"},{"subset_value":"greek-ext","subset_selected":"false"},{"subset_value":"latin","subset_selected":"false"},{"subset_value":"cyrillic","subset_selected":"false"},{"subset_value":"cyrillic-ext","subset_selected":"false"}]},{"font_family":"Roboto","font_name":"Roboto","variants":[{"variant_value":"100","variant_selected":"false"},{"variant_value":"100italic","variant_selected":"false"},{"variant_value":"300","variant_selected":"false"},{"variant_value":"300italic","variant_selected":"false"},{"variant_value":"italic","variant_selected":"true"},{"variant_value":"500","variant_selected":"false"},{"variant_value":"500italic","variant_selected":"false"},{"variant_value":"700","variant_selected":"true"},{"variant_value":"700italic","variant_selected":"true"},{"variant_value":"900","variant_selected":"false"},{"variant_value":"900italic","variant_selected":"false"}],"subsets":[{"subset_value":"greek","subset_selected":"false"},{"subset_value":"vietnamese","subset_selected":"false"},{"subset_value":"latin-ext","subset_selected":"false"},{"subset_value":"greek-ext","subset_selected":"false"},{"subset_value":"latin","subset_selected":"false"},{"subset_value":"cyrillic","subset_selected":"false"},{"subset_value":"cyrillic-ext","subset_selected":"false"}]}],"ultimate_icon_fonts":{"icomoon-elegent-line-icons-32x32":{"include":"smile_fonts\/icomoon-elegent-line-icons-32x32","folder":"smile_fonts\/icomoon-elegent-line-icons-32x32","style":"icomoon-elegent-line-icons-32x32\/icomoon-elegent-line-icons-32x32.css","config":"charmap.php"},"icomoon-free-social-contact-16x16":{"include":"smile_fonts\/icomoon-free-social-contact-16x16","folder":"smile_fonts\/icomoon-free-social-contact-16x16","style":"icomoon-free-social-contact-16x16\/icomoon-free-social-contact-16x16.css","config":"charmap.php"}},"revolution_sliders":["the7-dance-video-hero-image"],"vc_settings":{"use_custom":"1","vc_color":"#f31a9e","vc_color_hover":"#F0F0F0","vc_color_call_to_action_bg":"","vc_color_google_maps_bg":"","vc_color_post_slider_caption_bg":"","vc_color_progress_bar_bg":"#f31a9e","vc_color_separator_border":"","vc_color_tab_bg":"","vc_color_tab_bg_active":"","margin":"0px","gutter":"60","responsive_max":"778"}}