{"schema":{"folders":{"ultimate_icon_fonts":"Ultimate_VC_Addons\/icon-fonts"}},"theme_options":{"blog-fancy_date-style":"circle","blog-thumbnail_proportions":{"width":3,"height":2},"blog-thumbnail_size":"original","bottom_bar-bg_color":"rgba(255,255,255,1)","bottom_bar-bg_image":{"image":"","repeat":"repeat","position_x":"center","position_y":"top"},"bottom_bar-bg_opacity":100,"bottom_bar-color":"#aaaaaa","bottom_bar-copyrights":"\u00a9 2016 The7 Digital Artist All Rights Reserved","bottom_bar-credits":"1","bottom_bar-enabled":"1","bottom_bar-logo-padding":"0px 0px 0px 0px","bottom_bar-logo-padding-bottom":0,"bottom_bar-logo-padding-left":0,"bottom_bar-logo-padding-right":0,"bottom_bar-logo-padding-top":0,"bottom_bar-logo_hd":["",0],"bottom_bar-logo_regular":["",0],"bottom_bar-style":"solid_background","bottom_bar-text":"","breadcrumbs_border_radius":0,"breadcrumbs_margin":"0px 0px 0px 0px","breadcrumbs_padding":"0px 0px 0px 0px","buttons-color":"#000000","buttons-color_gradient":"135deg|#13aa4a 30%|#84df31 100%","buttons-color_mode":"accent","buttons-hover_color":"#000000","buttons-hover_color_gradient":"135deg|#1cd9ea 30%|#0ca2e0 100%","buttons-hover_color_mode":"accent","buttons-l_border_radius":0,"buttons-l_line_height":54,"buttons-l_padding":"16px 24px 16px 24px","buttons-m_border_radius":0,"buttons-m_line_height":42,"buttons-m_padding":"12px 18px 12px 18px","buttons-s_border_radius":0,"buttons-s_line_height":30,"buttons-s_padding":"8px 14px 8px 14px","buttons-style":"flat","buttons-text_color":"#ffffff","buttons-text_color_mode":"color","buttons-text_hover_color":"#ffffff","buttons-text_hover_color_mode":"color","content-headers_color":"#000000","content-primary_text_color":"#000000","fonts-big_size":18,"fonts-big_size_line_height":32,"fonts-font_family":"Hind","fonts-normal_size":16,"fonts-normal_size_line_height":30,"fonts-small_size":16,"fonts-small_size_line_height":30,"footer-bg_color":"rgba(255,255,255,1)","footer-bg_image":{"image":"","repeat":"repeat","position_x":"center","position_y":"top"},"footer-bg_opacity":100,"footer-collapse_after":2000,"footer-decoration":"none","footer-decoration_outline_color":"rgba(129,215,66,0.96)","footer-decoration_outline_opacity":96,"footer-headers_color":"#000000","footer-layout":"1\/3+1\/3+1\/3","footer-padding":"60px 20px","footer-padding-bottom":20,"footer-padding-top":60,"footer-paddings-columns":30,"footer-primary_text_color":"#000000","footer-slide-out-mode":"0","footer-style":"solid_background","general-accent_bg_color":"#ff6369","general-accent_bg_color_gradient":"135deg|#0ca2e0 30%|#27dde8 100%","general-accent_color_mode":"color","general-album_meta_author":false,"general-album_meta_categories":"1","general-album_meta_comments":false,"general-album_meta_date":"1","general-album_meta_on":"1","general-beautiful_loading":"enabled","general-bg_color":"rgba(255,255,255,1)","general-bg_fixed":false,"general-bg_fullscreen":false,"general-bg_image":{"image":"","repeat":"repeat","position_x":"center","position_y":"top"},"general-bg_opacity":100,"general-blog_meta_author":"1","general-blog_meta_categories":"1","general-blog_meta_comments":"1","general-blog_meta_date":"1","general-blog_meta_on":"1","general-blog_meta_tags":"1","general-border_radius":0,"general-box_width":"1520px","general-boxed_bg_color":"#f4f4f4","general-boxed_bg_fixed":false,"general-boxed_bg_fullscreen":false,"general-boxed_bg_image":{"image":"","repeat":"no-repeat","position_x":"center","position_y":"center"},"general-breadcrumbs_bg_color":"disabled","general-breadcrumbs_color":"#000000","general-contact_form_style":"ios","general-content_boxes_bg_color":"rgba(244,244,244,1)","general-content_boxes_bg_opacity":100,"general-content_boxes_decoration":"none","general-content_boxes_decoration_outline_color":"rgba(0,0,0,0)","general-content_boxes_decoration_outline_opacity":0,"general-content_width":"1520px","general-custom_css":"\/*Custom mobile paddings*\/\r\n@media screen and (max-width: 768px) {\r\n    .vc_row.custom-mobile-paddings {\r\n        padding: 30px 20px 0px 20px !important;\r\n    }\r\n}","general-custom_loader":"","general-favicon":"\/wp-content\/uploads\/sites\/28\/2016\/08\/the7-new-fav1.gif","general-favicon_hd":"\/wp-content\/uploads\/sites\/28\/2016\/08\/the7-new-fav-hd1.gif","general-filter-margin":"0px 0px 0px 0px","general-filter-margin-bottom":0,"general-filter-margin-left":0,"general-filter-margin-right":0,"general-filter-margin-top":0,"general-filter-padding":"0px 15px 0px 15px","general-filter-padding-bottom":0,"general-filter-padding-left":15,"general-filter-padding-right":15,"general-filter-padding-top":0,"general-filter_style":"ios","general-filter_style-material-line_size":2,"general-filter_style-minimal-border_radius":100,"general-fullscreen_overlay_color":"rgba(255,255,255,1)","general-fullscreen_overlay_color_mode":"color","general-fullscreen_overlay_gradient":"135deg|#2edded 30%|#0084bb 100%","general-fullscreen_overlay_opacity":100,"general-handheld_icon-old_ipad":"","general-handheld_icon-old_iphone":"","general-handheld_icon-retina_ipad":"","general-handheld_icon-retina_iphone":"","general-images_lazy_loading":"1","general-layout":"boxed","general-loader_style":"square_jelly_box","general-mobile_side_content_paddings":30,"general-navigation_margin":50,"general-next_prev_in_album":"1","general-next_prev_in_blog":"1","general-next_prev_in_portfolio":"0","general-page_content_bottom_margin":0,"general-page_content_margin":"0px 0px","general-page_content_top_margin":0,"general-portfolio_meta_author":false,"general-portfolio_meta_categories":false,"general-portfolio_meta_comments":false,"general-portfolio_meta_date":false,"general-portfolio_meta_on":"1","general-rel_posts_head_title":"Related posts","general-rel_posts_max":6,"general-rel_projects_details":false,"general-rel_projects_excerpt":false,"general-rel_projects_fullwidth_height":210,"general-rel_projects_fullwidth_width":210,"general-rel_projects_fullwidth_width_style":"prop","general-rel_projects_head_title":"Related projects","general-rel_projects_height":180,"general-rel_projects_info_author":false,"general-rel_projects_info_categories":"1","general-rel_projects_info_comments":false,"general-rel_projects_info_date":false,"general-rel_projects_link":false,"general-rel_projects_max":12,"general-rel_projects_title":"1","general-rel_projects_width":180,"general-rel_projects_width_style":"prop","general-rel_projects_zoom":false,"general-responsive":"1","general-responsiveness-treshold":970,"general-show_author_in_blog":"1","general-show_back_button_in_album":"1","general-show_back_button_in_post":"0","general-show_back_button_in_project":"0","general-show_breadcrumbs":"0","general-show_rel_posts":"1","general-show_rel_projects":"0","general-show_titles":"1","general-side_content_paddings":60,"general-slideshow_bullets_style":"accent","general-smooth_scroll":"off","general-spinner_color":"rgba(252,101,108,1)","general-spinner_opacity":100,"general-switch_content_paddings":768,"general-template_content_vertical_margins":0,"general-title_align":"center","general-title_bg_color":"rgba(242,243,243,1)","general-title_bg_fixed":false,"general-title_bg_fullscreen":false,"general-title_bg_gradient":"135deg|#4a66d6 30%|#12b4ea 100%","general-title_bg_image":{"image":"","repeat":"repeat","position_x":"center","position_y":"center"},"general-title_bg_mode":"disabled","general-title_bg_opacity":100,"general-title_bg_overlay":false,"general-title_bg_parallax":"0","general-title_color":"#000000","general-title_decoration":"none","general-title_decoration_line_color":"","general-title_decoration_line_opacity":null,"general-title_decoration_outline_color":"rgba(30,115,190,0)","general-title_decoration_outline_opacity":0,"general-title_enable_bg_img":"disabled","general-title_height":200,"general-title_responsive_breadcrumbs":false,"general-title_scroll_effect":"default","header-background":"normal","header-bg-color":"rgba(2,2,2,1)","header-bg-image":{"image":"","repeat":"repeat","position_x":"center","position_y":"center"},"header-bg-is_fixed":false,"header-bg-is_fullscreen":false,"header-bg-opacity":100,"header-classic-elements":{"top_bar_left":["custom_menu"],"top_bar_right":["search"],"near_menu_right":["social_icons"],"near_logo_right":["phone","email"]},"header-classic-elements-near_logo-font_color":"#888888","header-classic-elements-near_logo_left-padding":"0px 0px 0px 0px","header-classic-elements-near_logo_left-padding-bottom":0,"header-classic-elements-near_logo_left-padding-left":0,"header-classic-elements-near_logo_left-padding-right":0,"header-classic-elements-near_logo_left-padding-top":0,"header-classic-elements-near_logo_right-padding":"0px 0px 0px 0px","header-classic-elements-near_logo_right-padding-bottom":0,"header-classic-elements-near_logo_right-padding-left":0,"header-classic-elements-near_logo_right-padding-right":0,"header-classic-elements-near_logo_right-padding-top":0,"header-classic-elements-near_menu-font_color":"#888888","header-classic-elements-near_menu_right-padding":"0px 0px 0px 40px","header-classic-elements-near_menu_right-padding-bottom":0,"header-classic-elements-near_menu_right-padding-left":40,"header-classic-elements-near_menu_right-padding-right":0,"header-classic-elements-near_menu_right-padding-top":0,"header-classic-height":180,"header-classic-is_fullwidth":"0","header-classic-logo-position":"left","header-classic-menu-bg-color":"rgba(0,0,0,1)","header-classic-menu-bg-opacity":100,"header-classic-menu-bg-style":"solid","header-classic-menu-margin":"0px 0px","header-classic-menu-margin-bottom":0,"header-classic-menu-margin-top":0,"header-classic-menu-position":"left","header-classic-show_elements":"1","header-decoration":"disabled","header-decoration-color":"rgba(221,51,51,1)","header-decoration-opacity":100,"header-elements-contact-address-caption":"8500 Beverly Boulevard Los Angeles, CA 90048","header-elements-contact-address-first-header-switch":"near_logo","header-elements-contact-address-icon":"custom","header-elements-contact-address-on-desktops":"show","header-elements-contact-address-second-header-switch":"in_menu","header-elements-contact-clock-caption":"Monday \u2013 Friday 10 AM \u2013 8 PM","header-elements-contact-clock-first-header-switch":"near_logo","header-elements-contact-clock-icon":"custom","header-elements-contact-clock-on-desktops":"show","header-elements-contact-clock-second-header-switch":"in_menu","header-elements-contact-email-caption":"hello@the7digitalartist.com","header-elements-contact-email-first-header-switch":"in_menu","header-elements-contact-email-icon":"custom","header-elements-contact-email-on-desktops":"show","header-elements-contact-email-second-header-switch":"in_menu","header-elements-contact-phone-caption":"+001 234 56 789","header-elements-contact-phone-first-header-switch":"in_menu","header-elements-contact-phone-icon":"custom","header-elements-contact-phone-on-desktops":"show","header-elements-contact-phone-second-header-switch":"in_menu","header-elements-contact-skype-caption":"SevenDigitalArtist","header-elements-contact-skype-first-header-switch":"in_menu","header-elements-contact-skype-icon":"custom","header-elements-contact-skype-on-desktops":"show","header-elements-contact-skype-second-header-switch":"in_menu","header-elements-login-caption":"Login","header-elements-login-first-header-switch":"near_logo","header-elements-login-icon":"custom","header-elements-login-logout_url":"","header-elements-login-on-desktops":"show","header-elements-login-second-header-switch":"in_menu","header-elements-login-url":"http:\/\/themeforest.net","header-elements-login-use_logout_url":false,"header-elements-logout-caption":"Logout","header-elements-menu-first-header-switch":"near_logo","header-elements-menu-on-desktops":"show","header-elements-menu-second-header-switch":"hidden","header-elements-menu-style":"dropdown","header-elements-menu-style-first-switch":"dropdown","header-elements-menu-style-second-switch":"dropdown","header-elements-menu2-first-header-switch":"near_logo","header-elements-menu2-on-desktops":"show","header-elements-menu2-second-header-switch":"in_menu","header-elements-menu2-style":"dropdown","header-elements-menu2-style-first-switch":"dropdown","header-elements-menu2-style-second-switch":"dropdown","header-elements-near_logo-font_color":"#ffffff","header-elements-near_logo-font_family":"Hind:600","header-elements-near_logo-font_size":16,"header-elements-near_menu-font_color":"#ffffff","header-elements-near_menu-font_family":"Hind","header-elements-near_menu-font_size":16,"header-elements-search-caption":"","header-elements-search-first-header-switch":"near_logo","header-elements-search-icon":"custom","header-elements-search-on-desktops":"show","header-elements-search-second-header-switch":"near_logo","header-elements-soc_icons":{"1":{"icon":"facebook","url":"https:\/\/www.facebook.com\/WordPress.Premium.Theme\/"},"2":{"icon":"twitter","url":"https:\/\/twitter.com\/premium_theme"},"5":{"icon":"pinterest","url":"https:\/\/www.pinterest.com\/dreamtheme\/"},"6":{"icon":"instagram","url":"https:\/\/www.instagram.com\/dream_theme_photo\/"}},"header-elements-soc_icons-bg":"color","header-elements-soc_icons-bg-color":"rgba(237,238,238,1)","header-elements-soc_icons-bg-gradient":"135deg|#ffffff 30%|#000000 100%","header-elements-soc_icons-bg-hover-opacity":100,"header-elements-soc_icons-bg-opacity":100,"header-elements-soc_icons-bg-size":26,"header-elements-soc_icons-border":"disabled","header-elements-soc_icons-border-color":"#ffffff","header-elements-soc_icons-color":"#a9abac","header-elements-soc_icons-first-header-switch":"near_logo","header-elements-soc_icons-hover-bg":"accent","header-elements-soc_icons-hover-bg-color":"rgba(21,191,230,1)","header-elements-soc_icons-hover-bg-gradient":"135deg|#ffffff 30%|#000000 100%","header-elements-soc_icons-hover-border":"disabled","header-elements-soc_icons-hover-border-color":"#ffffff","header-elements-soc_icons-hover-color":"#ffffff","header-elements-soc_icons-on-desktops":"show","header-elements-soc_icons-second-header-switch":"hidden","header-elements-soc_icons-size":16,"header-elements-soc_icons_border_radius":100,"header-elements-soc_icons_border_width":1,"header-elements-soc_icons_gap":4,"header-elements-text":"Some call to action text goes here!","header-elements-text-2":"Some call to action text goes here!","header-elements-text-2-first-header-switch":"near_logo","header-elements-text-2-on-desktops":"show","header-elements-text-2-second-header-switch":"in_menu","header-elements-text-3":"Some call to action text goes here!","header-elements-text-3-first-header-switch":"near_logo","header-elements-text-3-on-desktops":"show","header-elements-text-3-second-header-switch":"in_menu","header-elements-text-first-header-switch":"near_logo","header-elements-text-on-desktops":"show","header-elements-text-second-header-switch":"in_menu","header-floating_navigation-bg-color":"rgba(0,0,0,1)","header-floating_navigation-bg-opacity":100,"header-floating_navigation-decoration":"disabled","header-floating_navigation-decoration-color":"rgba(221,51,51,1)","header-floating_navigation-decoration-opacity":100,"header-floating_navigation-height":60,"header-floating_navigation-show_after":140,"header-floating_navigation-style":"fade","header-inline-elements":{"top_bar_left":["phone","email","working_hours"],"top_bar_right":["social_icons"],"near_menu_right":["search"]},"header-inline-elements-near_menu-font_color":"#888888","header-inline-elements-near_menu_right-padding":"0px 0px 0px 27px","header-inline-elements-near_menu_right-padding-bottom":0,"header-inline-elements-near_menu_right-padding-left":27,"header-inline-elements-near_menu_right-padding-right":0,"header-inline-elements-near_menu_right-padding-top":0,"header-inline-height":100,"header-inline-is_fullwidth":"0","header-inline-menu-position":"justify","header-inline-show_elements":"1","header-layout":"menu_icon","header-logo-padding":"0px 0px 40px 0px","header-logo-padding-bottom":0,"header-logo-padding-left":0,"header-logo-padding-right":0,"header-logo-padding-top":0,"header-logo_hd":["\/wp-content\/uploads\/sites\/28\/2016\/07\/logo-overl-header-hd.gif",548],"header-logo_regular":["\/wp-content\/uploads\/sites\/28\/2016\/07\/logo-overl-header.gif",549],"header-menu-active_item-font-color":"#ffffff","header-menu-active_item-font-color-style":"accent","header-menu-active_item-font-gradient":"90deg|#ffffff 30%|#000000 100%","header-menu-decoration-other-active-color":"rgba(255,255,255,0.15)","header-menu-decoration-other-active-color-style":"accent","header-menu-decoration-other-active-gradient":"135deg|rgba(255,255,255,0.15) 30%|rgba(0,0,0,0.15) 100%","header-menu-decoration-other-active-line":"0","header-menu-decoration-other-active-line-color":"rgba(130,36,227,0.3)","header-menu-decoration-other-active-line-color-style":"color","header-menu-decoration-other-active-line-gradient":"135deg|rgba(221,51,51,0.3) 30%|rgba(129,215,66,0.3) 100%","header-menu-decoration-other-active-line-opacity":30,"header-menu-decoration-other-active-opacity":15,"header-menu-decoration-other-active-style":"background","header-menu-decoration-other-border-radius":3,"header-menu-decoration-other-click_decor":"1","header-menu-decoration-other-click_decor-color":"rgba(255,255,255,0.2)","header-menu-decoration-other-click_decor-color-style":"accent","header-menu-decoration-other-click_decor-gradient":"135deg|rgba(255,255,255,0.2) 30%|rgba(0,0,0,0.2) 100%","header-menu-decoration-other-click_decor-opacity":20,"header-menu-decoration-other-hover-color":"rgba(255,255,255,0.15)","header-menu-decoration-other-hover-color-style":"accent","header-menu-decoration-other-hover-gradient":"135deg|rgba(255,255,255,0.15) 30%|rgba(0,0,0,0.15) 100%","header-menu-decoration-other-hover-line":"0","header-menu-decoration-other-hover-line-color":"rgba(221,51,51,0.23)","header-menu-decoration-other-hover-line-color-style":"gradient","header-menu-decoration-other-hover-line-gradient":"135deg|rgba(255,255,255,0.23) 30%|rgba(0,0,0,0.23) 100%","header-menu-decoration-other-hover-line-opacity":23,"header-menu-decoration-other-hover-style":"background","header-menu-decoration-other-line_size":"2","header-menu-decoration-other-links-is_justified":"1","header-menu-decoration-other-opacity":15,"header-menu-decoration-style":"underline","header-menu-decoration-underline-color":"#ffffff","header-menu-decoration-underline-color-style":"accent","header-menu-decoration-underline-direction":"upwards","header-menu-decoration-underline-gradient":"135deg|#ffffff 30%|#000000 100%","header-menu-decoration-underline-line_size":"2","header-menu-dividers-color":"rgba(130,36,227,1)","header-menu-dividers-height":20,"header-menu-dividers-height-style":"custom","header-menu-dividers-opacity":100,"header-menu-dividers-surround":"0","header-menu-font-color":"#ffffff","header-menu-hover-font-color":"#ffffff","header-menu-hover-font-color-style":"accent","header-menu-hover-font-gradient":"90deg|#8224e3 30%|#751257 100%","header-menu-icon-size":30,"header-menu-item-margin":"20px 0px 20px 0px","header-menu-item-margin-bottom":20,"header-menu-item-margin-left":30,"header-menu-item-margin-right":0,"header-menu-item-margin-top":20,"header-menu-item-padding":"0px 0px 0px 0px","header-menu-item-padding-bottom":0,"header-menu-item-padding-left":0,"header-menu-item-padding-right":0,"header-menu-item-padding-top":0,"header-menu-item-surround_margins-custom-margin":30,"header-menu-item-surround_margins-style":"disabled","header-menu-show_dividers":"0","header-menu-show_next_lvl_icons":false,"header-menu-submenu-active-font-color":"#ffffff","header-menu-submenu-active-font-color-style":"accent","header-menu-submenu-active-font-gradient":"90deg|#ffffff 30%|#000000 100%","header-menu-submenu-bg-color":"rgba(255,255,255,1)","header-menu-submenu-bg-hover":"animated_background","header-menu-submenu-bg-opacity":100,"header-menu-submenu-bg-width":260,"header-menu-submenu-font-color":"#262b2e","header-menu-submenu-hover-font-color":"#895cb8","header-menu-submenu-hover-font-color-style":"accent","header-menu-submenu-hover-font-gradient":"90deg|#81d742 30%|#eeee22 100%","header-menu-submenu-icon-size":14,"header-menu-submenu-item-margin":"0px 0px 0px 0px","header-menu-submenu-item-margin-bottom":0,"header-menu-submenu-item-margin-left":0,"header-menu-submenu-item-margin-right":0,"header-menu-submenu-item-margin-top":0,"header-menu-submenu-item-padding":"8px 10px 8px 10px","header-menu-submenu-item-padding-bottom":8,"header-menu-submenu-item-padding-left":10,"header-menu-submenu-item-padding-right":10,"header-menu-submenu-item-padding-top":8,"header-menu-submenu-parent_is_clickable":"1","header-menu-submenu-show_next_lvl_icons":"1","header-menu_close_icon-margin":"30px 30px 30px 30px","header-menu_icon-bg-border-radius":0,"header-menu_icon-bg-color":"rgba(0,0,0,1)","header-menu_icon-bg-opacity":100,"header-menu_icon-bg-size":54,"header-menu_icon-color":"#ffffff","header-menu_icon-elements":{"below_menu":["phone","skype","email"]},"header-menu_icon-elements-below_menu-padding":"35px 0px 0px 0px","header-menu_icon-elements-near_menu-font_color":"#ffffff","header-menu_icon-hover-bg-color":"rgba(255,255,255,0.1)","header-menu_icon-hover-bg-opacity":10,"header-menu_icon-hover-color":"#ffffff","header-menu_icon-margin":"30px 30px 0px 0px","header-menu_icon-margin-bottom":0,"header-menu_icon-margin-left":0,"header-menu_icon-margin-right":30,"header-menu_icon-margin-top":30,"header-menu_icon-show_elements":"1","header-menu_icon-size":"small","header-mixed-bg-color":"rgba(0,0,0,1)","header-mixed-bg-opacity":100,"header-mixed-decoration":"disabled","header-mixed-decoration-color":"rgba(221,153,51,1)","header-mixed-decoration-opacity":100,"header-mobile-first_switch-after":768,"header-mobile-first_switch-height":60,"header-mobile-first_switch-layout":"right_left","header-mobile-first_switch-logo":"mobile","header-mobile-floating_navigation":"sticky","header-mobile-header-bg-color":"rgba(2,2,2,1)","header-mobile-menu-align":"right","header-mobile-menu-bg-color":"rgba(0,0,0,1)","header-mobile-menu-bg-opacity":100,"header-mobile-menu-bg-width":400,"header-mobile-menu-font-color":"#ffffff","header-mobile-menu-font-hover-color":"#3c3e45","header-mobile-menu-font-hover-color-style":"accent","header-mobile-menu-font-hover-gradient":"135deg|#b78ce2 30%|#1e73be 100%","header-mobile-menu_icon-bg-border-radius":0,"header-mobile-menu_icon-bg-color":"rgba(2,2,2,0)","header-mobile-menu_icon-bg-enable":"1","header-mobile-menu_icon-bg-size":24,"header-mobile-menu_icon-color":"#ffffff","header-mobile-menu_icon-size":"small","header-mobile-microwidgets-font-color":"#ffffff","header-mobile-overlay-bg-color":"rgba(17,17,17,0.5)","header-mobile-second_switch-after":0,"header-mobile-second_switch-height":60,"header-mobile-second_switch-layout":"right_left","header-mobile-second_switch-logo":"mobile","header-overlay-content-padding":"60px 0px 60px 0px","header-overlay-content-padding-bottom":60,"header-overlay-content-padding-left":0,"header-overlay-content-padding-right":0,"header-overlay-content-padding-top":60,"header-overlay-content-position":"center","header-overlay-content-width":"500px","header-overlay-elements":{"below_menu":["phone","skype","email"]},"header-overlay-elements-below_menu-padding":"0px 0px 0px 0px","header-overlay-elements-below_menu-padding-bottom":0,"header-overlay-elements-below_menu-padding-left":0,"header-overlay-elements-below_menu-padding-right":0,"header-overlay-elements-below_menu-padding-top":0,"header-overlay-elements-top_line-padding":"0px 60px 0px 60px","header-overlay-elements-top_line-padding-bottom":0,"header-overlay-elements-top_line-padding-left":60,"header-overlay-elements-top_line-padding-right":60,"header-overlay-elements-top_line-padding-top":0,"header-overlay-icons_style":"bold","header-overlay-layout":"menu_icon","header-overlay-layout-menu_icon-show_floating_logo":"1","header-overlay-layout-side_line-width":60,"header-overlay-layout-top_line-height":130,"header-overlay-layout-top_line-is_fullwidth":"0","header-overlay-layout-top_line-logo-position":"left","header-overlay-logo-position":"inside","header-overlay-menu-items_alignment":"center","header-overlay-menu-items_link":"fullwidth","header-overlay-menu-padding":"40px 35px","header-overlay-menu-padding-bottom":35,"header-overlay-menu-padding-top":40,"header-overlay-menu-position":"v_center","header-overlay-show_elements":"1","header-show_floating_navigation":"1","header-side-content-padding":"50px 0px 40px 0px","header-side-content-padding-bottom":40,"header-side-content-padding-left":0,"header-side-content-padding-right":0,"header-side-content-padding-top":50,"header-side-content-position":"center","header-side-content-width":"300px","header-side-elements":{"below_menu":["social_icons","email","skype"]},"header-side-elements-below_menu-padding":"0px 35px 0px 35px","header-side-elements-below_menu-padding-bottom":0,"header-side-elements-below_menu-padding-left":35,"header-side-elements-below_menu-padding-right":35,"header-side-elements-below_menu-padding-top":0,"header-side-elements-near_menu-font_color":"#888888","header-side-logo-position":"inside","header-side-menu-items_alignment":"center","header-side-menu-items_link":"fullwidth","header-side-menu-padding":"50px 50px","header-side-menu-padding-bottom":50,"header-side-menu-padding-top":50,"header-side-menu-position":"v_top","header-side-menu-submenu-position":"down","header-side-position":"right","header-side-show_elements":"1","header-side-width":"300px","header-side_line-elements":[],"header-side_line-elements-below_menu-padding":"0px 0px 0px 0px","header-side_line-elements-near_menu-font_color":"#888888","header-side_line-show_elements":"0","header-side_line-width":60,"header-slide_out-content-padding":"50px 0px 50px 0px","header-slide_out-content-padding-bottom":50,"header-slide_out-content-padding-left":0,"header-slide_out-content-padding-right":0,"header-slide_out-content-padding-top":50,"header-slide_out-content-position":"center","header-slide_out-content-width":"350px","header-slide_out-elements":{"side_top_line":["phone","email","skype"]},"header-slide_out-elements-below_menu-padding":"0px 0px 0px 0px","header-slide_out-elements-below_menu-padding-bottom":0,"header-slide_out-elements-below_menu-padding-left":0,"header-slide_out-elements-below_menu-padding-right":0,"header-slide_out-elements-below_menu-padding-top":0,"header-slide_out-elements-top_line-padding":"0px 40px 0px 40px","header-slide_out-elements-top_line-padding-bottom":0,"header-slide_out-elements-top_line-padding-left":40,"header-slide_out-elements-top_line-padding-right":40,"header-slide_out-elements-top_line-padding-top":0,"header-slide_out-icons_style":"bold","header-slide_out-layout":"menu_icon","header-slide_out-layout-menu_icon-show_floating_logo":"1","header-slide_out-layout-side_line-position":"under","header-slide_out-layout-side_line-width":60,"header-slide_out-layout-top_line-height":90,"header-slide_out-layout-top_line-is_fullwidth":"1","header-slide_out-layout-top_line-logo-position":"left","header-slide_out-logo-position":"fully_inside","header-slide_out-menu-items_alignment":"center","header-slide_out-menu-items_link":"fullwidth","header-slide_out-menu-padding":"40px 40px","header-slide_out-menu-padding-bottom":40,"header-slide_out-menu-padding-top":40,"header-slide_out-menu-position":"v_top","header-slide_out-overlay-animation":"fade","header-slide_out-overlay-bg-color":"rgba(0,0,0,0.5)","header-slide_out-overlay-bg-color-style":"color","header-slide_out-overlay-bg-gradient":"135deg|rgba(205,183,226,0.5) 30%|rgba(130,20,130,0.5) 100%","header-slide_out-overlay-bg-opacity":50,"header-slide_out-overlay-blur":"0","header-slide_out-overlay-x_cursor":"0","header-slide_out-overlay-x_cursor-color":"rgba(255,255,255,1)","header-slide_out-overlay-x_cursor-opacity":100,"header-slide_out-position":"left","header-slide_out-show_elements":"1","header-slide_out-width":"400px","header-split-elements":{"near_menu_left":["search"]},"header-split-elements-near_menu-font_color":"#888888","header-split-elements-near_menu_left-padding":"0px 20px 0px 20px","header-split-elements-near_menu_left-padding-bottom":0,"header-split-elements-near_menu_left-padding-left":20,"header-split-elements-near_menu_left-padding-right":20,"header-split-elements-near_menu_left-padding-top":0,"header-split-elements-near_menu_right-padding":"0px 20px 0px 20px","header-split-elements-near_menu_right-padding-bottom":0,"header-split-elements-near_menu_right-padding-left":20,"header-split-elements-near_menu_right-padding-right":20,"header-split-elements-near_menu_right-padding-top":0,"header-split-height":100,"header-split-is_fullwidth":"0","header-split-menu-position":"outside","header-split-show_elements":"1","header-style-floating-choose_logo":"custom","header-style-floating-logo-padding":"0px 0px 0px 0px","header-style-floating-logo-padding-bottom":0,"header-style-floating-logo-padding-left":0,"header-style-floating-logo-padding-right":0,"header-style-floating-logo-padding-top":0,"header-style-floating-logo_hd":["",0],"header-style-floating-logo_regular":["",0],"header-style-mixed-logo-padding":"30px 0px 0px 30px","header-style-mixed-logo-padding-bottom":0,"header-style-mixed-logo-padding-left":30,"header-style-mixed-logo-padding-right":0,"header-style-mixed-logo-padding-top":30,"header-style-mixed-logo_hd":["\/wp-content\/uploads\/sites\/28\/2016\/07\/logo-main-hd.gif",552],"header-style-mixed-logo_regular":["\/wp-content\/uploads\/sites\/28\/2016\/07\/logo-main.gif",553],"header-style-mobile-logo-padding":"0px 0px 0px 0px","header-style-mobile-logo-padding-bottom":0,"header-style-mobile-logo-padding-left":0,"header-style-mobile-logo-padding-right":0,"header-style-mobile-logo-padding-top":0,"header-style-mobile-logo_hd":["\/wp-content\/uploads\/sites\/28\/2016\/07\/logo-mob-hd.gif",550],"header-style-mobile-logo_regular":["\/wp-content\/uploads\/sites\/28\/2016\/07\/logo-mob.gif",551],"header-style-transparent-logo-padding":"0px 0px 0px 0px","header-style-transparent-logo-padding-bottom":0,"header-style-transparent-logo-padding-left":0,"header-style-transparent-logo-padding-right":0,"header-style-transparent-logo-padding-top":0,"header-style-transparent-logo_hd":["",0],"header-style-transparent-logo_regular":["",0],"header-style-transparent-mobile-logo-padding":"0px 0px 0px 0px","header-style-transparent-mobile-logo_regular":["\/wp-content\/uploads\/sites\/28\/2016\/07\/logo-mob.gif",551],"header-top_line-elements":[],"header-top_line-elements-below_menu-padding":"0px 0px 0px 0px","header-top_line-elements-in_top_line-font_color":"#888888","header-top_line-elements-in_top_line-font_family":"Arial","header-top_line-elements-in_top_line-font_size":14,"header-top_line-elements-near_menu-font_color":"#888888","header-top_line-elements-top_line-padding":"0px 0px 0px 0px","header-top_line-elements-top_line_right-padding":"0px 0px 0px 0px","header-top_line-show_elements":"0","header-transparent-mobile-first_switch-logo":"mobile","header-transparent-mobile-second_switch-logo":"mobile","header-transparent_bg_color":"rgba(238,238,34,1)","header-transparent_bg_opacity":100,"header_navigation":"overlay","image_hover-album_miniatures_style":"style_2","image_hover-color":"rgba(12,162,224,0.7)","image_hover-color_gradient":"135deg|rgba(46,221,237,0.7) 30%|rgba(0,132,187,0.7) 100%","image_hover-color_mode":"accent","image_hover-default_icon":"small_corner","image_hover-onclick_animation":false,"image_hover-opacity":70,"image_hover-project_icons_style":"accent","image_hover-project_rollover_color":"rgba(0,0,0,0.9)","image_hover-project_rollover_color_gradient":"135deg|rgba(46,221,237,0.9) 30%|rgba(0,132,187,0.9) 100%","image_hover-project_rollover_color_mode":"accent","image_hover-project_rollover_opacity":90,"image_hover-style":"none","layout-menu_icon-position":"menu_icon_right","layout-menu_icon-show_floating_logo":"1","layout-side_line-position":"above","layout-side_line-v_position":"left","layout-top_line-height":130,"layout-top_line-is_fullwidth":"0","layout-top_line-is_sticky":"0","layout-top_line-logo-position":"left","modules-albums-status":"enabled","modules-benefits-status":"enabled","modules-logos-status":"enabled","modules-portfolio-status":"enabled","modules-slideshow-status":"enabled","modules-team-status":"enabled","modules-testimonials-status":"enabled","page_title-background-style-transparent-color_scheme":"light","page_title-padding":"50px 0px","page_title-padding-bottom":"0px","page_title-padding-top":"50px","post-show_fancy_categories":"1","post-show_fancy_date":"1","sidebar-bg_color":"rgba(221,224,228,0.29)","sidebar-bg_image":{"image":"","repeat":"repeat","position_x":"center","position_y":"center"},"sidebar-bg_opacity":29,"sidebar-decoration":"none","sidebar-decoration_outline_color":"rgba(0,0,0,0.06)","sidebar-decoration_outline_opacity":6,"sidebar-distance_to_content":50,"sidebar-divider-horizontal":"1","sidebar-divider-vertical":"1","sidebar-headers_color":"#000000","sidebar-primary_text_color":"#000000","sidebar-responsiveness":970,"sidebar-vertical_distance":90,"sidebar-visual_style":"with_dividers","sidebar-width":"33%","social_buttons-page":[],"social_buttons-page-button_title":"Share this page","social_buttons-photo":[],"social_buttons-photo-button_title":"Share this image","social_buttons-portfolio_post":[],"social_buttons-portfolio_post-button_title":"Share this post","social_buttons-post":[],"social_buttons-post-button_title":"Share this post","social_buttons-visibility":"allways","stripes-stripe_1_bg_image":{"image":"","repeat":"repeat","position_x":"center","position_y":"center"},"stripes-stripe_1_color":"#000000","stripes-stripe_1_content_boxes_bg_color":"#ffffff","stripes-stripe_1_content_boxes_bg_opacity":10,"stripes-stripe_1_content_boxes_decoration":"none","stripes-stripe_1_content_boxes_decoration_outline_color":"#dd3333","stripes-stripe_1_content_boxes_decoration_outline_opacity":100,"stripes-stripe_1_headers_color":"#ffffff","stripes-stripe_1_outline":"hide","stripes-stripe_1_outline_color":"#44bb70","stripes-stripe_1_outline_opacity":100,"stripes-stripe_1_text_color":"#ffffff","stripes-stripe_2_bg_image":{"image":"","repeat":"repeat","position_x":"center","position_y":"center"},"stripes-stripe_2_color":"#000000","stripes-stripe_2_content_boxes_bg_color":"#ffffff","stripes-stripe_2_content_boxes_bg_opacity":10,"stripes-stripe_2_content_boxes_decoration":"none","stripes-stripe_2_content_boxes_decoration_outline_color":"#ffffff","stripes-stripe_2_content_boxes_decoration_outline_opacity":15,"stripes-stripe_2_headers_color":"#ffffff","stripes-stripe_2_outline":"hide","stripes-stripe_2_outline_color":"#ffffff","stripes-stripe_2_outline_opacity":15,"stripes-stripe_2_text_color":"#ffffff","stripes-stripe_3_bg_image":{"image":"","repeat":"repeat","position_x":"center","position_y":"center"},"stripes-stripe_3_color":"#000000","stripes-stripe_3_content_boxes_bg_color":"#FFFFFF","stripes-stripe_3_content_boxes_bg_opacity":10,"stripes-stripe_3_content_boxes_decoration":"shadow","stripes-stripe_3_content_boxes_decoration_outline_color":"#ffffff","stripes-stripe_3_content_boxes_decoration_outline_opacity":15,"stripes-stripe_3_headers_color":"#ffffff","stripes-stripe_3_outline":"hide","stripes-stripe_3_outline_color":"#252728","stripes-stripe_3_outline_opacity":100,"stripes-stripe_3_text_color":"#ffffff","top-bar-height":0,"top_bar-bg-color":"rgba(2,2,2,0)","top_bar-bg-image":{"image":"","repeat":"repeat","position_x":"center","position_y":"center"},"top_bar-bg-opacity":32,"top_bar-bg-style":"content_line","top_bar-font-color":"#b3b5b6","top_bar-line-color":"rgba(179,181,182,0.32)","top_bar-line-in-transparent-header":false,"top_bar-line_size":"1","top_bar-line_style":"solid","top_bar-padding":"3px 4px 0px","top_bar-paddings-bottom":4,"top_bar-paddings-horizontal":0,"top_bar-paddings-top":3,"widgetareas":{"1":{"sidebar_name":"Default Sidebar","sidebar_desc":"Sidebar primary widget area"},"2":{"sidebar_name":"Default Footer","sidebar_desc":"Footer primary widget area"}},"content-links_color":"#ff6369","header-menu-submenu-hover-bg-opacity":7,"header-menu-submenu-active-bg-opacity":7,"header-menu-submenu-hover-bg-color":"rgba(137,92,184,0.07)","header-menu-submenu-active-bg-color":"rgba(137,92,184,0.07)","header-menu-submenu-hover-bg-color-style":"accent","header-menu-submenu-active-bg-color-style":"accent","header-menu-submenu-hover-bg-gradient":"90deg|#81d742 30%|#eeee22 100%","header-menu-submenu-active-bg-gradient":"90deg|#81d742 30%|#eeee22 100%","header-elements-search_custom-icon":"the7-mw-icon-search-bold","header-elements-login-custom-icon":"the7-mw-icon-login-bold","header-elements-contact-phone-custom-icon":"the7-mw-icon-phone-bold","header-elements-contact-address-custom-icon":"the7-mw-icon-address-bold","header-elements-contact-skype-custom-icon":"the7-mw-icon-skype-bold","header-elements-contact-email-custom-icon":"the7-mw-icon-mail-bold","header-elements-contact-clock-custom-icon":"the7-mw-icon-clock-bold","microwidgets-search_custom-icon":"the7-mw-icon-search-bold","menu-mobile-microwidgets-font-color":"#ffffff","general-post_back_button_url":"","general-project_back_button_url":"","general-album_back_button_url":"","fonts-h1-typography":{"font_family":"Raleway:700","font_size":44,"line_height":54,"text_transform":"uppercase"},"fonts-h2-typography":{"font_family":"Raleway:700","font_size":36,"line_height":56,"text_transform":"none"},"fonts-h3-typography":{"font_family":"Hind:700","font_size":30,"line_height":40,"text_transform":"none"},"fonts-h4-typography":{"font_family":"Hind:600","font_size":24,"line_height":36,"text_transform":"none"},"fonts-h5-typography":{"font_family":"Hind:600","font_size":18,"line_height":32,"text_transform":"none"},"fonts-h6-typography":{"font_family":"Hind:600","font_size":16,"line_height":30,"text_transform":"none"},"general-page-title-typography":{"font_family":"Raleway:700","font_size":44,"line_height":54,"text_transform":"uppercase"},"filter-typography":{"font_family":"Hind:700","font_size":18,"text_transform":"none"},"breadcrumbs-typography":{"font_family":"Hind","font_size":16,"line_height":30,"text_transform":"none"},"top_bar-typography":{"font_family":"Open Sans","font_size":13,"text_transform":"none"},"header-mobile-microwidgets-typography":{"font_family":"Hind","font_size":16},"menu-mobile-microwidgets-typography":{"font_family":"Hind:600","font_size":15},"header-menu-typography":{"font_family":"Raleway:700","font_size":30,"text_transform":"uppercase"},"header-menu-subtitle-typography":{"font_family":"Arial:400italic","font_size":16},"header-menu-submenu-typography":{"font_family":"Open Sans:600","font_size":13,"text_transform":"none"},"header-menu-submenu-subtitle-typography":{"font_family":"Arial:400italic","font_size":10},"header-mobile-menu-typography":{"font_family":"Raleway:700","font_size":20,"text_transform":"uppercase"},"header-mobile-submenu-typography":{"font_family":"Hind:600","font_size":15,"text_transform":"none"},"header-classic-elements-near_menu-typography":{"font_family":"Arial","font_size":14},"header-classic-elements-near_logo-typography":{"font_family":"Arial","font_size":14},"header-inline-elements-near_menu-typography":{"font_family":"Arial","font_size":14},"header-split-elements-near_menu-typography":{"font_family":"Arial","font_size":14},"header-side-elements-near_menu-typography":{"font_family":"Arial","font_size":14},"header-top_line-elements-near_menu-typography":{"font_family":"Arial","font_size":14},"header-side_line-elements-near_menu-typography":{"font_family":"Arial","font_size":14},"header-menu_icon-elements-near_menu-typography":{"font_family":"Hind","font_size":16},"buttons-s-typography":{"font_family":"Raleway:600","font_size":12,"text_transform":"none"},"buttons-m-typography":{"font_family":"Raleway:700","font_size":14,"text_transform":"none"},"buttons-l-typography":{"font_family":"Raleway:700","font_size":18,"text_transform":"none"},"header-elements-woocommerce_cart-sub_cart-bg-width":260,"header-elements-edd_cart-sub_cart-bg-width":260,"header-elements-woocommerce_cart-sub_cart-bg-color":"rgba(255,255,255,1)","header-elements-edd_cart-sub_cart-bg-color":"rgba(255,255,255,1)","header-elements-woocommerce_cart-sub_cart-font-color":"#262b2e","header-elements-edd_cart-sub_cart-font-color":"#262b2e","header-mega-menu-title-font-color":"#262b2e","header-mega-menu-desc-font-color":"#262b2e","header-mega-menu-widget-font-color":"#262b2e","header-mega-menu-widget-title-color":"#262b2e","header-mega-menu-title-active_item-font-color-style":"accent","header-mega-menu-title-hover-font-color-style":"accent","header-mega-menu-widget-accent-color":"","header-mega-menu-title-icon-size":18,"header-mega-menu-title-typography":{"font_family":"Hind:600","font_size":18,"text_transform":"none"},"header-mega-menu-desc-typography":{"font_family":"Hind","font_size":16},"header-style-mixed-top_line-floating-logo-padding":"30px 0px 0px 30px"},"wp_settings":{"show_on_front":"page","page_on_front":"2","page_for_posts":"0"},"widgets_settings":{"widget_archives":{"2":{"title":"","count":0,"dropdown":0},"_multiwidget":1},"widget_meta":{"2":{"title":""},"_multiwidget":1},"widget_search":{"2":{"title":""},"_multiwidget":1},"widget_categories":{"2":{"title":"","count":0,"hierarchical":0,"dropdown":0},"_multiwidget":1},"widget_recent-posts":{"2":{"title":"","number":5},"_multiwidget":1},"widget_recent-comments":{"2":{"title":"","number":5},"_multiwidget":1},"sidebars_widgets":{"wp_inactive_widgets":["9022"],"sidebar_1":["search-2","recent-posts-2","recent-comments-2","archives-2","categories-2","meta-2"],"sidebar_2":null,"array_version":3}},"nav_menu_locations":{"primary":8},"ultimate_selected_google_fonts":[{"font_family":"Raleway","font_name":"Raleway","variants":[{"variant_value":"100","variant_selected":"false"},{"variant_value":"100italic","variant_selected":"false"},{"variant_value":"200","variant_selected":"true"},{"variant_value":"200italic","variant_selected":"false"},{"variant_value":"300","variant_selected":"false"},{"variant_value":"300italic","variant_selected":"false"},{"variant_value":"italic","variant_selected":"false"},{"variant_value":"500","variant_selected":"false"},{"variant_value":"500italic","variant_selected":"false"},{"variant_value":"600","variant_selected":"true"},{"variant_value":"600italic","variant_selected":"false"},{"variant_value":"700","variant_selected":"true"},{"variant_value":"700italic","variant_selected":"false"},{"variant_value":"800","variant_selected":"true"},{"variant_value":"800italic","variant_selected":"false"},{"variant_value":"900","variant_selected":"true"},{"variant_value":"900italic","variant_selected":"false"}],"subsets":[{"subset_value":"latin-ext","subset_selected":"false"},{"subset_value":"latin","subset_selected":"false"}]},{"font_family":"Hind","font_name":"Hind","variants":[{"variant_value":"300","variant_selected":"false"},{"variant_value":"500","variant_selected":"false"},{"variant_value":"600","variant_selected":"true"},{"variant_value":"700","variant_selected":"true"}],"subsets":[{"subset_value":"devanagari","subset_selected":"false"},{"subset_value":"latin-ext","subset_selected":"false"},{"subset_value":"latin","subset_selected":"false"}]}],"ultimate_icon_fonts":{"icomoon-brankic-32x32":{"include":"smile_fonts\/icomoon-brankic-32x32","folder":"smile_fonts\/icomoon-brankic-32x32","style":"icomoon-brankic-32x32\/icomoon-brankic-32x32.css","config":"charmap.php"},"icomoon-free-social-contact-16x16":{"include":"smile_fonts\/icomoon-free-social-contact-16x16","folder":"smile_fonts\/icomoon-free-social-contact-16x16","style":"icomoon-free-social-contact-16x16\/icomoon-free-social-contact-16x16.css","config":"charmap.php"}},"revolution_sliders":["the7-digital-artist-hero-image"],"vc_settings":{"use_custom":"1","vc_color":"#f7f7f7","vc_color_hover":"#F0F0F0","vc_color_call_to_action_bg":"","vc_color_google_maps_bg":"","vc_color_post_slider_caption_bg":"","vc_color_progress_bar_bg":"","vc_color_separator_border":"","vc_color_tab_bg":"","vc_color_tab_bg_active":"","margin":"0px","gutter":"60","responsive_max":"768"}}