{"schema":{"folders":{"ultimate_icon_fonts":"Ultimate_VC_Addons\/icon-fonts"}},"theme_options":{"advanced-speed_img_resize":"1","blog-fancy_date-style":"horizontal","blog-thumbnail_proportions":{"width":3,"height":2},"blog-thumbnail_size":"resize","bottom_bar-bg_color":"#000000","bottom_bar-bg_image":{"image":"","repeat":"repeat","position_x":"center","position_y":"top"},"bottom_bar-collapse_after":"990px","bottom_bar-color":"#85868c","bottom_bar-copyrights":"\u00a9 The7 Digital Agency - 2018. All rights reserved.","bottom_bar-credits":false,"bottom_bar-enabled":"1","bottom_bar-height":"60px","bottom_bar-layout":"logo_left","bottom_bar-logo-padding":"0px 20px 0px 0px","bottom_bar-logo_hd":["\/wp-content\/uploads\/sites\/46\/2018\/02\/l-f-hd.png",243],"bottom_bar-logo_regular":["\/wp-content\/uploads\/sites\/46\/2018\/02\/l-f.png",244],"bottom_bar-padding":"10px 10px","bottom_bar-style":"solid_background","bottom_bar-text":"","breadcrumbs_bg_color":"rgba(255,255,255,0.2)","breadcrumbs_border_color":"rgba(130,36,227,0.2)","breadcrumbs_border_radius":"2px","breadcrumbs_border_width":"0px","breadcrumbs_margin":"5px 0px 0px 0px","breadcrumbs_padding":"0px 0px 0px 0px","buttons-color":"#81d742","buttons-color_gradient":"135deg|#13aa4a 30%|#84df31 100%","buttons-color_mode":"accent","buttons-hover_color":"#c62129","buttons-hover_color_gradient":"135deg|#23aadd 30%|#37ce9d 100%","buttons-hover_color_mode":"color","buttons-l_border_radius":"100px","buttons-l_padding":"18px 28px 18px 28px","buttons-m_border_radius":"100px","buttons-m_padding":"11px 20px 11px 20px","buttons-s_border_radius":"100px","buttons-s_padding":"8px 15px 7px 15px","buttons-style":"flat","buttons-text_color":"#ffffff","buttons-text_color_mode":"color","buttons-text_hover_color":"#ededed","buttons-text_hover_color_mode":"color","contact_form_message":"1","content-headers_color":"#333333","content-links_color":"#dc242d","content-primary_text_color":"#85868c","content-secondary_text_color":"#b4b5bb","custom_error_messages":"The message has not been sent. Please try again.","custom_error_messages_validation":"One or more fields have an error. Please check and try again.","custom_success_messages":"Your message has been sent.","dividers-color":"rgba(170,170,170,0.25)","fonts-big_size":16,"fonts-big_size_line_height":28,"fonts-font_family":"Open Sans","fonts-normal_size":14,"fonts-normal_size_line_height":26,"fonts-small_size":12,"fonts-small_size_line_height":22,"footer-accent_text_color":"#44baa8","footer-bg_color":"#000000","footer-bg_image":{"image":"","repeat":"repeat","position_x":"center","position_y":"top"},"footer-collapse_after":"990px","footer-decoration":"none","footer-decoration_outline_color":"rgba(129,215,66,0.96)","footer-headers_color":"#ffffff","footer-layout":"1\/4+1\/4+1\/4+1\/4","footer-padding":"70px 20px","footer-paddings-columns":"25px","footer-primary_text_color":"#85868c","footer-slide-out-mode":"0","footer-style":"solid_background","general-accent_bg_color":"#dc242d","general-accent_bg_color_gradient":"135deg|#1ebbf0 30%|#39dfaa 100%","general-accent_color_mode":"color","general-album_meta_author":false,"general-album_meta_categories":"1","general-album_meta_comments":false,"general-album_meta_date":"1","general-album_meta_on":"1","general-beautiful_loading":"enabled","general-bg_color":"rgba(255,255,255,1)","general-bg_fixed":false,"general-bg_fullscreen":false,"general-bg_image":{"image":"","repeat":"repeat","position_x":"center","position_y":"top"},"general-blog_meta_author":"1","general-blog_meta_categories":false,"general-blog_meta_comments":"1","general-blog_meta_date":"1","general-blog_meta_on":"1","general-blog_meta_tags":"1","general-border_radius":"0px","general-box_width":"1400px","general-boxed_bg_color":"#000000","general-boxed_bg_fixed":"1","general-boxed_bg_fullscreen":false,"general-boxed_bg_image":{"image":"","repeat":"repeat","position_x":"left","position_y":"top"},"general-breadcrumbs_bg_color":"disabled","general-breadcrumbs_color":"#85868c","general-content_boxes_bg_color":"#f5f5f5","general-content_boxes_decoration":"none","general-content_boxes_decoration_outline_color":"rgba(0,0,0,0)","general-content_width":"1400px","general-custom_css":"\/*Phone number color in contacts on mobile devices*\/\r\n.dt-phone *,\r\n.dt-phone:hover *{\r\ncolor: inherit;\r\n}","general-custom_loader":"","general-favicon":"\/wp-content\/uploads\/sites\/46\/2018\/02\/the7-new-fav1.gif","general-favicon_hd":"\/wp-content\/uploads\/sites\/46\/2018\/02\/the7-new-fav-hd1-2.gif","general-filter-margin":"0px 15px 0px 15px","general-filter-padding":"8px 0px 7px 0px","general-filter_style":"material","general-filter_style-material-line_size":"2px","general-filter_style-minimal-border_radius":"1px","general-fullscreen_overlay_color":"rgba(0,0,0,1)","general-fullscreen_overlay_color_mode":"color","general-fullscreen_overlay_gradient":"135deg|#2edded 30%|#0084bb 100%","general-fullscreen_overlay_opacity":100,"general-handheld_icon-old_ipad":"","general-handheld_icon-old_iphone":"","general-handheld_icon-retina_ipad":"","general-handheld_icon-retina_iphone":"","general-images_lazy_loading":"1","general-layout":"wide","general-lightbox_arrow_size":"62px","general-lightbox_overlay_opacity":85,"general-loader_style":"double_circles","general-mobile_side_content_paddings":"20px","general-navigation_margin":"50px","general-next_prev_in_album":"1","general-next_prev_in_blog":"1","general-next_prev_in_portfolio":"1","general-page_content_margin":"70px 70px","general-portfolio_meta_author":"1","general-portfolio_meta_categories":"1","general-portfolio_meta_comments":"1","general-portfolio_meta_date":"1","general-portfolio_meta_on":"1","general-portfolio_thumbnail_proportions":{"width":2,"height":1},"general-portfolio_thumbnail_size":"resize","general-rel_posts_head_title":"More Posts","general-rel_posts_max":6,"general-rel_projects_details":"1","general-rel_projects_excerpt":"1","general-rel_projects_fullwidth_height":210,"general-rel_projects_fullwidth_width":210,"general-rel_projects_fullwidth_width_style":"prop","general-rel_projects_head_title":"Related Projects","general-rel_projects_height":180,"general-rel_projects_info_author":"1","general-rel_projects_info_categories":"1","general-rel_projects_info_comments":"1","general-rel_projects_info_date":"1","general-rel_projects_link":"1","general-rel_projects_max":12,"general-rel_projects_title":"1","general-rel_projects_width":180,"general-rel_projects_width_style":"prop","general-rel_projects_zoom":"1","general-responsive":"1","general-responsive_title_height":"180px","general-responsive_title_line_height":44,"general-responsive_title_size":34,"general-show_author_in_blog":"1","general-show_back_button_in_album":"1","general-show_back_button_in_post":"1","general-show_back_button_in_project":"0","general-show_breadcrumbs":"1","general-show_rel_posts":"1","general-show_rel_projects":"0","general-show_titles":"1","general-side_content_paddings":"50px","general-smooth_scroll":"off","general-spinner_color":"#dc242d","general-switch_content_paddings":"778px","general-title_align":"center","general-title_bg_color":"#000000","general-title_bg_fullscreen":false,"general-title_bg_gradient":"0deg|#4a66d6 30%|#12b4ea 100%","general-title_bg_image":{"image":"","repeat":"repeat","position_x":"center","position_y":"center"},"general-title_bg_mode":"background","general-title_bg_overlay":false,"general-title_bg_parallax":"0","general-title_color":"#ffffff","general-title_decoration":"none","general-title_decoration_line_color":"rgba(51,51,51,0.11)","general-title_decoration_line_height":"5px","general-title_decoration_line_style":"dashed","general-title_decoration_outline_color":"rgba(30,115,190,0)","general-title_decoration_outline_height":"1px","general-title_decoration_outline_style":"solid","general-title_dir_gradient":0,"general-title_enable_bg_img":"disabled","general-title_height":"100px","general-title_overlay_color":"rgba(0,0,0,0.5)","general-title_responsive_breadcrumbs":"1","general-title_scroll_effect":"default","general-titles-responsiveness-switch":"778px","general-titles_responsiveness":"1","header-background":"normal","header-bg-color":"rgba(0,0,0,0.95)","header-bg-image":{"image":"","repeat":"repeat","position_x":"center","position_y":"center"},"header-bg-is_fixed":false,"header-bg-is_fullscreen":false,"header-classic-elements":{"top_bar_left":["phone","address"],"top_bar_right":["social_icons"],"near_menu_right":["search"],"near_logo_right":["custom_menu"]},"header-classic-elements-near_logo-font_color":"#333333","header-classic-elements-near_logo_left-padding":"0px 0px 0px 0px","header-classic-elements-near_logo_right-padding":"0px 0px 0px 0px","header-classic-elements-near_menu-font_color":"#333333","header-classic-elements-near_menu_right-padding":"0px 0px 0px 40px","header-classic-height":"180px","header-classic-is_fullwidth":"0","header-classic-logo-position":"left","header-classic-menu-bg-color":"rgba(0,0,0,1)","header-classic-menu-bg-style":"solid","header-classic-menu-margin":"0px 0px","header-classic-menu-position":"left","header-classic-show_elements":"1","header-decoration":"shadow","header-decoration-color":"rgba(51,51,51,0.11)","header-elements-button-1-bg":"accent","header-elements-button-1-bg-color":"#ffffff","header-elements-button-1-bg-gradient":"135deg|#ffffff 30%|#000000 100%","header-elements-button-1-border-color":"accent","header-elements-button-1-border-color-mono":"#ffffff","header-elements-button-1-border_radius":"100px","header-elements-button-1-border_width":"1px","header-elements-button-1-choose-icon":"fas fa-rocket","header-elements-button-1-hover-bg":"color","header-elements-button-1-hover-bg-color":"#ffffff","header-elements-button-1-hover-bg-gradient":"135deg|#ffffff 30%|#000000 100%","header-elements-button-1-hover-border-color":"color","header-elements-button-1-hover-border-color-mono":"#ffffff","header-elements-button-1-hover-icon-color":"accent","header-elements-button-1-hover-icon-color-gradient":"90deg|#ffffff 30%|#000000 100%","header-elements-button-1-hover-icon-color-mono":"#ffffff","header-elements-button-1-icon":"1","header-elements-button-1-icon-color":"color","header-elements-button-1-icon-color-gradient":"90deg|#ffffff 30%|#000000 100%","header-elements-button-1-icon-color-mono":"#ffffff","header-elements-button-1-icon-position":"right","header-elements-button-1-icon-size":14,"header-elements-button-1-name":"Start a project","header-elements-button-1-padding":"11px 20px 11px 20px","header-elements-button-1-smooth-scroll":false,"header-elements-button-1-target":false,"header-elements-button-1-url":"\/digital-agency\/contact\/","header-elements-button-2-bg":"accent","header-elements-button-2-bg-color":"#ffffff","header-elements-button-2-bg-gradient":"135deg|#ffffff 30%|#000000 100%","header-elements-button-2-border-color":"accent","header-elements-button-2-border-color-mono":"#ffffff","header-elements-button-2-border_radius":"0px","header-elements-button-2-border_width":"1px","header-elements-button-2-choose-icon":"","header-elements-button-2-first-header-switch":"near_logo","header-elements-button-2-hover-bg":"accent","header-elements-button-2-hover-bg-color":"#ffffff","header-elements-button-2-hover-bg-gradient":"135deg|#ffffff 30%|#000000 100%","header-elements-button-2-hover-border-color":"accent","header-elements-button-2-hover-border-color-mono":"#ffffff","header-elements-button-2-hover-icon-color":"color","header-elements-button-2-hover-icon-color-gradient":"90deg|#ffffff 30%|#000000 100%","header-elements-button-2-hover-icon-color-mono":"#ffffff","header-elements-button-2-icon":false,"header-elements-button-2-icon-color":"color","header-elements-button-2-icon-color-gradient":"90deg|#ffffff 30%|#000000 100%","header-elements-button-2-icon-color-mono":"#ffffff","header-elements-button-2-icon-position":"right","header-elements-button-2-icon-size":14,"header-elements-button-2-name":"Button","header-elements-button-2-on-desktops":"show","header-elements-button-2-padding":"10px 20px 10px 20px","header-elements-button-2-second-header-switch":"in_menu","header-elements-button-2-smooth-scroll":false,"header-elements-button-2-target":false,"header-elements-button-2-url":"","header-elements-contact-address-caption":"8500 Beverly Boulevard Los Angeles, CA 90048","header-elements-contact-address-first-header-switch":"near_logo","header-elements-contact-address-icon":"custom","header-elements-contact-address-on-desktops":"show","header-elements-contact-address-second-header-switch":"hidden","header-elements-contact-clock-caption":"Monday \u2013 Friday 10 AM \u2013 8 PM","header-elements-contact-clock-first-header-switch":"in_menu","header-elements-contact-clock-icon":"custom","header-elements-contact-clock-on-desktops":"show","header-elements-contact-clock-second-header-switch":"in_menu","header-elements-contact-email-caption":"sales@yoursite.com","header-elements-contact-email-first-header-switch":"in_menu","header-elements-contact-email-icon":"custom","header-elements-contact-email-on-desktops":"show","header-elements-contact-email-second-header-switch":"in_menu","header-elements-contact-phone-caption":"011 322 44 56","header-elements-contact-phone-first-header-switch":"in_menu","header-elements-contact-phone-icon":"custom","header-elements-contact-phone-on-desktops":"show","header-elements-contact-phone-second-header-switch":"in_menu","header-elements-contact-skype-caption":"Your_Skype","header-elements-contact-skype-first-header-switch":"near_logo","header-elements-contact-skype-icon":"custom","header-elements-contact-skype-on-desktops":"show","header-elements-contact-skype-second-header-switch":"in_top_bar","header-elements-login-caption":"Login","header-elements-login-first-header-switch":"near_logo","header-elements-login-icon":"custom","header-elements-login-logout_url":"","header-elements-login-on-desktops":"show","header-elements-login-second-header-switch":"in_menu","header-elements-login-url":"http:\/\/themeforest.net","header-elements-login-use_logout_url":false,"header-elements-logout-caption":"Logout","header-elements-menu-first-header-switch":"near_logo","header-elements-menu-on-desktops":"show","header-elements-menu-second-header-switch":"in_menu","header-elements-menu-style":"list","header-elements-menu-style-first-switch":"list","header-elements-menu-style-second-switch":"list","header-elements-menu2-first-header-switch":"near_logo","header-elements-menu2-on-desktops":"show","header-elements-menu2-second-header-switch":"in_menu","header-elements-menu2-style":"dropdown","header-elements-menu2-style-first-switch":"dropdown","header-elements-menu2-style-second-switch":"dropdown","header-elements-near_logo-font_color":"#333333","header-elements-near_logo-font_family":"Roboto","header-elements-near_logo-font_size":16,"header-elements-near_menu-font_color":"#333333","header-elements-near_menu-font_family":"Roboto","header-elements-near_menu-font_size":14,"header-elements-search-caption":"Search","header-elements-search-first-header-switch":"near_logo","header-elements-search-icon":"custom","header-elements-search-input-caption":"Type and hit enter \u2026","header-elements-search-on-desktops":"show","header-elements-search-second-header-switch":"near_logo","header-elements-search_custom-icon":"the7-mw-icon-search-bold","header-elements-search_custom-icon-size":16,"header-elements-soc_icons":{"1":{"icon":"facebook","url":"\/"},"2":{"icon":"twitter","url":"\/"},"3":{"icon":"google","url":"\/"},"4":{"icon":"dribbble","url":"\/"}},"header-elements-soc_icons-bg":"disabled","header-elements-soc_icons-bg-color":"rgba(45,47,50,0.19)","header-elements-soc_icons-bg-gradient":"135deg|#ffffff 30%|#000000 100%","header-elements-soc_icons-bg-size":"40px","header-elements-soc_icons-border":"accent","header-elements-soc_icons-border-color":"rgba(255,255,255,1)","header-elements-soc_icons-color":"","header-elements-soc_icons-first-header-switch":"hidden","header-elements-soc_icons-hover-bg":"accent","header-elements-soc_icons-hover-bg-color":"rgba(21,191,230,1)","header-elements-soc_icons-hover-bg-gradient":"135deg|#ffffff 30%|#000000 100%","header-elements-soc_icons-hover-border":"disabled","header-elements-soc_icons-hover-border-color":"rgba(255,255,255,1)","header-elements-soc_icons-hover-color":"#ffffff","header-elements-soc_icons-on-desktops":"show","header-elements-soc_icons-second-header-switch":"hidden","header-elements-soc_icons-size":"24px","header-elements-soc_icons_border_radius":"100px","header-elements-soc_icons_border_width":"3px","header-elements-soc_icons_gap":10,"header-elements-text":"[dt_default_button link=\"\/digital-agency\/contact\/\" button_alignment=\"default\" animation=\"none\" size=\"medium\" icon=\"fas fa-rocket\" icon_align=\"right\"]Start a project[\/dt_default_button]","header-elements-text-2":"<p class=\"dt-phone\" style=\"margin-right:20px; font-size: 24px\"><i class=\"fas fa-mobile-alt\" style=\"font-size: 22px; color:#dc242d; margin-right:10px;\"><\/i>(001) 234-5678<\/p>","header-elements-text-2-first-header-switch":"near_logo","header-elements-text-2-on-desktops":"show","header-elements-text-2-second-header-switch":"in_menu","header-elements-text-3":"Some call to action text goes here!","header-elements-text-3-first-header-switch":"near_logo","header-elements-text-3-on-desktops":"show","header-elements-text-3-second-header-switch":"in_menu","header-elements-text-4":"","header-elements-text-4-first-header-switch":"near_logo","header-elements-text-4-on-desktops":"show","header-elements-text-4-second-header-switch":"in_menu","header-elements-text-5":"","header-elements-text-5-first-header-switch":"near_logo","header-elements-text-5-on-desktops":"show","header-elements-text-5-second-header-switch":"in_menu","header-elements-text-first-header-switch":"near_logo","header-elements-text-on-desktops":"show","header-elements-text-second-header-switch":"in_menu","header-elements-woocommerce_cart-caption":"","header-elements-woocommerce_cart-counter-bg":"accent","header-elements-woocommerce_cart-counter-bg-color":"#000000","header-elements-woocommerce_cart-counter-bg-gradient":["#37a0fe","#6b5ffd"],"header-elements-woocommerce_cart-counter-color":"#ffffff","header-elements-woocommerce_cart-counter-style":"round","header-elements-woocommerce_cart-first-header-switch":"near_logo","header-elements-woocommerce_cart-icon":"custom","header-elements-woocommerce_cart-on-desktops":"show","header-elements-woocommerce_cart-second-header-switch":"near_logo","header-elements-woocommerce_cart-show_counter":"allways","header-elements-woocommerce_cart-show_sub_cart":"1","header-elements-woocommerce_cart-show_subtotal":"1","header-floating_navigation-bg-color":"#000000","header-floating_navigation-decoration":"shadow","header-floating_navigation-decoration-color":"rgba(51,51,51,0.11)","header-floating_navigation-height":"60px","header-floating_navigation-show_after":"110px","header-floating_navigation-style":"fade","header-inline-elements":{"top_bar_left":["phone","address"],"top_bar_right":["social_icons"],"near_menu_right":["search"]},"header-inline-elements-near_menu-font_color":"#333333","header-inline-elements-near_menu_right-padding":"0px 0px 0px 30px","header-inline-height":"90px","header-inline-is_fullwidth":"0","header-inline-menu-position":"center","header-inline-show_elements":"1","header-layout":"top_line","header-logo-padding":"0px 0px 40px 0px","header-logo_hd":["",0],"header-logo_regular":["",0],"header-menu-active_item-font-color":"#333333","header-menu-active_item-font-color-style":"accent","header-menu-active_item-font-gradient":"90deg|#ffffff 30%|#000000 100%","header-menu-decoration-other-active-color":"rgba(255,255,255,0.15)","header-menu-decoration-other-active-color-style":"accent","header-menu-decoration-other-active-gradient":"135deg|rgba(255,255,255,0.15) 30%|rgba(0,0,0,0.15) 100%","header-menu-decoration-other-active-line":"0","header-menu-decoration-other-active-line-color":"rgba(130,36,227,0.3)","header-menu-decoration-other-active-line-color-style":"color","header-menu-decoration-other-active-line-gradient":"135deg|rgba(221,51,51,0.3) 30%|rgba(129,215,66,0.3) 100%","header-menu-decoration-other-active-line-opacity":30,"header-menu-decoration-other-active-opacity":15,"header-menu-decoration-other-active-style":"background","header-menu-decoration-other-border-radius":3,"header-menu-decoration-other-click_decor":"1","header-menu-decoration-other-click_decor-color":"rgba(255,255,255,0.2)","header-menu-decoration-other-click_decor-color-style":"accent","header-menu-decoration-other-click_decor-gradient":"135deg|rgba(255,255,255,0.2) 30%|rgba(0,0,0,0.2) 100%","header-menu-decoration-other-click_decor-opacity":20,"header-menu-decoration-other-hover-color":"rgba(255,255,255,0.15)","header-menu-decoration-other-hover-color-style":"accent","header-menu-decoration-other-hover-gradient":"135deg|rgba(255,255,255,0.15) 30%|rgba(0,0,0,0.15) 100%","header-menu-decoration-other-hover-line":"0","header-menu-decoration-other-hover-line-color":"rgba(221,51,51,0.23)","header-menu-decoration-other-hover-line-color-style":"gradient","header-menu-decoration-other-hover-line-gradient":"135deg|rgba(255,255,255,0.23) 30%|rgba(0,0,0,0.23) 100%","header-menu-decoration-other-hover-line-opacity":23,"header-menu-decoration-other-hover-style":"background","header-menu-decoration-other-line_size":"2px","header-menu-decoration-other-links-is_justified":"1","header-menu-decoration-other-opacity":15,"header-menu-decoration-style":"underline","header-menu-decoration-underline-color":"#1e73be","header-menu-decoration-underline-color-style":"accent","header-menu-decoration-underline-direction":"upwards","header-menu-decoration-underline-gradient":"135deg|#ffffff 30%|#000000 100%","header-menu-decoration-underline-line_size":"2px","header-menu-dividers-color":"rgba(255,255,255,0.15)","header-menu-dividers-height":"300px","header-menu-dividers-height-style":"custom","header-menu-dividers-surround":"0","header-menu-font-color":"#ffffff","header-menu-hover-font-color":"#85868c","header-menu-hover-font-color-style":"color","header-menu-hover-font-gradient":"90deg|#8224e3 30%|#751257 100%","header-menu-icon-size":32,"header-menu-item-margin":"0px 0px 0px 0px","header-menu-item-padding":"15px 0px 15px 0px","header-menu-item-surround_margins-custom-margin":"30px","header-menu-item-surround_margins-style":"disabled","header-menu-show_dividers":"0","header-menu-show_next_lvl_icons":false,"header-menu-submenu-active-bg-color":"rgba(137,92,184,0.07)","header-menu-submenu-active-bg-color-style":"accent","header-menu-submenu-active-bg-gradient":"90deg|#81d742 30%|#eeee22 100%","header-menu-submenu-active-bg-opacity":7,"header-menu-submenu-active-font-color":"#ffffff","header-menu-submenu-active-font-color-style":"accent","header-menu-submenu-active-font-gradient":"90deg|#ffffff 30%|#000000 100%","header-menu-submenu-bg-color":"#ffffff","header-menu-submenu-bg-hover":"background","header-menu-submenu-bg-width":280,"header-menu-submenu-font-color":"#85868c","header-menu-submenu-hover-bg-color":"rgba(137,92,184,0.07)","header-menu-submenu-hover-bg-color-style":"accent","header-menu-submenu-hover-bg-gradient":"90deg|#81d742 30%|#eeee22 100%","header-menu-submenu-hover-bg-opacity":7,"header-menu-submenu-hover-font-color":"#895cb8","header-menu-submenu-hover-font-color-style":"accent","header-menu-submenu-hover-font-gradient":"90deg|#81d742 30%|#eeee22 100%","header-menu-submenu-icon-size":16,"header-menu-submenu-item-margin":"0px 0px 0px 0px","header-menu-submenu-item-padding":"5px 0px 5px 0px","header-menu-submenu-parent_is_clickable":false,"header-menu-submenu-show_next_lvl_icons":"1","header-menu_close_icon-margin":"15px 40px 15px 40px","header-menu_icon-bg-border-radius":"0px","header-menu_icon-bg-color":"#000000","header-menu_icon-bg-size":"40px","header-menu_icon-color":"#ffffff","header-menu_icon-elements":{"below_menu":["social_icons","search","phone"]},"header-menu_icon-elements-below_menu-padding":"30px 0px 0px 0px","header-menu_icon-elements-near_menu-font_color":"#333333","header-menu_icon-hover-bg-color":"rgba(255,255,255,0)","header-menu_icon-hover-color":"#ffffff","header-menu_icon-margin":"0px 40px 0px 40px","header-menu_icon-show_elements":"1","header-menu_icon-size":"large","header-mixed-bg-color":"#000000","header-mixed-decoration":"disabled","header-mixed-decoration-color":"rgba(255,255,255,0.26)","header-mobile-first_switch-after":"778px","header-mobile-first_switch-height":"70px","header-mobile-first_switch-layout":"right_left","header-mobile-first_switch-logo":"desktop","header-mobile-floating_navigation":"sticky","header-mobile-header-bg-color":"#000000","header-mobile-menu-align":"right","header-mobile-menu-bg-color":"rgba(255,255,255,1)","header-mobile-menu-bg-width":"300px","header-mobile-menu-font-color":"#333333","header-mobile-menu-font-hover-color":"#3c3e45","header-mobile-menu-font-hover-color-style":"accent","header-mobile-menu-font-hover-gradient":"90deg|#b78ce2 30%|#1e73be 100%","header-mobile-menu_icon-bg-border-radius":"0px","header-mobile-menu_icon-bg-color":"#000000","header-mobile-menu_icon-bg-enable":"0","header-mobile-menu_icon-bg-size":"28px","header-mobile-menu_icon-color":"#ffffff","header-mobile-menu_icon-size":"medium","header-mobile-microwidgets-font-color":"#ffffff","header-mobile-overlay-bg-color":"rgba(0,0,0,0.5)","header-mobile-second_switch-after":"778px","header-mobile-second_switch-height":"50px","header-mobile-second_switch-layout":"right_left","header-mobile-second_switch-logo":"desktop","header-overlay-content-padding":"40px 40px 40px 40px","header-overlay-content-position":"center","header-overlay-content-width":"400px","header-overlay-elements":[],"header-overlay-elements-below_menu-padding":"0px 0px 0px 0px","header-overlay-elements-top_line-padding":"0px 0px 0px 0px","header-overlay-icons_style":"light","header-overlay-layout":"menu_icon","header-overlay-layout-menu_icon-show_floating_logo":"1","header-overlay-layout-side_line-width":60,"header-overlay-layout-top_line-height":130,"header-overlay-layout-top_line-is_fullwidth":"0","header-overlay-layout-top_line-logo-position":"left","header-overlay-logo-position":"fully_inside","header-overlay-menu-items_alignment":"center","header-overlay-menu-items_link":"textwidth","header-overlay-menu-padding":"0px 0px","header-overlay-menu-position":"v_center","header-overlay-show_elements":"0","header-show_floating_navigation":"1","header-side-content-padding":"40px 40px 40px 40px","header-side-content-position":"left","header-side-content-width":"220px","header-side-elements":{"below_menu":["search","phone","social_icons"]},"header-side-elements-below_menu-padding":"40px 0px 0px 0px","header-side-elements-near_menu-font_color":"#333333","header-side-logo-position":"inside","header-side-menu-items_alignment":"left","header-side-menu-items_link":"textwidth","header-side-menu-padding":"0px 0px","header-side-menu-position":"v_top","header-side-menu-submenu-position":"down","header-side-position":"right","header-side-show_elements":"1","header-side-width":"300px","header-side_line-elements":{"below_menu":["social_icons","search","phone"]},"header-side_line-elements-below_menu-padding":"30px 0px 0px 0px","header-side_line-elements-near_menu-font_color":"#333333","header-side_line-show_elements":"1","header-side_line-width":"60px","header-slide_out-content-padding":"40px 40px 40px 40px","header-slide_out-content-position":"left","header-slide_out-content-width":"220px","header-slide_out-elements":[],"header-slide_out-elements-below_menu-padding":"0px 0px 0px 0px","header-slide_out-elements-top_line-padding":"0px 0px 0px 0px","header-slide_out-icons_style":"light","header-slide_out-layout":"menu_icon","header-slide_out-layout-menu_icon-show_floating_logo":"1","header-slide_out-layout-side_line-position":"above","header-slide_out-layout-side_line-width":60,"header-slide_out-layout-top_line-height":130,"header-slide_out-layout-top_line-is_fullwidth":"0","header-slide_out-layout-top_line-logo-position":"left","header-slide_out-logo-position":"fully_inside","header-slide_out-menu-items_alignment":"left","header-slide_out-menu-items_link":"textwidth","header-slide_out-menu-padding":"0px 0px","header-slide_out-menu-position":"v_top","header-slide_out-overlay-animation":"slide","header-slide_out-overlay-bg-color":"rgba(0,0,0,0.5)","header-slide_out-overlay-bg-color-style":"color","header-slide_out-overlay-bg-gradient":"135deg|rgba(205,183,226,0.5) 30%|rgba(130,20,130,0.5) 100%","header-slide_out-overlay-bg-opacity":50,"header-slide_out-overlay-blur":"0","header-slide_out-overlay-x_cursor":"0","header-slide_out-overlay-x_cursor-color":"#000000","header-slide_out-position":"right","header-slide_out-show_elements":"0","header-slide_out-width":"300px","header-split-elements":{"top_bar_left":["phone","address"],"top_bar_right":["social_icons"],"near_menu_left":["search"]},"header-split-elements-near_menu-font_color":"#333333","header-split-elements-near_menu_left-padding":"0px 20px 0px 20px","header-split-elements-near_menu_right-padding":"0px 20px 0px 20px","header-split-height":"100px","header-split-is_fullwidth":"0","header-split-menu-position":"outside","header-split-show_elements":"1","header-style-floating-choose_logo":"custom","header-style-floating-logo-padding":"0px 43px 0px 0px","header-style-floating-logo_hd":["\/inc\/presets\/images\/full\/skin11r.header-style-floating-logo-hd.png?w=88&h=88",0],"header-style-floating-logo_regular":["\/inc\/presets\/images\/full\/skin11r.header-style-floating-logo-regular.png?w=44&h=44",0],"header-style-mixed-logo-padding":"0px 40px 0px 40px","header-style-mixed-logo_hd":["\/wp-content\/uploads\/sites\/46\/2018\/02\/7-main-hd.png",241],"header-style-mixed-logo_regular":["\/wp-content\/uploads\/sites\/46\/2018\/02\/7-main.png",242],"header-style-mobile-logo-padding":"0px 0px 0px 0px","header-style-mobile-logo_hd":["",0],"header-style-mobile-logo_regular":["",0],"header-style-transparent-choose_logo":"custom","header-style-transparent-logo-padding":"0px 0px 0px 0px","header-style-transparent-logo_hd":["\/inc\/presets\/images\/full\/skin11r.header-style-transparent-logo-hd.png?w=114&h=114",0],"header-style-transparent-logo_regular":["\/inc\/presets\/images\/full\/skin11r.header-style-transparent-logo-regular.png?w=57&h=57",0],"header-style-transparent-mobile-logo-padding":"0px 0px 0px 0px","header-style-transparent-mobile-logo_hd":["\/inc\/presets\/images\/full\/skin15r.header-style-transparent-mobile-logo-hd.png?w=88&h=88",0],"header-style-transparent-mobile-logo_regular":["\/inc\/presets\/images\/full\/skin15r.header-style-transparent-mobile-logo-regular.png?w=44&h=44",0],"header-top_line-elements":{"top_line_right":["text2_area","button"],"below_menu":["social_icons"]},"header-top_line-elements-below_menu-padding":"35px 0px 0px 0px","header-top_line-elements-in_top_line-font_color":"#ffffff","header-top_line-elements-in_top_line-font_family":"Open Sans","header-top_line-elements-in_top_line-font_size":24,"header-top_line-elements-near_menu-font_color":"#ffffff","header-top_line-elements-top_line-padding":"0px 0px 0px 0px","header-top_line-elements-top_line_right-padding":"0px 0px 0px 0px","header-top_line-show_elements":"1","header-transparent-mobile-first_switch-logo":"desktop","header-transparent-mobile-second_switch-logo":"desktop","header-transparent_bg_color":"rgba(238,238,34,1)","header_navigation":"overlay","image_hover-album_miniatures_style":"style_2","image_hover-color":"rgba(255,255,255,0.35)","image_hover-color_gradient":"135deg|rgba(217,40,50,0.35) 30%|rgba(68,186,168,0.35) 100%","image_hover-color_mode":"gradient","image_hover-default_icon":"none","image_hover-onclick_animation":false,"image_hover-opacity":35,"image_hover-project_icons_style":"outline","image_hover-project_rollover_color":"rgba(0,0,0,0.8)","image_hover-project_rollover_color_gradient":"135deg|rgba(46,221,237,0.8) 30%|rgba(0,132,187,0.8) 100%","image_hover-project_rollover_color_mode":"color","image_hover-project_rollover_opacity":80,"image_hover-style":"none","input_bg_color":"#f5f5f5","input_border_color":"rgba(0,0,0,0.02)","input_border_radius":"0px","input_border_width":"0px 0px 0px 0px","input_color":"#85868c","input_height":"40px","layout-menu_icon-position":"menu_icon_right","layout-menu_icon-show_floating_logo":"1","layout-side_line-position":"above","layout-side_line-v_position":"left","layout-top_line-height":"70px","layout-top_line-is_fullwidth":"1","layout-top_line-is_sticky":"1","layout-top_line-logo-position":"left","message_bg_color":"","message_color":"","microwidgets-search-active-width":"200px","microwidgets-search-height":"34px","microwidgets-search-width":"200px","microwidgets-search_bg-border-color":"#e2e2e2","microwidgets-search_bg-color":"#f4f4f4","microwidgets-search_bg_border_radius":"0px","microwidgets-search_bg_border_width":"0px","microwidgets-search_custom-icon":"the7-mw-icon-search-bold","microwidgets-search_font-color":"#aaaaaa","microwidgets-search_icon":"custom","microwidgets-search_icon-size":16,"microwidgets-search_input-padding":"12px 12px","microwidgets-search_overlay-bg":"color","microwidgets-search_overlay-bg-color":"rgba(0,0,0,0.9)","microwidgets-search_overlay-bg-gradient":"135deg|#ffffff 30%|#000000 100%","microwidgets-search_popup-bg-color":"rgba(255,255,255,1)","microwidgets-search_style":"popup","page_title-background-style-transparent-color_scheme":"light","page_title-padding":"40px 80px","post-show_fancy_categories":false,"post-show_fancy_date":"1","sidebar-bg_color":"rgba(170,170,170,0.1)","sidebar-bg_image":{"image":"","repeat":"repeat","position_x":"center","position_y":"center"},"sidebar-decoration":"none","sidebar-decoration_outline_color":"rgba(0,0,0,0.06)","sidebar-distance_to_content":"50px","sidebar-divider-horizontal":"1","sidebar-divider-vertical":"1","sidebar-headers_color":"#333333","sidebar-primary_text_color":"#85868c","sidebar-responsiveness":"990px","sidebar-vertical_distance":"88px","sidebar-visual_style":"with_dividers","sidebar-width":"33%","social_buttons-page":[],"social_buttons-page-button_title":"Share this page","social_buttons-photo":[],"social_buttons-photo-button_title":"Share this image","social_buttons-portfolio_post":[],"social_buttons-portfolio_post-button_title":"Share this post","social_buttons-post":["twitter","google+","pinterest","whatsapp","linkedin","facebook"],"social_buttons-post-button_title":"Share this post","social_buttons-product":[],"social_buttons-product-button_title":"Share this product","social_buttons-visibility":"allways","stripes-stripe_1_bg_image":{"image":"","repeat":"repeat","position_x":"center","position_y":"center"},"stripes-stripe_1_color":"#f8f8f9","stripes-stripe_1_content_boxes_bg_color":"#ffffff","stripes-stripe_1_content_boxes_bg_opacity":100,"stripes-stripe_1_content_boxes_decoration":"none","stripes-stripe_1_content_boxes_decoration_outline_color":"#dd3333","stripes-stripe_1_content_boxes_decoration_outline_opacity":100,"stripes-stripe_1_headers_color":"#3b3f4a","stripes-stripe_1_outline":"hide","stripes-stripe_1_outline_color":"#44bb70","stripes-stripe_1_outline_opacity":100,"stripes-stripe_1_text_color":"#787d85","stripes-stripe_2_bg_image":{"image":"","repeat":"repeat","position_x":"center","position_y":"center"},"stripes-stripe_2_color":"#23262d","stripes-stripe_2_content_boxes_bg_color":"#ffffff","stripes-stripe_2_content_boxes_bg_opacity":10,"stripes-stripe_2_content_boxes_decoration":"none","stripes-stripe_2_content_boxes_decoration_outline_color":"#ffffff","stripes-stripe_2_content_boxes_decoration_outline_opacity":15,"stripes-stripe_2_headers_color":"#ffffff","stripes-stripe_2_outline":"hide","stripes-stripe_2_outline_color":"#ffffff","stripes-stripe_2_outline_opacity":15,"stripes-stripe_2_text_color":"#8b9199","stripes-stripe_3_bg_image":{"image":"\/inc\/presets\/images\/full\/skin22.stripes-stripe-3-bg-image.jpg","repeat":"repeat","position_x":"center","position_y":"center"},"stripes-stripe_3_color":"#000000","stripes-stripe_3_content_boxes_bg_color":"#ffffff","stripes-stripe_3_content_boxes_bg_opacity":10,"stripes-stripe_3_content_boxes_decoration":"none","stripes-stripe_3_content_boxes_decoration_outline_color":"#ffffff","stripes-stripe_3_content_boxes_decoration_outline_opacity":19,"stripes-stripe_3_headers_color":"#ffffff","stripes-stripe_3_outline":"hide","stripes-stripe_3_outline_color":"#252728","stripes-stripe_3_outline_opacity":100,"stripes-stripe_3_text_color":"#ffffff","top-bar-height":"36px","top-bar-transparent_bg_color":"rgba(0,0,0,0.5)","top_bar-bg-color":"rgba(255,255,255,0)","top_bar-bg-image":{"image":"","repeat":"repeat","position_x":"center","position_y":"center"},"top_bar-bg-style":"disabled","top_bar-font-color":"#ffffff","top_bar-line-color":"rgba(255,255,255,0.12)","top_bar-line-in-transparent-header":false,"top_bar-line_size":"1px","top_bar-line_style":"solid","top_bar-padding":"5px 5px 0px","widgetareas":{"1":{"sidebar_name":"Default Sidebar","sidebar_desc":"Sidebar primary widget area"},"2":{"sidebar_name":"Default Footer","sidebar_desc":"Footer primary widget area"}},"woocommerce-product_zoom":"1","woocommerce_cart_padding":"60px 0px","woocommerce_cart_switch":990,"woocommerce_product_img_width":"50%","woocommerce_product_switch":778,"woocommerce_rel_products_max":6,"woocommerce_steps-bg_opacity":0,"woocommerce_steps_bg_color":"#ffffff","woocommerce_steps_color":"#333333","header-elements-button-1-first-header-switch":"near_logo","header-elements-button-1-on-desktops":"show","header-elements-button-1-second-header-switch":"in_menu","header-elements-login-custom-icon":"the7-mw-icon-login-bold","header-elements-contact-phone-custom-icon":"the7-mw-icon-phone-bold","header-elements-contact-address-custom-icon":"the7-mw-icon-address-bold","header-elements-contact-skype-custom-icon":"the7-mw-icon-skype-bold","header-elements-contact-email-custom-icon":"the7-mw-icon-mail-bold","header-elements-contact-clock-custom-icon":"the7-mw-icon-clock-bold","header-elements-woocommerce_cart-custom-icon":"the7-mw-icon-cart-bold","menu-mobile-microwidgets-font-color":"#333333","bottom_bar-menu-collapse_after":"990px","general-post_back_button_url":"\/digital-agency\/blog\/","general-project_back_button_url":"","general-album_back_button_url":"","fonts-h1-typography":{"font_family":"Open Sans:700","font_size":44,"line_height":54,"text_transform":"none"},"fonts-h2-typography":{"font_family":"Open Sans:700","font_size":34,"line_height":44,"text_transform":"none"},"fonts-h3-typography":{"font_family":"Open Sans:700","font_size":24,"line_height":34,"text_transform":"none"},"fonts-h4-typography":{"font_family":"Open Sans:700","font_size":20,"line_height":30,"text_transform":"none"},"fonts-h5-typography":{"font_family":"Open Sans:700","font_size":16,"line_height":26,"text_transform":"none"},"fonts-h6-typography":{"font_family":"Open Sans:700","font_size":14,"line_height":24,"text_transform":"none"},"general-page-title-typography":{"font_family":"Open Sans","font_size":54,"line_height":70,"text_transform":"none"},"filter-typography":{"font_family":"Roboto:700","font_size":13,"text_transform":"uppercase"},"breadcrumbs-typography":{"font_family":"Open Sans","font_size":12,"line_height":22,"text_transform":"none"},"top_bar-typography":{"font_family":"Open Sans:700","font_size":14,"text_transform":"none"},"header-mobile-microwidgets-typography":{"font_family":"Open Sans:700","font_size":14},"menu-mobile-microwidgets-typography":{"font_family":"Open Sans:700","font_size":14},"header-menu-typography":{"font_family":"Open Sans","font_size":34,"text_transform":"none"},"header-menu-subtitle-typography":{"font_family":"Arial:400italic","font_size":11},"header-menu-submenu-typography":{"font_family":"Open Sans","font_size":16,"text_transform":"none"},"header-menu-submenu-subtitle-typography":{"font_family":"Arial:400italic","font_size":10},"header-mobile-menu-typography":{"font_family":"Open Sans:700","font_size":18,"text_transform":"none"},"header-mobile-submenu-typography":{"font_family":"Open Sans:700","font_size":14,"text_transform":"none"},"header-classic-elements-near_menu-typography":{"font_family":"Roboto:700","font_size":13},"header-classic-elements-near_logo-typography":{"font_family":"Roboto","font_size":13},"header-inline-elements-near_menu-typography":{"font_family":"Roboto:700","font_size":14},"header-split-elements-near_menu-typography":{"font_family":"Roboto:700","font_size":13},"header-side-elements-near_menu-typography":{"font_family":"Roboto","font_size":13},"header-top_line-elements-near_menu-typography":{"font_family":"Roboto","font_size":13},"header-side_line-elements-near_menu-typography":{"font_family":"Roboto:700","font_size":14},"header-menu_icon-elements-near_menu-typography":{"font_family":"Roboto:700","font_size":14},"buttons-s-typography":{"font_family":"Open Sans:700","font_size":12,"text_transform":"none"},"buttons-m-typography":{"font_family":"Open Sans:700","font_size":14,"text_transform":"none"},"buttons-l-typography":{"font_family":"Open Sans:700","font_size":20,"text_transform":"none"},"microwidgets-search-typography":{"font_family":"Roboto","font_size":14},"header-elements-button-1-typography":{"font_family":"Open Sans:700","font_size":14},"header-elements-button-2-typography":{"font_family":"Roboto:700","font_size":14},"header-elements-woocommerce_cart-sub_cart-bg-width":280,"header-elements-edd_cart-sub_cart-bg-width":280,"header-elements-woocommerce_cart-sub_cart-bg-color":"#ffffff","header-elements-edd_cart-sub_cart-bg-color":"#ffffff","header-elements-woocommerce_cart-sub_cart-font-color":"#85868c","header-elements-edd_cart-sub_cart-font-color":"#85868c","header-mega-menu-title-font-color":"#85868c","header-mega-menu-desc-font-color":"#85868c","header-mega-menu-widget-font-color":"#85868c","header-mega-menu-widget-title-color":"#85868c","header-mega-menu-title-active_item-font-color-style":"accent","header-mega-menu-title-hover-font-color-style":"accent","header-mega-menu-widget-accent-color":"","header-mega-menu-title-icon-size":16,"header-mega-menu-title-typography":{"font_family":"Open Sans:700","font_size":16,"text_transform":"none"},"header-mega-menu-desc-typography":{"font_family":"Open Sans","font_size":12},"header-style-mixed-top_line-floating-logo-padding":"0px 40px 0px 40px"},"wp_settings":{"show_on_front":"page","page_on_front":"2","page_for_posts":"0"},"widgets_settings":{"widget_search":{"2":{"title":""},"_multiwidget":1},"widget_text":{"2":{"title":"Seven Digital Agency","text":"<a href=\"\/digital-agency\/wp-content\/uploads\/sites\/46\/2018\/02\/artfooter-agency.jpg\"><img style=\"margin: 5px 0px 5px 0px; max-width: 100%;\" src=\"\/digital-agency\/wp-content\/uploads\/sites\/46\/2018\/02\/artfooter-agency.jpg\" width=\"600\" \/><\/a>\r\nQuisque dolor odio, semper sit amet euismod nec, consectetur maximus massa. Fusce id dolor sed risus sagittis vestibulum. Donec molestie tristique maximus.","filter":true,"visual":true},"_multiwidget":1},"widget_presscore-contact-info-widget":{"2":{"title":"Contact Info","text":"","links":{"facebook":"#","twitter":"#","google":"#","dribbble":"#","you-tube":"#"},"fields":[{"title":"Phone number","content":"(001) 234-5678"},{"title":"Address","content":"121 Rock Sreet, 21 Avenue,<br>\r\nNew York, NY 92103-9000"},{"title":"Business Hours","content":"Mon-Fri: 9am-8pm<br>\r\nSat: 10am-6pm<br>\r\nSun: Closed"}]},"_multiwidget":1},"widget_presscore-blog-posts":{"2":{"title":"Recent posts","order":"DESC","orderby":"date","show":6,"select":"all","cats":[],"thumbnails":1,"round_images":1,"show_excerpts":0,"images_dimensions":{"w":70,"h":70}},"3":{"title":"Recent Posts","order":"DESC","orderby":"date","show":3,"select":"all","cats":[],"thumbnails":1,"round_images":1,"show_excerpts":0,"images_dimensions":{"w":70,"h":70}},"_multiwidget":1},"widget_presscore-progress-bars-widget":{"3":{"title":"Experience","text":"Consectetur maximus massa. Fusce id dolor sed risus sagittis vestibulum. Donec molestie tristique maximus.","fields":[{"title":"Web Design - 12 years","percent":100,"color":"","show_percent":false},{"title":"Programming - 10 years","percent":80,"color":"","show_percent":false},{"title":"Marketing - 9 years","percent":70,"color":"","show_percent":false},{"title":"Photography - 7 years","percent":50,"color":"","show_percent":false}]},"_multiwidget":1},"widget_presscore-accordion-widget":{"2":{"title":"Services","fields":[{"title":"Strategy","content":"Orci varius urna sit amet natoque penatibus et magnis dis parturient montes, nascetur ridiculus must!"},{"title":"Web Design","content":"Maecenas nulla quam, eleifend dictum est faucibus, tristique egestas tellus. Vivamus blandit, odio a porttitor!"},{"title":"Development","content":"Lorem eleifend dictum est faucibus, tristique egestas tellus. Vivamus blandit, odio a porttitor glavrida."},{"title":"Marketing","content":"Sed lacinia nisl at massa pellentesque, vitae laoreet diam viverra. Praesent quis tempor tellus. Nunc rhoncus, libero eget."}]},"_multiwidget":1},"sidebars_widgets":{"wp_inactive_widgets":["9022"],"sidebar_1":["presscore-blog-posts-2","search-2","presscore-accordion-widget-2"],"sidebar_2":["text-2","presscore-contact-info-widget-2","presscore-progress-bars-widget-3","presscore-blog-posts-3"],"array_version":3}},"nav_menu_locations":{"bottom":2,"primary":2,"mobile":2},"ultimate_selected_google_fonts":[],"ultimate_icon_fonts":{"icomoon-fontawesome-16x16":{"include":"smile_fonts\/icomoon-fontawesome-16x16","folder":"smile_fonts\/icomoon-fontawesome-16x16","style":"icomoon-fontawesome-16x16\/icomoon-fontawesome-16x16.css","config":"charmap.php"},"icomoon-p7stroke-32x32":{"include":"smile_fonts\/icomoon-p7stroke-32x32","folder":"smile_fonts\/icomoon-p7stroke-32x32","style":"icomoon-p7stroke-32x32\/icomoon-p7stroke-32x32.css","config":"charmap.php"}},"revolution_sliders":["the7-gradient-logo-hero"],"vc_settings":{"use_custom":"1","vc_color":"#f7f7f7","vc_color_hover":"#F0F0F0","vc_color_call_to_action_bg":"","vc_color_google_maps_bg":"","vc_color_post_slider_caption_bg":"","vc_color_progress_bar_bg":"","vc_color_separator_border":"","vc_color_tab_bg":"","vc_color_tab_bg_active":"","margin":"35px","gutter":"50","responsive_max":"778"}}