{"schema":{"folders":{"ultimate_icon_fonts":"Ultimate_VC_Addons\/icon-fonts"}},"theme_options":{"blog-fancy_date-style":"circle","blog-thumbnail_proportions":{"width":3,"height":2},"blog-thumbnail_size":"original","bottom_bar-bg_color":"rgba(255,255,255,0)","bottom_bar-bg_image":{"image":"","repeat":"repeat","position_x":"center","position_y":"top"},"bottom_bar-bg_opacity":0,"bottom_bar-color":"#ffffff","bottom_bar-copyrights":"Seven - your favourite store!","bottom_bar-credits":false,"bottom_bar-enabled":"1","bottom_bar-logo-padding":"10px 20px 10px 0px","bottom_bar-logo-padding-bottom":10,"bottom_bar-logo-padding-left":0,"bottom_bar-logo-padding-right":20,"bottom_bar-logo-padding-top":10,"bottom_bar-logo_hd":["\/wp-content\/uploads\/sites\/7\/2017\/04\/st-lg-b-hd.png",36254],"bottom_bar-logo_regular":["\/wp-content\/uploads\/sites\/7\/2017\/04\/st-lg-b.png",36255],"bottom_bar-style":"content_width_line","bottom_bar-text":"\u00a9 Seven Store 2015-2017. All rights reserved.\r\n","breadcrumbs_bg_color":"rgba(255,255,255,0.2)","breadcrumbs_bg_opacity":20,"breadcrumbs_border_color":"rgba(255,255,255,0.5)","breadcrumbs_border_opacity":50,"breadcrumbs_border_radius":0,"breadcrumbs_border_width":0,"breadcrumbs_margin":"0px 0px 0px 0px","breadcrumbs_margin-bottom":"0px","breadcrumbs_margin-left":"0px","breadcrumbs_margin-right":"0px","breadcrumbs_margin-top":"0px","breadcrumbs_padding":"0px 0px 0px 0px","breadcrumbs_padding-bottom":"0px","breadcrumbs_padding-left":"0px","breadcrumbs_padding-right":"0px","breadcrumbs_padding-top":"0px","buttons-color":"#81d742","buttons-color_gradient":"135deg|#13aa4a 30%|#84df31 100%","buttons-color_mode":"accent","buttons-hover_color":"#d6413b","buttons-hover_color_gradient":"135deg|#1cd9ea 30%|#0ca2e0 100%","buttons-hover_color_mode":"color","buttons-l_border_radius":0,"buttons-l_line_height":52,"buttons-l_padding":"16px 24px 16px 24px","buttons-l_padding-bottom":16,"buttons-l_padding-left":24,"buttons-l_padding-right":24,"buttons-l_padding-top":16,"buttons-m_border_radius":0,"buttons-m_line_height":40,"buttons-m_padding":"12px 18px 12px 18px","buttons-m_padding-bottom":12,"buttons-m_padding-left":18,"buttons-m_padding-right":18,"buttons-m_padding-top":12,"buttons-s_border_radius":0,"buttons-s_line_height":30,"buttons-s_padding":"8px 12px 8px 12px","buttons-s_padding-bottom":8,"buttons-s_padding-left":12,"buttons-s_padding-right":12,"buttons-s_padding-top":8,"buttons-style":"flat","buttons-text_color":"#ffffff","buttons-text_color_mode":"color","buttons-text_hover_color":"#ffffff","buttons-text_hover_color_mode":"color","content-headers_color":"#222222","content-primary_text_color":"#666666","content-secondary_text_color":"#aaaaaa","dividers-color":"rgba(204,204,204,0.5)","dividers-opacity":50,"fonts-big_size":15,"fonts-big_size_line_height":27,"fonts-font_family":"Roboto","fonts-normal_size":14,"fonts-normal_size_line_height":24,"fonts-small_size":13,"fonts-small_size_line_height":23,"footer-bg_color":"rgba(23,50,79,1)","footer-bg_image":{"image":"","repeat":"repeat","position_x":"center","position_y":"top"},"footer-bg_opacity":100,"footer-collapse_after":990,"footer-decoration":"none","footer-decoration_outline_color":"rgba(129,215,66,0.96)","footer-decoration_outline_opacity":96,"footer-headers_color":"#ffffff","footer-layout":"1\/4+1\/4+1\/4+1\/4","footer-padding":"60px 0px","footer-padding-bottom":0,"footer-padding-top":60,"footer-paddings-columns":25,"footer-primary_text_color":"#ffffff","footer-slide-out-mode":"0","footer-style":"solid_background","general-accent_bg_color":"#ef524a","general-accent_bg_color_gradient":"135deg|#0ca2e0 30%|#25dde4 100%","general-accent_color_mode":"color","general-album_meta_author":false,"general-album_meta_categories":"1","general-album_meta_comments":false,"general-album_meta_date":"1","general-album_meta_on":"1","general-beautiful_loading":"enabled","general-bg_color":"rgba(255,255,255,1)","general-bg_fixed":false,"general-bg_fullscreen":false,"general-bg_image":{"image":"","repeat":"repeat","position_x":"center","position_y":"top"},"general-bg_opacity":100,"general-blog_meta_author":false,"general-blog_meta_categories":"1","general-blog_meta_comments":"1","general-blog_meta_date":"1","general-blog_meta_on":"1","general-blog_meta_tags":"1","general-border_radius":0,"general-box_width":"1280px","general-boxed_bg_color":"#ffffff","general-boxed_bg_fixed":false,"general-boxed_bg_fullscreen":false,"general-boxed_bg_image":{"image":"","repeat":"repeat","position_x":"center","position_y":"top"},"general-breadcrumbs_bg_color":"disabled","general-breadcrumbs_color":"#666666","general-contact_form_style":"minimal","general-content_boxes_bg_color":"rgba(243,243,245,1)","general-content_boxes_bg_opacity":100,"general-content_boxes_decoration":"none","general-content_boxes_decoration_outline_color":"rgba(0,0,0,0)","general-content_boxes_decoration_outline_opacity":0,"general-content_width":"1300px","general-custom_css":".classic-header .branding .mini-widgets {\r\nmargin: 15px 0 0 0;\r\n}","general-custom_loader":"","general-favicon":"\/wp-content\/uploads\/sites\/7\/2016\/01\/the7-new-fav1.gif","general-favicon_hd":"\/wp-content\/uploads\/sites\/7\/2016\/01\/the7-new-fav-hd1.gif","general-filter-margin":"0px 5px 0px 0px","general-filter-margin-bottom":0,"general-filter-margin-left":0,"general-filter-margin-right":5,"general-filter-margin-top":0,"general-filter-padding":"7px 14px 7px 14px","general-filter-padding-bottom":7,"general-filter-padding-left":14,"general-filter-padding-right":14,"general-filter-padding-top":7,"general-filter_style":"minimal","general-filter_style-material-line_size":2,"general-filter_style-minimal-border_radius":0,"general-fullscreen_overlay_color":"rgba(255,255,255,1)","general-fullscreen_overlay_color_mode":"color","general-fullscreen_overlay_gradient":"135deg|#8224e3 30%|#dd3333 100%","general-fullscreen_overlay_opacity":100,"general-handheld_icon-old_ipad":"","general-handheld_icon-old_iphone":"","general-handheld_icon-retina_ipad":"","general-handheld_icon-retina_iphone":"","general-hd_images":"srcset_based","general-images_lazy_loading":"1","general-layout":"wide","general-loader_style":"square_jelly_box","general-mobile_side_content_paddings":20,"general-navigation_margin":50,"general-next_prev_in_album":"1","general-next_prev_in_blog":"1","general-next_prev_in_portfolio":"1","general-page_content_bottom_margin":70,"general-page_content_margin":"70px 70px","general-page_content_top_margin":70,"general-portfolio_meta_author":false,"general-portfolio_meta_categories":false,"general-portfolio_meta_comments":false,"general-portfolio_meta_date":false,"general-portfolio_meta_on":"1","general-rel_posts_head_title":"Related posts","general-rel_posts_max":6,"general-rel_projects_details":false,"general-rel_projects_excerpt":false,"general-rel_projects_fullwidth_height":210,"general-rel_projects_fullwidth_width":210,"general-rel_projects_fullwidth_width_style":"prop","general-rel_projects_head_title":"Related projects","general-rel_projects_height":180,"general-rel_projects_info_author":false,"general-rel_projects_info_categories":false,"general-rel_projects_info_comments":false,"general-rel_projects_info_date":false,"general-rel_projects_link":false,"general-rel_projects_max":12,"general-rel_projects_title":false,"general-rel_projects_width":180,"general-rel_projects_width_style":"prop","general-rel_projects_zoom":false,"general-responsive":"1","general-responsive_title_height":0,"general-responsive_title_line_height":30,"general-responsive_title_size":20,"general-responsiveness-treshold":990,"general-show_author_in_blog":"1","general-show_back_button_in_album":"1","general-show_back_button_in_post":"1","general-show_back_button_in_project":"0","general-show_breadcrumbs":"1","general-show_rel_posts":"1","general-show_rel_projects":"0","general-show_titles":"1","general-side_content_paddings":70,"general-slideshow_bullets_style":"transparent","general-smooth_scroll":"off","general-spinner_color":"rgba(239,82,74,1)","general-spinner_opacity":100,"general-switch_content_paddings":990,"general-title_align":"left","general-title_bg_color":"rgba(243,243,245,1)","general-title_bg_fixed":false,"general-title_bg_fullscreen":false,"general-title_bg_gradient":"135deg|#4a66d6 30%|#12b4ea 100%","general-title_bg_image":{"image":"","repeat":"repeat","position_x":"center","position_y":"center"},"general-title_bg_mode":"background","general-title_bg_opacity":100,"general-title_bg_overlay":false,"general-title_bg_overlay_opacity":50,"general-title_bg_parallax":"0","general-title_color":"#222222","general-title_decoration":"none","general-title_decoration_line_color":"rgba(204,204,204,0.5)","general-title_decoration_line_height":1,"general-title_decoration_line_opacity":50,"general-title_decoration_line_style":"solid","general-title_decoration_outline_color":"rgba(30,115,190,0)","general-title_decoration_outline_height":1,"general-title_decoration_outline_opacity":0,"general-title_decoration_outline_style":"solid","general-title_enable_bg_img":"disabled","general-title_height":0,"general-title_overlay_color":"rgba(0,0,0,0.5)","general-title_responsive_breadcrumbs":false,"general-title_scroll_effect":"default","general-titles-responsiveness-switch":990,"general-titles_responsiveness":"1","header-background":"normal","header-bg-color":"rgba(255,255,255,1)","header-bg-image":{"image":"","repeat":"repeat","position_x":"center","position_y":"center"},"header-bg-is_fixed":false,"header-bg-is_fullscreen":false,"header-bg-opacity":100,"header-classic-elements":{"top_bar_left":["custom_menu"],"top_bar_right":["social_icons"],"near_menu_right":["cart"],"near_logo_left":["text2_area"],"near_logo_right":["text3_area"]},"header-classic-elements-near_logo-font_color":"#222222","header-classic-elements-near_logo_left-padding":"0px 0px 5px 0px","header-classic-elements-near_logo_left-padding-bottom":5,"header-classic-elements-near_logo_left-padding-left":0,"header-classic-elements-near_logo_left-padding-right":0,"header-classic-elements-near_logo_left-padding-top":0,"header-classic-elements-near_logo_right-padding":"0px 0px 5px 0px","header-classic-elements-near_logo_right-padding-bottom":5,"header-classic-elements-near_logo_right-padding-left":0,"header-classic-elements-near_logo_right-padding-right":0,"header-classic-elements-near_logo_right-padding-top":0,"header-classic-elements-near_menu-font_color":"#ffffff","header-classic-elements-near_menu_right-padding":"0px 0px 0px 15px","header-classic-elements-near_menu_right-padding-bottom":0,"header-classic-elements-near_menu_right-padding-left":15,"header-classic-elements-near_menu_right-padding-right":0,"header-classic-elements-near_menu_right-padding-top":0,"header-classic-height":210,"header-classic-is_fullwidth":"0","header-classic-logo-position":"center","header-classic-menu-bg-color":"rgba(23,50,79,1)","header-classic-menu-bg-opacity":100,"header-classic-menu-bg-style":"solid","header-classic-menu-margin":"0px 0px","header-classic-menu-margin-bottom":0,"header-classic-menu-margin-top":0,"header-classic-menu-position":"left","header-classic-show_elements":"1","header-decoration":"shadow","header-decoration-color":"rgba(221,51,51,1)","header-decoration-opacity":100,"header-elements-contact-address-caption":"8500 Beverly Boulevard Los Angeles, CA 90048","header-elements-contact-address-first-header-switch":"near_logo","header-elements-contact-address-icon":"custom","header-elements-contact-address-on-desktops":"show","header-elements-contact-address-second-header-switch":"hidden","header-elements-contact-clock-caption":"Monday \u2013 Friday 10 AM \u2013 8 PM","header-elements-contact-clock-first-header-switch":"near_logo","header-elements-contact-clock-icon":"custom","header-elements-contact-clock-on-desktops":"show","header-elements-contact-clock-second-header-switch":"hidden","header-elements-contact-email-caption":"sales@yoursite.com","header-elements-contact-email-first-header-switch":"near_logo","header-elements-contact-email-icon":"custom","header-elements-contact-email-on-desktops":"show","header-elements-contact-email-second-header-switch":"in_menu","header-elements-contact-phone-caption":"001-234-5679","header-elements-contact-phone-first-header-switch":"in_menu","header-elements-contact-phone-icon":"custom","header-elements-contact-phone-on-desktops":"hide","header-elements-contact-phone-second-header-switch":"in_menu","header-elements-contact-skype-caption":"Your_Skype","header-elements-contact-skype-first-header-switch":"near_logo","header-elements-contact-skype-icon":"custom","header-elements-contact-skype-on-desktops":"show","header-elements-contact-skype-second-header-switch":"in_menu","header-elements-login-caption":"LOGIN","header-elements-login-first-header-switch":"near_logo","header-elements-login-icon":"custom","header-elements-login-logout_url":"","header-elements-login-on-desktops":"show","header-elements-login-second-header-switch":"in_menu","header-elements-login-url":"https:\/\/the7.io\/shop\/all-products\/my-account\/","header-elements-login-use_logout_url":false,"header-elements-logout-caption":"LOGOUT","header-elements-menu-first-header-switch":"in_menu","header-elements-menu-on-desktops":"show","header-elements-menu-second-header-switch":"in_menu","header-elements-menu-style":"list","header-elements-menu-style-first-switch":"list","header-elements-menu-style-second-switch":"list","header-elements-menu2-first-header-switch":"near_logo","header-elements-menu2-on-desktops":"show","header-elements-menu2-second-header-switch":"in_menu","header-elements-menu2-style":"dropdown","header-elements-menu2-style-first-switch":"dropdown","header-elements-menu2-style-second-switch":"dropdown","header-elements-near_logo-font_color":"#222222","header-elements-near_logo-font_family":"Roboto Condensed:700","header-elements-near_logo-font_size":16,"header-elements-near_menu-font_color":"#ffffff","header-elements-near_menu-font_family":"Roboto Condensed:700","header-elements-near_menu-font_size":14,"header-elements-search-caption":"SEARCH","header-elements-search-first-header-switch":"near_logo","header-elements-search-icon":"custom","header-elements-search-on-desktops":"show","header-elements-search-second-header-switch":"in_menu","header-elements-soc_icons":{"0":{"icon":"facebook","url":"\/"},"2":{"icon":"twitter","url":"\/"},"3":{"icon":"google","url":"\/"},"4":{"icon":"pinterest","url":"\/"}},"header-elements-soc_icons-bg":"color","header-elements-soc_icons-bg-color":"rgba(23,50,79,1)","header-elements-soc_icons-bg-gradient":"135deg|#ffffff 30%|#000000 100%","header-elements-soc_icons-bg-hover-opacity":100,"header-elements-soc_icons-bg-opacity":100,"header-elements-soc_icons-bg-size":26,"header-elements-soc_icons-border":"disabled","header-elements-soc_icons-border-color":"#ffffff","header-elements-soc_icons-color":"#ffffff","header-elements-soc_icons-first-header-switch":"in_menu","header-elements-soc_icons-hover-bg":"accent","header-elements-soc_icons-hover-bg-color":"rgba(57,57,57,1)","header-elements-soc_icons-hover-bg-gradient":"135deg|#ffffff 30%|#000000 100%","header-elements-soc_icons-hover-border":"disabled","header-elements-soc_icons-hover-border-color":"#ffffff","header-elements-soc_icons-hover-color":"#ffffff","header-elements-soc_icons-on-desktops":"show","header-elements-soc_icons-second-header-switch":"in_menu","header-elements-soc_icons-size":16,"header-elements-soc_icons_border_radius":100,"header-elements-soc_icons_border_width":1,"header-elements-soc_icons_gap":4,"header-elements-text":"<p><i class='fa fa-mobile' style='color:#c7c7c7; font-size: 36px; line-height: 36px;'><\/i><\/p>\r\n<p class='dt-phone-header' style='margin: -30px 0px 0px 27px; font-size: 26px; line-height: 26px;'>001-234-5679<\/p>","header-elements-text-2":"<p><i class='fa fa-clock-o' style='color:#cccccc; font-size: 28px; line-height: 28px;'><\/i><\/p>\r\n<p style='margin: -38px 0px 0px 40px; font-size: 16px; line-height: 20px;'>Mon - Fri: 10:00 - 19:00<\/p>\r\n<p style='margin: 5px 0px 0px 40px; font-size: 16px; line-height: 20px;'>Sat, Sun: 11:00 - 17:00<\/p>","header-elements-text-2-first-header-switch":"hidden","header-elements-text-2-on-desktops":"show","header-elements-text-2-second-header-switch":"hidden","header-elements-text-3":"<p><i class='fa fa-phone-square' style='color:#cccccc; font-size: 28px; line-height: 28px;'><\/i><\/p>\r\n<p style='margin: -38px 0px 0px 40px; font-size: 20px; line-height: 20px;'>001-234-5679<\/p>\r\n<p style='margin: 8px 0px 0px 40px; font-size: 20px; line-height: 20px;'>001-987-6543<\/p>","header-elements-text-3-first-header-switch":"hidden","header-elements-text-3-on-desktops":"show","header-elements-text-3-second-header-switch":"hidden","header-elements-text-first-header-switch":"near_logo","header-elements-text-on-desktops":"show","header-elements-text-second-header-switch":"hidden","header-elements-woocommerce_cart-caption":"","header-elements-woocommerce_cart-counter-bg":"accent","header-elements-woocommerce_cart-counter-bg-color":"#000000","header-elements-woocommerce_cart-counter-bg-gradient":"90deg|#ffffff 30%|#000000 100%","header-elements-woocommerce_cart-counter-color":"#ffffff","header-elements-woocommerce_cart-counter-style":"round","header-elements-woocommerce_cart-first-header-switch":"near_logo","header-elements-woocommerce_cart-icon":"custom","header-elements-woocommerce_cart-on-desktops":"show","header-elements-woocommerce_cart-second-header-switch":"near_logo","header-elements-woocommerce_cart-show_counter":"allways","header-elements-woocommerce_cart-show_sub_cart":"1","header-elements-woocommerce_cart-show_subtotal":"1","header-floating_navigation-bg-color":"rgba(23,50,79,1)","header-floating_navigation-bg-opacity":100,"header-floating_navigation-decoration":"shadow","header-floating_navigation-decoration-color":"rgba(221,51,51,1)","header-floating_navigation-decoration-opacity":100,"header-floating_navigation-height":60,"header-floating_navigation-show_after":240,"header-floating_navigation-style":"fade","header-inline-elements":{"top_bar_left":["phone","email"],"top_bar_right":["social_icons"],"near_menu_right":["cart","search"]},"header-inline-elements-near_menu-font_color":"#888888","header-inline-elements-near_menu_right-padding":"0px 30px 0px 30px","header-inline-elements-near_menu_right-padding-bottom":0,"header-inline-elements-near_menu_right-padding-left":30,"header-inline-elements-near_menu_right-padding-right":30,"header-inline-elements-near_menu_right-padding-top":0,"header-inline-height":100,"header-inline-is_fullwidth":"1","header-inline-menu-position":"right","header-inline-show_elements":"1","header-layout":"classic","header-logo-padding":"0px 0px 0px 0px","header-logo-padding-bottom":0,"header-logo-padding-left":0,"header-logo-padding-right":0,"header-logo-padding-top":0,"header-logo_hd":["\/wp-content\/uploads\/sites\/7\/2017\/04\/seven-store-logo-hd.png",35966],"header-logo_regular":["\/wp-content\/uploads\/sites\/7\/2017\/04\/seven-store-logo.png",35967],"header-menu-active_item-font-color":"#ffffff","header-menu-active_item-font-color-style":"color","header-menu-active_item-font-gradient":"90deg|#ffffff 30%|#000000 100%","header-menu-decoration-other-active-color":"rgba(255,255,255,1)","header-menu-decoration-other-active-color-style":"accent","header-menu-decoration-other-active-gradient":"135deg|#ffffff 30%|#000000 100%","header-menu-decoration-other-active-line":"0","header-menu-decoration-other-active-line-color":"rgba(130,36,227,0.3)","header-menu-decoration-other-active-line-color-style":"color","header-menu-decoration-other-active-line-gradient":"135deg|rgba(221,51,51,0.3) 30%|rgba(129,215,66,0.3) 100%","header-menu-decoration-other-active-line-opacity":30,"header-menu-decoration-other-active-opacity":100,"header-menu-decoration-other-active-style":"background","header-menu-decoration-other-border-radius":0,"header-menu-decoration-other-click_decor":"1","header-menu-decoration-other-click_decor-color":"rgba(255,255,255,0.2)","header-menu-decoration-other-click_decor-color-style":"color","header-menu-decoration-other-click_decor-gradient":"135deg|rgba(255,255,255,0.2) 30%|rgba(0,0,0,0.2) 100%","header-menu-decoration-other-click_decor-opacity":20,"header-menu-decoration-other-hover-color":"rgba(255,255,255,0.1)","header-menu-decoration-other-hover-color-style":"color","header-menu-decoration-other-hover-gradient":"135deg|rgba(255,255,255,0.1) 30%|rgba(0,0,0,0.1) 100%","header-menu-decoration-other-hover-line":"0","header-menu-decoration-other-hover-line-color":"rgba(221,51,51,0.23)","header-menu-decoration-other-hover-line-color-style":"gradient","header-menu-decoration-other-hover-line-gradient":"135deg|rgba(255,255,255,0.23) 30%|rgba(0,0,0,0.23) 100%","header-menu-decoration-other-hover-line-opacity":23,"header-menu-decoration-other-hover-style":"background","header-menu-decoration-other-line_size":"2","header-menu-decoration-other-links-is_justified":"1","header-menu-decoration-other-opacity":10,"header-menu-decoration-style":"other","header-menu-decoration-underline-color":"#ffffff","header-menu-decoration-underline-color-style":"accent","header-menu-decoration-underline-direction":"upwards","header-menu-decoration-underline-gradient":"135deg|#ffffff 30%|#000000 100%","header-menu-decoration-underline-line_size":"2","header-menu-dividers-color":"rgba(130,36,227,1)","header-menu-dividers-height":20,"header-menu-dividers-height-style":"custom","header-menu-dividers-opacity":100,"header-menu-dividers-surround":"1","header-menu-font-color":"#ffffff","header-menu-hover-font-color":"#ffffff","header-menu-hover-font-color-style":"accent","header-menu-hover-font-gradient":"90deg|#8224e3 30%|#751257 100%","header-menu-icon-size":14,"header-menu-item-margin":"12px 6px 12px 6px","header-menu-item-margin-bottom":12,"header-menu-item-margin-left":6,"header-menu-item-margin-right":6,"header-menu-item-margin-top":12,"header-menu-item-padding":"8px 12px 8px 12px","header-menu-item-padding-bottom":8,"header-menu-item-padding-left":12,"header-menu-item-padding-right":12,"header-menu-item-padding-top":8,"header-menu-item-surround_margins-custom-margin":30,"header-menu-item-surround_margins-style":"disabled","header-menu-show_dividers":"0","header-menu-show_next_lvl_icons":false,"header-menu-submenu-active-font-color":"#ffffff","header-menu-submenu-active-font-color-style":"accent","header-menu-submenu-active-font-gradient":"90deg|#ffffff 30%|#000000 100%","header-menu-submenu-bg-color":"rgba(48,70,95,1)","header-menu-submenu-bg-hover":"animated_background","header-menu-submenu-bg-opacity":100,"header-menu-submenu-bg-width":280,"header-menu-submenu-font-color":"#ffffff","header-menu-submenu-hover-font-color":"#895cb8","header-menu-submenu-hover-font-color-style":"accent","header-menu-submenu-hover-font-gradient":"90deg|#81d742 30%|#eeee22 100%","header-menu-submenu-icon-size":14,"header-menu-submenu-item-margin":"0px 0px 0px 0px","header-menu-submenu-item-margin-bottom":0,"header-menu-submenu-item-margin-left":0,"header-menu-submenu-item-margin-right":0,"header-menu-submenu-item-margin-top":0,"header-menu-submenu-item-padding":"9px 8px 9px 8px","header-menu-submenu-item-padding-bottom":9,"header-menu-submenu-item-padding-left":8,"header-menu-submenu-item-padding-right":8,"header-menu-submenu-item-padding-top":9,"header-menu-submenu-parent_is_clickable":false,"header-menu-submenu-show_next_lvl_icons":"1","header-menu_close_icon-margin":"30px 30px 30px 30px","header-menu_icon-bg-border-radius":0,"header-menu_icon-bg-color":"rgba(255,255,255,0.75)","header-menu_icon-bg-opacity":75,"header-menu_icon-bg-size":54,"header-menu_icon-color":"#000000","header-menu_icon-elements":[],"header-menu_icon-elements-below_menu-padding":"0px 0px 0px 0px","header-menu_icon-elements-near_menu-font_color":"#888888","header-menu_icon-hover-bg-color":"rgba(255,255,255,0.75)","header-menu_icon-hover-bg-opacity":75,"header-menu_icon-hover-color":"#000000","header-menu_icon-margin":"0px 0px 0px 0px","header-menu_icon-margin-bottom":0,"header-menu_icon-margin-left":0,"header-menu_icon-margin-right":0,"header-menu_icon-margin-top":0,"header-menu_icon-show_elements":"0","header-menu_icon-size":"small","header-mixed-bg-color":"rgba(255,255,255,1)","header-mixed-bg-opacity":100,"header-mixed-decoration":"shadow","header-mixed-decoration-color":"rgba(221,153,51,1)","header-mixed-decoration-opacity":100,"header-mobile-first_switch-after":1050,"header-mobile-first_switch-height":60,"header-mobile-first_switch-layout":"right_left","header-mobile-first_switch-logo":"mobile","header-mobile-floating_navigation":"sticky","header-mobile-header-bg-color":"rgba(255,255,255,1)","header-mobile-menu-align":"right","header-mobile-menu-bg-color":"rgba(255,255,255,1)","header-mobile-menu-bg-opacity":100,"header-mobile-menu-bg-width":340,"header-mobile-menu-font-color":"#222222","header-mobile-menu-font-hover-color":"#3c3e45","header-mobile-menu-font-hover-color-style":"accent","header-mobile-menu-font-hover-gradient":"135deg|#b78ce2 30%|#1e73be 100%","header-mobile-menu_icon-bg-border-radius":0,"header-mobile-menu_icon-bg-color":"rgba(255,255,255,0)","header-mobile-menu_icon-bg-enable":"0","header-mobile-menu_icon-bg-size":36,"header-mobile-menu_icon-color":"#222222","header-mobile-menu_icon-size":"medium","header-mobile-microwidgets-font-color":"#222222","header-mobile-overlay-bg-color":"rgba(17,17,17,0.5)","header-mobile-second_switch-after":778,"header-mobile-second_switch-height":60,"header-mobile-second_switch-layout":"right_left","header-mobile-second_switch-logo":"mobile","header-overlay-content-padding":"0px 0px 0px 0px","header-overlay-content-padding-bottom":0,"header-overlay-content-padding-left":0,"header-overlay-content-padding-right":0,"header-overlay-content-padding-top":0,"header-overlay-content-position":"center","header-overlay-content-width":"300px","header-overlay-elements":{"below_menu":["search","cart"],"side_top_line":["social_icons","text_area","phone"]},"header-overlay-elements-below_menu-padding":"0px 0px 0px 0px","header-overlay-elements-below_menu-padding-bottom":0,"header-overlay-elements-below_menu-padding-left":0,"header-overlay-elements-below_menu-padding-right":0,"header-overlay-elements-below_menu-padding-top":0,"header-overlay-elements-top_line-padding":"0px 40px 0px 40px","header-overlay-elements-top_line-padding-bottom":0,"header-overlay-elements-top_line-padding-left":40,"header-overlay-elements-top_line-padding-right":40,"header-overlay-elements-top_line-padding-top":0,"header-overlay-icons_style":"bold","header-overlay-layout":"menu_icon","header-overlay-layout-menu_icon-show_floating_logo":"1","header-overlay-layout-side_line-width":60,"header-overlay-layout-top_line-height":130,"header-overlay-layout-top_line-is_fullwidth":"0","header-overlay-layout-top_line-logo-position":"left","header-overlay-logo-position":"fully_inside","header-overlay-menu-items_alignment":"center","header-overlay-menu-items_link":"fullwidth","header-overlay-menu-padding":"40px 40px","header-overlay-menu-padding-bottom":40,"header-overlay-menu-padding-top":40,"header-overlay-menu-position":"v_center","header-overlay-show_elements":"1","header-show_floating_navigation":"1","header-side-content-padding":"50px 0px 40px 0px","header-side-content-padding-bottom":40,"header-side-content-padding-left":0,"header-side-content-padding-right":0,"header-side-content-padding-top":50,"header-side-content-position":"center","header-side-content-width":"300px","header-side-elements":{"below_menu":["social_icons","email","skype"]},"header-side-elements-below_menu-padding":"0px 35px 0px 35px","header-side-elements-below_menu-padding-bottom":0,"header-side-elements-below_menu-padding-left":35,"header-side-elements-below_menu-padding-right":35,"header-side-elements-below_menu-padding-top":0,"header-side-elements-near_menu-font_color":"#888888","header-side-logo-position":"inside","header-side-menu-items_alignment":"center","header-side-menu-items_link":"fullwidth","header-side-menu-padding":"50px 50px","header-side-menu-padding-bottom":50,"header-side-menu-padding-top":50,"header-side-menu-position":"v_top","header-side-menu-submenu-position":"down","header-side-position":"right","header-side-show_elements":"1","header-side-width":"300px","header-side_line-elements":[],"header-side_line-elements-below_menu-padding":"0px 0px 0px 0px","header-side_line-elements-near_menu-font_color":"#888888","header-side_line-show_elements":"0","header-side_line-width":60,"header-slide_out-content-padding":"50px 0px 50px 0px","header-slide_out-content-padding-bottom":50,"header-slide_out-content-padding-left":0,"header-slide_out-content-padding-right":0,"header-slide_out-content-padding-top":50,"header-slide_out-content-position":"center","header-slide_out-content-width":"350px","header-slide_out-elements":{"side_top_line":["phone","email","skype"]},"header-slide_out-elements-below_menu-padding":"0px 0px 0px 0px","header-slide_out-elements-below_menu-padding-bottom":0,"header-slide_out-elements-below_menu-padding-left":0,"header-slide_out-elements-below_menu-padding-right":0,"header-slide_out-elements-below_menu-padding-top":0,"header-slide_out-elements-top_line-padding":"0px 40px 0px 40px","header-slide_out-elements-top_line-padding-bottom":0,"header-slide_out-elements-top_line-padding-left":40,"header-slide_out-elements-top_line-padding-right":40,"header-slide_out-elements-top_line-padding-top":0,"header-slide_out-icons_style":"bold","header-slide_out-layout":"menu_icon","header-slide_out-layout-menu_icon-show_floating_logo":"1","header-slide_out-layout-side_line-position":"under","header-slide_out-layout-side_line-width":60,"header-slide_out-layout-top_line-height":90,"header-slide_out-layout-top_line-is_fullwidth":"1","header-slide_out-layout-top_line-logo-position":"left","header-slide_out-logo-position":"fully_inside","header-slide_out-menu-items_alignment":"center","header-slide_out-menu-items_link":"fullwidth","header-slide_out-menu-padding":"40px 40px","header-slide_out-menu-padding-bottom":40,"header-slide_out-menu-padding-top":40,"header-slide_out-menu-position":"v_top","header-slide_out-overlay-animation":"fade","header-slide_out-overlay-bg-color":"rgba(31,31,31,0.4)","header-slide_out-overlay-bg-color-style":"color","header-slide_out-overlay-bg-gradient":"135deg|rgba(205,183,226,0.4) 30%|rgba(130,20,130,0.4) 100%","header-slide_out-overlay-bg-opacity":40,"header-slide_out-overlay-blur":"0","header-slide_out-overlay-x_cursor":"1","header-slide_out-overlay-x_cursor-color":"rgba(255,255,255,1)","header-slide_out-overlay-x_cursor-opacity":100,"header-slide_out-position":"left","header-slide_out-show_elements":"1","header-slide_out-width":"400px","header-split-elements":{"near_menu_left":["search"],"near_menu_right":["cart"]},"header-split-elements-near_menu-font_color":"#888888","header-split-elements-near_menu_left-padding":"0px 20px 0px 20px","header-split-elements-near_menu_left-padding-bottom":0,"header-split-elements-near_menu_left-padding-left":20,"header-split-elements-near_menu_left-padding-right":20,"header-split-elements-near_menu_left-padding-top":0,"header-split-elements-near_menu_right-padding":"0px 20px 0px 20px","header-split-elements-near_menu_right-padding-bottom":0,"header-split-elements-near_menu_right-padding-left":20,"header-split-elements-near_menu_right-padding-right":20,"header-split-elements-near_menu_right-padding-top":0,"header-split-height":100,"header-split-is_fullwidth":"0","header-split-menu-position":"outside","header-split-show_elements":"1","header-style-floating-choose_logo":"custom","header-style-floating-logo-padding":"0px 0px 0px 0px","header-style-floating-logo-padding-bottom":0,"header-style-floating-logo-padding-left":0,"header-style-floating-logo-padding-right":0,"header-style-floating-logo-padding-top":0,"header-style-floating-logo_hd":["\/wp-content\/uploads\/sites\/7\/2017\/04\/seven-store-flo-hd.png",35970],"header-style-floating-logo_regular":["\/wp-content\/uploads\/sites\/7\/2017\/04\/seven-store-flo.png",35969],"header-style-mixed-logo-padding":"0px 0px 0px 0px","header-style-mixed-logo-padding-bottom":0,"header-style-mixed-logo-padding-left":0,"header-style-mixed-logo-padding-right":0,"header-style-mixed-logo-padding-top":0,"header-style-mixed-logo_hd":["",0],"header-style-mixed-logo_regular":["",0],"header-style-mobile-logo-padding":"0px 0px 0px 0px","header-style-mobile-logo-padding-bottom":0,"header-style-mobile-logo-padding-left":0,"header-style-mobile-logo-padding-right":0,"header-style-mobile-logo-padding-top":0,"header-style-mobile-logo_hd":["\/wp-content\/uploads\/sites\/7\/2017\/04\/seven-store-mob-hd.png",35971],"header-style-mobile-logo_regular":["\/wp-content\/uploads\/sites\/7\/2017\/04\/seven-store-mob.png",35972],"header-style-transparent-choose_logo":"custom","header-style-transparent-logo-padding":"15px 0px 0px 0px","header-style-transparent-logo-padding-bottom":0,"header-style-transparent-logo-padding-left":0,"header-style-transparent-logo-padding-right":0,"header-style-transparent-logo-padding-top":15,"header-style-transparent-logo_hd":["\/wp-content\/uploads\/sites\/7\/2017\/04\/seven-store-logo-hd.png",35966],"header-style-transparent-logo_regular":["\/wp-content\/uploads\/sites\/7\/2017\/04\/seven-store-logo.png",35967],"header-style-transparent-mobile-logo-padding":"0px 0px 0px 0px","header-top_line-elements":[],"header-top_line-elements-below_menu-padding":"0px 0px 0px 0px","header-top_line-elements-in_top_line-font_color":"#888888","header-top_line-elements-in_top_line-font_family":"Arial","header-top_line-elements-in_top_line-font_size":14,"header-top_line-elements-near_menu-font_color":"#888888","header-top_line-elements-top_line-padding":"0px 0px 0px 0px","header-top_line-elements-top_line_right-padding":"0px 0px 0px 0px","header-top_line-show_elements":"0","header-transparent-mobile-first_switch-logo":"desktop","header-transparent-mobile-second_switch-logo":"desktop","header-transparent_bg_color":"rgba(238,238,34,1)","header-transparent_bg_opacity":100,"header_navigation":"slide_out","image_hover-album_miniatures_style":"style_2","image_hover-color":"rgba(0,0,0,0.4)","image_hover-color_gradient":"135deg|rgba(106,229,230,0.4) 30%|rgba(17,144,201,0.4) 100%","image_hover-color_mode":"accent","image_hover-default_icon":"small_corner","image_hover-onclick_animation":"1","image_hover-opacity":40,"image_hover-project_icons_style":"outline","image_hover-project_rollover_color":"rgba(0,0,0,0.85)","image_hover-project_rollover_color_gradient":"135deg|rgba(106,229,230,0.85) 30%|rgba(17,144,201,0.85) 100%","image_hover-project_rollover_color_mode":"accent","image_hover-project_rollover_opacity":85,"image_hover-style":"none","input_bg_color":"rgba(255,255,255,1)","input_bg_opacity":100,"input_border_color":"rgba(204,204,204,0.5)","input_border_opacity":50,"input_border_radius":0,"input_color":"#666666","input_height":40,"layout-menu_icon-position":"menu_icon_right","layout-menu_icon-show_floating_logo":"1","layout-side_line-position":"above","layout-side_line-v_position":"left","layout-top_line-height":130,"layout-top_line-is_fullwidth":"0","layout-top_line-is_sticky":"0","layout-top_line-logo-position":"left","modules-albums-status":"enabled","modules-benefits-status":"enabled","modules-logos-status":"enabled","modules-portfolio-status":"enabled","modules-slideshow-status":"enabled","modules-team-status":"enabled","modules-testimonials-status":"enabled","page_title-background-style-transparent-color_scheme":"light","page_title-padding":"30px 30px","page_title-padding-bottom":"30px","page_title-padding-top":"30px","post-show_fancy_categories":"1","post-show_fancy_date":"1","sidebar-bg_color":"rgba(177,177,177,0.15)","sidebar-bg_image":{"image":"","repeat":"repeat","position_x":"center","position_y":"center"},"sidebar-bg_opacity":15,"sidebar-decoration":"none","sidebar-decoration_outline_color":"rgba(0,0,0,0.06)","sidebar-decoration_outline_opacity":6,"sidebar-distance_to_content":50,"sidebar-divider-horizontal":"0","sidebar-divider-vertical":"1","sidebar-headers_color":"#222222","sidebar-primary_text_color":"#666666","sidebar-responsiveness":990,"sidebar-vertical_distance":50,"sidebar-visual_style":"with_dividers","sidebar-width":"350px","social_buttons-page":[],"social_buttons-page-button_title":"Share this page","social_buttons-photo":[],"social_buttons-photo-button_title":"Share this image","social_buttons-portfolio_post":[],"social_buttons-portfolio_post-button_title":"Share this post","social_buttons-post":["facebook","twitter","google+","pinterest","linkedin","whatsapp"],"social_buttons-post-button_title":"Share this post","social_buttons-product":["twitter","pinterest","facebook","linkedin","google+","whatsapp"],"social_buttons-product-button_title":"Share this product","social_buttons-visibility":"allways","stripes-stripe_1_bg_image":{"image":"","repeat":"repeat","position_x":"center","position_y":"center"},"stripes-stripe_1_color":"#f3f3f3","stripes-stripe_1_content_boxes_bg_color":"#b1b1b1","stripes-stripe_1_content_boxes_bg_opacity":15,"stripes-stripe_1_content_boxes_decoration":"none","stripes-stripe_1_content_boxes_decoration_outline_color":"#dd3333","stripes-stripe_1_content_boxes_decoration_outline_opacity":100,"stripes-stripe_1_headers_color":"#333333","stripes-stripe_1_outline":"hide","stripes-stripe_1_outline_color":"#ffffff","stripes-stripe_1_outline_opacity":10,"stripes-stripe_1_text_color":"#777777","stripes-stripe_2_bg_image":{"image":"","repeat":"repeat","position_x":"center","position_y":"center"},"stripes-stripe_2_color":"#362342","stripes-stripe_2_content_boxes_bg_color":"#000000","stripes-stripe_2_content_boxes_bg_opacity":0,"stripes-stripe_2_content_boxes_decoration":"outline","stripes-stripe_2_content_boxes_decoration_outline_color":"#ffffff","stripes-stripe_2_content_boxes_decoration_outline_opacity":16,"stripes-stripe_2_headers_color":"#ffffff","stripes-stripe_2_outline":"hide","stripes-stripe_2_outline_color":"#c1edaf","stripes-stripe_2_outline_opacity":100,"stripes-stripe_2_text_color":"#ffffff","stripes-stripe_3_bg_image":{"image":"\/inc\/presets\/images\/full\/wizard01.stripes-stripe-3-bg-image.jpg","repeat":"repeat","position_x":"center","position_y":"center"},"stripes-stripe_3_color":"#141414","stripes-stripe_3_content_boxes_bg_color":"#FFFFFF","stripes-stripe_3_content_boxes_bg_opacity":15,"stripes-stripe_3_content_boxes_decoration":"none","stripes-stripe_3_content_boxes_decoration_outline_color":"#ffffff","stripes-stripe_3_content_boxes_decoration_outline_opacity":100,"stripes-stripe_3_headers_color":"#ffffff","stripes-stripe_3_outline":"hide","stripes-stripe_3_outline_color":"#FFFFFF","stripes-stripe_3_outline_opacity":8,"stripes-stripe_3_text_color":"#ffffff","top-bar-height":36,"top_bar-bg-color":"rgba(255,255,255,0)","top_bar-bg-image":{"image":"","repeat":"repeat","position_x":"center","position_y":"center"},"top_bar-bg-opacity":10,"top_bar-bg-style":"fullwidth_line","top_bar-font-color":"#222222","top_bar-line-color":"rgba(34,34,34,0.1)","top_bar-line-in-transparent-header":false,"top_bar-line_size":"1","top_bar-line_style":"solid","top_bar-padding":"5px 5px 0px","top_bar-paddings-bottom":7,"top_bar-paddings-horizontal":0,"top_bar-paddings-top":7,"wc_view_mode":"view_mode","widgetareas":{"1":{"sidebar_name":"Default Sidebar","sidebar_desc":"Sidebar primary widget area"},"2":{"sidebar_name":"Default Footer","sidebar_desc":"Footer primary widget area"},"3":{"sidebar_name":"blog","sidebar_desc":""}},"woocommerce_add_to_cart_position":"on_image","woocommerce_cart_bottom_padding":0,"woocommerce_cart_padding":"60px 0px","woocommerce_cart_switch":850,"woocommerce_cart_top_padding":60,"woocommerce_cart_total_width":"330px","woocommerce_display_product_info":"under_image","woocommerce_hover_image":"1","woocommerce_list_switch":500,"woocommerce_product_img_width":"50%","woocommerce_product_switch":778,"woocommerce_rel_products_max":6,"woocommerce_shop_template_bwb_columns":{"desktop":3,"h_tablet":3,"v_tablet":2,"phone":1},"woocommerce_shop_template_column_min_width":"220","woocommerce_shop_template_columns":5,"woocommerce_shop_template_gap":15,"woocommerce_shop_template_img_width":"30%","woocommerce_shop_template_isotope":"grid","woocommerce_shop_template_layout":"grid","woocommerce_shop_template_layout_default":"masonry_grid_default","woocommerce_shop_template_loading_effect":"fade_in","woocommerce_shop_template_responsiveness":"browser_width_based","woocommerce_show_cart_icon":"1","woocommerce_show_list_desc":"1","woocommerce_show_masonry_desc":"0","woocommerce_show_product_price":"1","woocommerce_show_product_rating":"1","woocommerce_show_product_titles":"1","woocommerce_show_steps":"1","woocommerce_steps-bg_opacity":100,"woocommerce_steps_bg_color":"#ffffff","woocommerce_steps_color":"#222222","content-links_color":"#ef524a","header-menu-submenu-hover-bg-opacity":7,"header-menu-submenu-active-bg-opacity":7,"header-menu-submenu-hover-bg-color":"rgba(137,92,184,0.07)","header-menu-submenu-active-bg-color":"rgba(137,92,184,0.07)","header-menu-submenu-hover-bg-color-style":"accent","header-menu-submenu-active-bg-color-style":"accent","header-menu-submenu-hover-bg-gradient":"90deg|#81d742 30%|#eeee22 100%","header-menu-submenu-active-bg-gradient":"90deg|#81d742 30%|#eeee22 100%","header-elements-search_custom-icon":"the7-mw-icon-search-bold","header-elements-login-custom-icon":"the7-mw-icon-login-bold","header-elements-contact-phone-custom-icon":"the7-mw-icon-phone-bold","header-elements-contact-address-custom-icon":"the7-mw-icon-address-bold","header-elements-contact-skype-custom-icon":"the7-mw-icon-skype-bold","header-elements-contact-email-custom-icon":"the7-mw-icon-mail-bold","header-elements-contact-clock-custom-icon":"the7-mw-icon-clock-bold","header-elements-woocommerce_cart-custom-icon":"the7-mw-icon-cart-bold","microwidgets-search_custom-icon":"the7-mw-icon-search-bold","menu-mobile-microwidgets-font-color":"#222222","general-post_back_button_url":"\/shop\/blog\/","general-project_back_button_url":"","general-album_back_button_url":"","fonts-h1-typography":{"font_family":"Roboto Condensed:700","font_size":50,"line_height":60,"text_transform":"none"},"fonts-h2-typography":{"font_family":"Roboto Condensed:700","font_size":40,"line_height":50,"text_transform":"none"},"fonts-h3-typography":{"font_family":"Roboto Condensed:700","font_size":28,"line_height":38,"text_transform":"none"},"fonts-h4-typography":{"font_family":"Roboto Condensed:700","font_size":20,"line_height":30,"text_transform":"none"},"fonts-h5-typography":{"font_family":"Roboto Condensed:700","font_size":16,"line_height":26,"text_transform":"none"},"fonts-h6-typography":{"font_family":"Roboto Condensed:700","font_size":14,"line_height":24,"text_transform":"none"},"general-page-title-typography":{"font_family":"Roboto Condensed:700","font_size":28,"line_height":38,"text_transform":"uppercase"},"filter-typography":{"font_family":"Roboto Condensed:700","font_size":14,"text_transform":"uppercase"},"breadcrumbs-typography":{"font_family":"Roboto","font_size":13,"line_height":23,"text_transform":"none"},"top_bar-typography":{"font_family":"Roboto Condensed:700","font_size":14,"text_transform":"uppercase"},"header-mobile-microwidgets-typography":{"font_family":"Roboto Condensed:700","font_size":14},"menu-mobile-microwidgets-typography":{"font_family":"Roboto:500","font_size":14},"header-menu-typography":{"font_family":"Roboto Condensed:700","font_size":18,"text_transform":"uppercase"},"header-menu-subtitle-typography":{"font_family":"Arial:400italic","font_size":11},"header-menu-submenu-typography":{"font_family":"Roboto:500","font_size":14,"text_transform":"none"},"header-menu-submenu-subtitle-typography":{"font_family":"Arial:400italic","font_size":10},"header-mobile-menu-typography":{"font_family":"Roboto Condensed:700","font_size":18,"text_transform":"uppercase"},"header-mobile-submenu-typography":{"font_family":"Roboto:500","font_size":14,"text_transform":"none"},"header-classic-elements-near_menu-typography":{"font_family":"Roboto Condensed:700","font_size":14},"header-classic-elements-near_logo-typography":{"font_family":"Roboto Condensed:700","font_size":16},"header-inline-elements-near_menu-typography":{"font_family":"Arial","font_size":14},"header-split-elements-near_menu-typography":{"font_family":"Arial","font_size":14},"header-side-elements-near_menu-typography":{"font_family":"Arial","font_size":14},"header-top_line-elements-near_menu-typography":{"font_family":"Arial","font_size":14},"header-side_line-elements-near_menu-typography":{"font_family":"Arial","font_size":14},"header-menu_icon-elements-near_menu-typography":{"font_family":"Arial","font_size":14},"buttons-s-typography":{"font_family":"Roboto Condensed:700","font_size":14,"text_transform":"uppercase"},"buttons-m-typography":{"font_family":"Roboto Condensed:700","font_size":16,"text_transform":"uppercase"},"buttons-l-typography":{"font_family":"Roboto Condensed:700","font_size":20,"text_transform":"uppercase"},"header-elements-woocommerce_cart-sub_cart-bg-width":280,"header-elements-edd_cart-sub_cart-bg-width":280,"header-elements-woocommerce_cart-sub_cart-bg-color":"rgba(48,70,95,1)","header-elements-edd_cart-sub_cart-bg-color":"rgba(48,70,95,1)","header-elements-woocommerce_cart-sub_cart-font-color":"#ffffff","header-elements-edd_cart-sub_cart-font-color":"#ffffff","header-mega-menu-title-font-color":"#ffffff","header-mega-menu-desc-font-color":"#ffffff","header-mega-menu-widget-font-color":"#ffffff","header-mega-menu-widget-title-color":"#ffffff","header-mega-menu-title-active_item-font-color-style":"accent","header-mega-menu-title-hover-font-color-style":"accent","header-mega-menu-widget-accent-color":"","header-mega-menu-title-icon-size":16,"header-mega-menu-title-typography":{"font_family":"Roboto Condensed:700","font_size":16,"text_transform":"none"},"header-mega-menu-desc-typography":{"font_family":"Roboto","font_size":13},"header-style-mixed-top_line-floating-logo-padding":"0px 0px 0px 0px"},"wp_settings":{"show_on_front":"page","page_on_front":"27928","page_for_posts":"0"},"widgets_settings":{"widget_archives":{"2":{"title":"","count":0,"dropdown":0},"_multiwidget":1},"widget_meta":{"2":{"title":""},"_multiwidget":1},"widget_search":{"2":{"title":""},"_multiwidget":1},"widget_text":{"1":[],"_multiwidget":1},"widget_categories":{"2":{"title":"","count":0,"hierarchical":0,"dropdown":0},"_multiwidget":1},"widget_recent-posts":{"2":{"title":"","number":5},"_multiwidget":1},"widget_recent-comments":{"2":{"title":"","number":5},"_multiwidget":1},"widget_rss":{"1":[],"_multiwidget":1},"widget_woocommerce_layered_nav_filters":{"2":{"title":"ACTIVE FILTERS"},"_multiwidget":1},"widget_woocommerce_layered_nav":{"2":{"title":"FILTER BY COLOR","display_type":"dropdown","query_type":"or","attribute":"color"},"3":{"title":"FILTER BY SIZE","attribute":"size","display_type":"dropdown","query_type":"or"},"_multiwidget":1},"widget_woocommerce_price_filter":{"2":{"title":"FILTER BY PRICE"},"_multiwidget":1},"widget_woocommerce_product_categories":{"2":{"title":"CATEGORIES","orderby":"name","dropdown":0,"count":0,"hierarchical":1,"show_children_only":0,"hide_empty":0},"_multiwidget":1},"widget_woocommerce_product_search":{"2":{"title":"SEARCH"},"_multiwidget":1},"widget_woocommerce_product_tag_cloud":{"2":{"title":"PRODUCT TAGS"},"_multiwidget":1},"widget_woocommerce_products":{"2":{"title":"SALE","number":3,"show":"onsale","orderby":"date","order":"desc","hide_free":0,"show_hidden":0},"3":{"title":"FEATURED PRODUCTS","number":4,"show":"featured","orderby":"date","order":"desc","hide_free":0,"show_hidden":0},"_multiwidget":1},"widget_woocommerce_recently_viewed_products":{"2":{"title":"RECENTLY VIEWED","number":4},"_multiwidget":1},"widget_woocommerce_top_rated_products":{"2":{"title":"TOP RATED","number":3},"_multiwidget":1},"widget_woocommerce_recent_reviews":{"3":{"title":"Recent Reviews","number":"3"},"_multiwidget":1},"widget_presscore-custom-menu-one":{"2":{"title":"","menu":"178"},"_multiwidget":1},"widget_presscore-blog-posts":{"2":{"title":"RECENT POSTS","order":"DESC","orderby":"date","show":6,"select":"all","cats":[],"thumbnails":1,"round_images":1,"show_excerpts":0,"images_dimensions":{"w":60,"h":60}},"_multiwidget":1},"widget_presscore-accordion-widget":{"2":{"title":"USEFULL INFO","fields":[{"title":"Billing &amp; Shipping","content":"Suscipit purus vitae, hendrerit tortoreu rhoncus nulla, vitae laoreet estortor malesuada. Vestibulum porta pellen tesque bibendum. In consequat, massa sit amet euismod conse quat lectus augue vehicula odio, nec laoreet purus orci sit amet neque."},{"title":"Return policy","content":"Vestibulum porta pellentesque bibendum. In consequat, massa sit amet euismod consequat, lectus augue lorem ipsum vehicula odio, nec laoreet purus orci sit amet neque."},{"title":"Contact","content":"<span style=\"color:#ec544e\">Tel:<\/span>\r\n001-234-5679\r\n001-987-6543\r\n<span style=\"color:#ec544e\">Working hours:<\/span>\r\nMon - Fri: 10:00 - 19:00\r\nSat, Sun: 11:00 - 17:00"}]},"_multiwidget":1},"sidebars_widgets":{"orphaned_widgets_1":["search-2","recent-posts-2","recent-comments-2","archives-2","categories-2","meta-2"],"wp_inactive_widgets":["9022","9022"],"sidebar_1":["woocommerce_product_search-2","woocommerce_product_categories-2","woocommerce_layered_nav_filters-2","woocommerce_price_filter-2","woocommerce_layered_nav-3","woocommerce_layered_nav-2","woocommerce_product_tag_cloud-2","woocommerce_recently_viewed_products-2"],"sidebar_2":["presscore-custom-menu-one-2","woocommerce_products-2","woocommerce_top_rated_products-2","presscore-accordion-widget-2"],"sidebar_3":["presscore-blog-posts-2","woocommerce_products-3"],"array_version":3}},"nav_menu_locations":{"primary":179,"top":178},"ultimate_selected_google_fonts":[{"font_family":"Roboto+Condensed","font_name":"Roboto Condensed","variants":[{"variant_value":"300","variant_selected":"false"},{"variant_value":"300italic","variant_selected":"false"},{"variant_value":"italic","variant_selected":"false"},{"variant_value":"700","variant_selected":"true"},{"variant_value":"700italic","variant_selected":"false"}],"subsets":[{"subset_value":"latin-ext","subset_selected":"false"},{"subset_value":"cyrillic-ext","subset_selected":"false"},{"subset_value":"cyrillic","subset_selected":"false"},{"subset_value":"greek-ext","subset_selected":"false"},{"subset_value":"greek","subset_selected":"false"},{"subset_value":"latin","subset_selected":"false"},{"subset_value":"vietnamese","subset_selected":"false"}]},{"font_family":"Roboto","font_name":"Roboto","variants":[{"variant_value":"100","variant_selected":"false"},{"variant_value":"100italic","variant_selected":"false"},{"variant_value":"300","variant_selected":"false"},{"variant_value":"300italic","variant_selected":"false"},{"variant_value":"italic","variant_selected":"false"},{"variant_value":"500","variant_selected":"false"},{"variant_value":"500italic","variant_selected":"false"},{"variant_value":"700","variant_selected":"true"},{"variant_value":"700italic","variant_selected":"false"},{"variant_value":"900","variant_selected":"false"},{"variant_value":"900italic","variant_selected":"false"}],"subsets":[{"subset_value":"latin-ext","subset_selected":"false"},{"subset_value":"cyrillic-ext","subset_selected":"false"},{"subset_value":"cyrillic","subset_selected":"false"},{"subset_value":"greek-ext","subset_selected":"false"},{"subset_value":"greek","subset_selected":"false"},{"subset_value":"latin","subset_selected":"false"},{"subset_value":"vietnamese","subset_selected":"false"}]}],"ultimate_icon_fonts":{"icomoon-font-awesome-14x14":{"include":"smile_fonts\/icomoon-font-awesome-14x14","folder":"smile_fonts\/icomoon-font-awesome-14x14","style":"icomoon-font-awesome-14x14\/icomoon-font-awesome-14x14.css","config":"charmap.php"}},"revolution_sliders":["the7-shop-slideshow"],"vc_settings":{"use_custom":"1","vc_color":"#f7f7f7","vc_color_hover":"#F0F0F0","vc_color_call_to_action_bg":"","vc_color_google_maps_bg":"","vc_color_post_slider_caption_bg":"","vc_color_progress_bar_bg":"","vc_color_separator_border":"","vc_color_tab_bg":"","vc_color_tab_bg_active":"","margin":"0px","gutter":"50","responsive_max":"778"}}