{"schema":{"folders":{"ultimate_icon_fonts":"Ultimate_VC_Addons\/icon-fonts"}},"theme_options":{"bottom_bar-bg_color":"rgba(6,153,208,1)","bottom_bar-bg_image":{"image":"","repeat":"repeat","position_x":"center","position_y":"top"},"bottom_bar-bg_opacity":100,"bottom_bar-color":"#ffffff","bottom_bar-copyrights":"","bottom_bar-credits":"1","bottom_bar-enabled":"1","bottom_bar-logo-padding":"0px 0px 0px 0px","bottom_bar-logo-padding-bottom":0,"bottom_bar-logo-padding-left":0,"bottom_bar-logo-padding-right":0,"bottom_bar-logo-padding-top":0,"bottom_bar-logo_hd":["",0],"bottom_bar-logo_regular":["",0],"bottom_bar-style":"solid_background","bottom_bar-text":"","breadcrumbs_border_radius":0,"breadcrumbs_margin":"0px 0px 0px 0px","breadcrumbs_padding":"0px 0px 0px 0px","buttons-color":"#81d742","buttons-color_gradient":"135deg|#dd3333 30%|#3a892a 100%","buttons-color_mode":"accent","buttons-hover_color":"#8eca15","buttons-hover_color_gradient":"135deg|#cc4789 30%|#e57544 100%","buttons-hover_color_mode":"color","buttons-l_border_radius":5,"buttons-l_line_height":50,"buttons-l_padding":"16px 24px 16px 24px","buttons-m_border_radius":5,"buttons-m_line_height":40,"buttons-m_padding":"12px 18px 12px 18px","buttons-s_border_radius":5,"buttons-s_line_height":32,"buttons-s_padding":"8px 14px 8px 14px","buttons-style":"flat","buttons-text_color":"#ffffff","buttons-text_color_mode":"color","buttons-text_hover_color":"#ffffff","buttons-text_hover_color_mode":"color","content-headers_color":"#45474b","content-primary_text_color":"#8f9194","dividers-color":"rgba(204,204,204,0.5)","dividers-opacity":50,"fonts-big_size":15,"fonts-big_size_line_height":26,"fonts-font_family":"Open Sans","fonts-normal_size":14,"fonts-normal_size_line_height":23,"fonts-small_size":14,"fonts-small_size_line_height":23,"footer-bg_color":"rgba(5,141,203,1)","footer-bg_image":{"image":"\/inc\/presets\/images\/full\/skin07b.footer-bg-image.gif","repeat":"no-repeat","position_x":"right","position_y":"bottom"},"footer-bg_opacity":100,"footer-collapse_after":970,"footer-decoration":"none","footer-decoration_outline_color":"rgba(129,215,66,0.96)","footer-decoration_outline_opacity":96,"footer-headers_color":"#ffffff","footer-layout":"1\/4+1\/4+1\/4+1\/4","footer-padding":"50px 16px","footer-padding-bottom":16,"footer-padding-top":50,"footer-paddings-columns":22,"footer-primary_text_color":"#ffffff","footer-slide-out-mode":"0","footer-style":"solid_background","general-accent_bg_color":"#329bd2","general-accent_bg_color_gradient":"135deg|#ff378c 30%|#ff2143 100%","general-accent_color_mode":"color","general-album_meta_author":false,"general-album_meta_categories":"1","general-album_meta_comments":false,"general-album_meta_date":"1","general-album_meta_on":"1","general-beautiful_loading":"enabled","general-bg_color":"rgba(255,255,255,1)","general-bg_fixed":false,"general-bg_fullscreen":false,"general-bg_image":{"image":"","repeat":"repeat","position_x":"center","position_y":"top"},"general-bg_opacity":100,"general-blog_meta_author":"1","general-blog_meta_categories":"1","general-blog_meta_comments":"1","general-blog_meta_date":"1","general-blog_meta_on":"1","general-blog_meta_tags":"1","general-border_radius":0,"general-box_width":"1250px","general-boxed_bg_color":"#f6f6f6","general-boxed_bg_fixed":"1","general-boxed_bg_fullscreen":false,"general-boxed_bg_image":{"image":"","repeat":"repeat","position_x":"center","position_y":"center"},"general-breadcrumbs_bg_color":"disabled","general-breadcrumbs_color":"#babfc4","general-contact_form_style":"material","general-content_boxes_bg_color":"rgba(109,118,128,0.07)","general-content_boxes_bg_opacity":7,"general-content_boxes_decoration":"none","general-content_boxes_decoration_outline_color":"rgba(0,0,0,0)","general-content_boxes_decoration_outline_opacity":0,"general-content_width":"1180px","general-custom_css":"","general-custom_loader":"","general-favicon":"\/wp-content\/uploads\/sites\/11\/2016\/02\/the7-new-fav1.gif","general-favicon_hd":"\/wp-content\/uploads\/sites\/11\/2016\/02\/the7-new-fav-hd1.gif","general-filter-margin":"0px 5px 0px 0px","general-filter-margin-bottom":0,"general-filter-margin-left":0,"general-filter-margin-right":5,"general-filter-margin-top":0,"general-filter-padding":"6px 15px 6px 16px","general-filter-padding-bottom":6,"general-filter-padding-left":16,"general-filter-padding-right":15,"general-filter-padding-top":6,"general-filter_style":"minimal","general-fullscreen_overlay_color":"rgba(255,255,255,1)","general-fullscreen_overlay_color_mode":"color","general-fullscreen_overlay_gradient":"135deg|#8224e3 30%|#dd3333 100%","general-fullscreen_overlay_opacity":100,"general-handheld_icon-old_ipad":"","general-handheld_icon-old_iphone":"","general-handheld_icon-retina_ipad":"","general-handheld_icon-retina_iphone":"","general-hd_images":"srcset_based","general-images_lazy_loading":"1","general-layout":"wide","general-loader_style":"square_jelly_box","general-mobile_side_content_paddings":20,"general-next_prev_in_album":"1","general-next_prev_in_blog":1,"general-next_prev_in_portfolio":1,"general-page_content_bottom_margin":70,"general-page_content_margin":"70px 70px","general-page_content_top_margin":70,"general-portfolio_meta_author":"1","general-portfolio_meta_categories":"1","general-portfolio_meta_comments":"1","general-portfolio_meta_date":"1","general-portfolio_meta_on":"1","general-rel_posts_head_title":"Related posts","general-rel_posts_max":6,"general-rel_projects_details":"1","general-rel_projects_excerpt":"1","general-rel_projects_fullwidth_height":210,"general-rel_projects_fullwidth_width":210,"general-rel_projects_fullwidth_width_style":"prop","general-rel_projects_head_title":"Related projects","general-rel_projects_height":180,"general-rel_projects_info_author":"1","general-rel_projects_info_categories":"1","general-rel_projects_info_comments":"1","general-rel_projects_info_date":"1","general-rel_projects_link":"1","general-rel_projects_max":12,"general-rel_projects_title":"1","general-rel_projects_width":180,"general-rel_projects_width_style":"prop","general-rel_projects_zoom":"1","general-responsive":"1","general-responsiveness-treshold":970,"general-show_author_in_blog":1,"general-show_back_button_in_album":"1","general-show_back_button_in_post":"0","general-show_back_button_in_project":"0","general-show_breadcrumbs":"1","general-show_rel_posts":"1","general-show_rel_projects":"0","general-show_titles":"1","general-side_content_paddings":50,"general-slideshow_bullets_style":"accent","general-smooth_scroll":"off","general-spinner_color":"rgba(50,155,210,1)","general-spinner_opacity":100,"general-switch_content_paddings":778,"general-title_align":"center","general-title_bg_color":"rgba(104,150,209,1)","general-title_bg_fixed":false,"general-title_bg_fullscreen":false,"general-title_bg_gradient":"135deg|#4a66d6 30%|#12b4ea 100%","general-title_bg_image":{"image":"","repeat":"no-repeat","position_x":"center","position_y":"center"},"general-title_bg_mode":"content_line","general-title_bg_opacity":100,"general-title_bg_overlay":false,"general-title_bg_parallax":"","general-title_color":"#35393d","general-title_decoration":"none","general-title_decoration_line_color":"rgba(204,204,204,0.5)","general-title_decoration_line_opacity":50,"general-title_decoration_outline_color":"rgba(30,115,190,0)","general-title_decoration_outline_opacity":0,"general-title_enable_bg_img":"disabled","general-title_height":150,"general-title_responsive_breadcrumbs":false,"general-title_scroll_effect":"default","header-background":"normal","header-bg-color":"rgba(0,0,0,0.9)","header-bg-image":{"image":"","repeat":"no-repeat","position_x":"right","position_y":"bottom"},"header-bg-is_fixed":false,"header-bg-is_fullscreen":false,"header-bg-opacity":90,"header-classic-elements":{"top_bar_left":["custom_menu"],"top_bar_right":["search"],"near_menu_right":["social_icons"],"near_logo_right":["phone","email"]},"header-classic-elements-near_logo_left-padding":"0px 0px 0px 0px","header-classic-elements-near_logo_left-padding-bottom":0,"header-classic-elements-near_logo_left-padding-left":0,"header-classic-elements-near_logo_left-padding-right":0,"header-classic-elements-near_logo_left-padding-top":0,"header-classic-elements-near_logo_right-padding":"0px 0px 0px 0px","header-classic-elements-near_logo_right-padding-bottom":0,"header-classic-elements-near_logo_right-padding-left":0,"header-classic-elements-near_logo_right-padding-right":0,"header-classic-elements-near_logo_right-padding-top":0,"header-classic-elements-near_menu_right-padding":"0px 0px 0px 40px","header-classic-elements-near_menu_right-padding-bottom":0,"header-classic-elements-near_menu_right-padding-left":40,"header-classic-elements-near_menu_right-padding-right":0,"header-classic-elements-near_menu_right-padding-top":0,"header-classic-height":180,"header-classic-is_fullwidth":"0","header-classic-logo-position":"left","header-classic-menu-bg-color":"rgba(0,0,0,1)","header-classic-menu-bg-opacity":100,"header-classic-menu-bg-style":"solid","header-classic-menu-margin":"0px 0px","header-classic-menu-margin-bottom":0,"header-classic-menu-margin-top":0,"header-classic-menu-position":"left","header-classic-show_elements":"1","header-decoration":"disabled","header-decoration-color":"rgba(221,51,51,1)","header-decoration-opacity":100,"header-elements-contact-address-caption":"8500 Beverly Boulevard Los Angeles, CA 90048","header-elements-contact-address-first-header-switch":"near_logo","header-elements-contact-address-icon":"custom","header-elements-contact-address-on-desktops":"show","header-elements-contact-address-second-header-switch":"in_menu","header-elements-contact-clock-caption":"Monday \u2013 Friday 10 AM \u2013 8 PM","header-elements-contact-clock-first-header-switch":"near_logo","header-elements-contact-clock-icon":"custom","header-elements-contact-clock-on-desktops":"show","header-elements-contact-clock-second-header-switch":"in_menu","header-elements-contact-email-caption":"sales@yoursite.com","header-elements-contact-email-first-header-switch":"near_logo","header-elements-contact-email-icon":"custom","header-elements-contact-email-on-desktops":"show","header-elements-contact-email-second-header-switch":"in_menu","header-elements-contact-phone-caption":"011 322 44 56","header-elements-contact-phone-first-header-switch":"near_logo","header-elements-contact-phone-icon":"custom","header-elements-contact-phone-on-desktops":"show","header-elements-contact-phone-second-header-switch":"in_menu","header-elements-contact-skype-caption":"Your_Skype","header-elements-contact-skype-first-header-switch":"near_logo","header-elements-contact-skype-icon":"custom","header-elements-contact-skype-on-desktops":"show","header-elements-contact-skype-second-header-switch":"in_menu","header-elements-login-caption":"Login","header-elements-login-first-header-switch":"near_logo","header-elements-login-icon":"custom","header-elements-login-logout_url":"","header-elements-login-on-desktops":"show","header-elements-login-second-header-switch":"in_menu","header-elements-login-url":"http:\/\/themeforest.net","header-elements-login-use_logout_url":false,"header-elements-logout-caption":"Logout","header-elements-menu-first-header-switch":"near_logo","header-elements-menu-on-desktops":"show","header-elements-menu-second-header-switch":"in_menu","header-elements-menu-style":"list","header-elements-menu2-first-header-switch":"near_logo","header-elements-menu2-on-desktops":"show","header-elements-menu2-second-header-switch":"in_menu","header-elements-menu2-style":"dropdown","header-elements-near_logo-font_color":"#ffffff","header-elements-near_logo-font_family":"Open Sans","header-elements-near_logo-font_size":15,"header-elements-near_menu-font_color":"#ffffff","header-elements-near_menu-font_family":"Open Sans","header-elements-near_menu-font_size":15,"header-elements-search-caption":"Search","header-elements-search-first-header-switch":"near_logo","header-elements-search-icon":"custom","header-elements-search-on-desktops":"show","header-elements-search-second-header-switch":"near_logo","header-elements-soc_icons":{"1":{"icon":"facebook","url":"https:\/\/www.facebook.com\/WordPress.Premium.Theme\/"},"2":{"icon":"twitter","url":"https:\/\/twitter.com\/premium_theme"},"5":{"icon":"pinterest","url":"https:\/\/www.pinterest.com\/dreamtheme\/"},"6":{"icon":"instagram","url":"https:\/\/www.instagram.com\/dream_theme_photo\/"}},"header-elements-soc_icons-bg":"accent","header-elements-soc_icons-bg-color":"rgba(255,255,255,1)","header-elements-soc_icons-bg-gradient":"135deg|#ffffff 30%|#000000 100%","header-elements-soc_icons-bg-hover-opacity":100,"header-elements-soc_icons-bg-opacity":100,"header-elements-soc_icons-bg-size":26,"header-elements-soc_icons-border":"disabled","header-elements-soc_icons-border-color":"#ffffff","header-elements-soc_icons-color":"#ffffff","header-elements-soc_icons-first-header-switch":"near_logo","header-elements-soc_icons-hover-bg":"color","header-elements-soc_icons-hover-bg-color":"rgba(255,255,255,1)","header-elements-soc_icons-hover-bg-gradient":"135deg|#ffffff 30%|#000000 100%","header-elements-soc_icons-hover-border":"disabled","header-elements-soc_icons-hover-border-color":"#ffffff","header-elements-soc_icons-hover-color":"#d2b598","header-elements-soc_icons-on-desktops":"show","header-elements-soc_icons-second-header-switch":"in_menu","header-elements-soc_icons-size":16,"header-elements-soc_icons_border_radius":100,"header-elements-soc_icons_border_width":1,"header-elements-soc_icons_gap":4,"header-elements-text":"Some call to action text goes here!","header-elements-text-2":"Some call to action text goes here!","header-elements-text-2-first-header-switch":"near_logo","header-elements-text-2-on-desktops":"show","header-elements-text-2-second-header-switch":"in_menu","header-elements-text-3":"Some call to action text goes here!","header-elements-text-3-first-header-switch":"near_logo","header-elements-text-3-on-desktops":"show","header-elements-text-3-second-header-switch":"in_menu","header-elements-text-first-header-switch":"near_logo","header-elements-text-on-desktops":"show","header-elements-text-second-header-switch":"in_menu","header-floating_navigation-bg-color":"rgba(0,0,0,0.9)","header-floating_navigation-bg-opacity":90,"header-floating_navigation-decoration":"disabled","header-floating_navigation-decoration-color":"rgba(0,0,0,1)","header-floating_navigation-decoration-opacity":100,"header-floating_navigation-height":56,"header-floating_navigation-show_after":500,"header-floating_navigation-style":"slide","header-inline-elements":{"top_bar_left":["phone","email","working_hours"],"top_bar_right":["social_icons"],"near_menu_right":["search"]},"header-inline-elements-near_menu_right-padding":"0px 0px 0px 2px","header-inline-elements-near_menu_right-padding-bottom":0,"header-inline-elements-near_menu_right-padding-left":2,"header-inline-elements-near_menu_right-padding-right":0,"header-inline-elements-near_menu_right-padding-top":0,"header-inline-height":120,"header-inline-is_fullwidth":"0","header-inline-menu-position":"justify","header-inline-show_elements":"1","header-layout":"menu_icon","header-logo-padding":"0px 0px 40px 0px","header-logo-padding-bottom":0,"header-logo-padding-left":0,"header-logo-padding-right":0,"header-logo-padding-top":0,"header-logo_hd":["",0],"header-logo_regular":["",0],"header-menu-active_item-font-color":"#6859b4","header-menu-active_item-font-color-style":"accent","header-menu-active_item-font-gradient":"90deg|#ffffff 30%|#000000 100%","header-menu-decoration-other-active-color":"rgba(255,255,255,0.15)","header-menu-decoration-other-active-color-style":"accent","header-menu-decoration-other-active-gradient":"135deg|rgba(255,255,255,0.15) 30%|rgba(0,0,0,0.15) 100%","header-menu-decoration-other-active-line":"0","header-menu-decoration-other-active-line-color":"rgba(130,36,227,0.3)","header-menu-decoration-other-active-line-color-style":"color","header-menu-decoration-other-active-line-gradient":"135deg|rgba(221,51,51,0.3) 30%|rgba(129,215,66,0.3) 100%","header-menu-decoration-other-active-line-opacity":30,"header-menu-decoration-other-active-opacity":15,"header-menu-decoration-other-active-style":"background","header-menu-decoration-other-border-radius":3,"header-menu-decoration-other-click_decor":"1","header-menu-decoration-other-click_decor-color":"rgba(255,255,255,0.2)","header-menu-decoration-other-click_decor-color-style":"accent","header-menu-decoration-other-click_decor-gradient":"135deg|rgba(255,255,255,0.2) 30%|rgba(0,0,0,0.2) 100%","header-menu-decoration-other-click_decor-opacity":20,"header-menu-decoration-other-hover-color":"rgba(255,255,255,0.15)","header-menu-decoration-other-hover-color-style":"accent","header-menu-decoration-other-hover-gradient":"135deg|rgba(255,255,255,0.15) 30%|rgba(0,0,0,0.15) 100%","header-menu-decoration-other-hover-line":"0","header-menu-decoration-other-hover-line-color":"rgba(221,51,51,0.23)","header-menu-decoration-other-hover-line-color-style":"gradient","header-menu-decoration-other-hover-line-gradient":"135deg|rgba(255,255,255,0.23) 30%|rgba(0,0,0,0.23) 100%","header-menu-decoration-other-hover-line-opacity":23,"header-menu-decoration-other-hover-style":"background","header-menu-decoration-other-line_size":"2","header-menu-decoration-other-links-is_justified":"1","header-menu-decoration-other-opacity":15,"header-menu-decoration-style":"underline","header-menu-decoration-underline-color":"#ffffff","header-menu-decoration-underline-color-style":"accent","header-menu-decoration-underline-direction":"left_to_right","header-menu-decoration-underline-gradient":"135deg|#ffffff 30%|#000000 100%","header-menu-decoration-underline-line_size":"2","header-menu-dividers-color":"rgba(53,59,65,0.5)","header-menu-dividers-height":20,"header-menu-dividers-height-style":"full","header-menu-dividers-opacity":50,"header-menu-dividers-surround":"0","header-menu-font-color":"#ffffff","header-menu-hover-font-color":"#a669b3","header-menu-hover-font-color-style":"accent","header-menu-hover-font-gradient":"90deg|#8224e3 30%|#751257 100%","header-menu-icon-size":40,"header-menu-item-margin":"0px 0px 0px 0px","header-menu-item-margin-bottom":0,"header-menu-item-margin-left":0,"header-menu-item-margin-right":0,"header-menu-item-margin-top":0,"header-menu-item-padding":"15px 0px 15px 0px","header-menu-item-padding-bottom":15,"header-menu-item-padding-left":0,"header-menu-item-padding-right":0,"header-menu-item-padding-top":15,"header-menu-item-surround_margins-custom-margin":30,"header-menu-item-surround_margins-style":"regular","header-menu-show_dividers":"0","header-menu-show_next_lvl_icons":false,"header-menu-submenu-active-font-color":"#0695cb","header-menu-submenu-active-font-color-style":"accent","header-menu-submenu-active-font-gradient":"90deg|#ffffff 30%|#000000 100%","header-menu-submenu-bg-color":"rgba(0,0,0,1)","header-menu-submenu-bg-hover":"none","header-menu-submenu-bg-opacity":100,"header-menu-submenu-bg-width":260,"header-menu-submenu-font-color":"#ffffff","header-menu-submenu-hover-font-color":"#0695cb","header-menu-submenu-hover-font-color-style":"accent","header-menu-submenu-hover-font-gradient":"90deg|#81d742 30%|#eeee22 100%","header-menu-submenu-icon-size":16,"header-menu-submenu-item-margin":"0px 0px 0px 0px","header-menu-submenu-item-margin-bottom":0,"header-menu-submenu-item-margin-left":0,"header-menu-submenu-item-margin-right":0,"header-menu-submenu-item-margin-top":0,"header-menu-submenu-item-padding":"7px 0px 7px 0px","header-menu-submenu-item-padding-bottom":7,"header-menu-submenu-item-padding-left":0,"header-menu-submenu-item-padding-right":0,"header-menu-submenu-item-padding-top":7,"header-menu-submenu-parent_is_clickable":false,"header-menu-submenu-show_next_lvl_icons":false,"header-menu_close_icon-margin":"30px 30px 30px 30px","header-menu_icon-bg-border-radius":100,"header-menu_icon-bg-color":"#ffffff","header-menu_icon-bg-opacity":0,"header-menu_icon-bg-size":50,"header-menu_icon-color":"#329bd2","header-menu_icon-elements":[],"header-menu_icon-elements-below_menu-padding":"80px 0px 40px 0px","header-menu_icon-elements-near_menu-font_color":"#ffffff","header-menu_icon-hover-bg-color":"#ffffff","header-menu_icon-hover-bg-opacity":100,"header-menu_icon-hover-color":"#329bd2","header-menu_icon-margin":"30px 30px 30px 30px","header-menu_icon-margin-bottom":0,"header-menu_icon-margin-left":0,"header-menu_icon-margin-right":0,"header-menu_icon-margin-top":0,"header-menu_icon-show_elements":"1","header-menu_icon-size":"medium","header-mixed-bg-color":"rgba(0,0,0,1)","header-mixed-bg-opacity":100,"header-mixed-decoration":"disabled","header-mixed-decoration-color":"rgba(221,153,51,1)","header-mixed-decoration-opacity":100,"header-mobile-first_switch-after":320,"header-mobile-first_switch-height":52,"header-mobile-first_switch-layout":"right_left","header-mobile-first_switch-logo":"mobile","header-mobile-floating_navigation":"sticky","header-mobile-header-bg-color":"rgba(0,0,0,0.9)","header-mobile-menu-align":"right","header-mobile-menu-bg-color":"rgba(0,0,0,0.9)","header-mobile-menu-bg-opacity":90,"header-mobile-menu-bg-width":320,"header-mobile-menu-font-color":"#ffffff","header-mobile-menu-font-hover-color":"#3c3e45","header-mobile-menu-font-hover-color-style":"accent","header-mobile-menu-font-hover-gradient":"135deg|#b78ce2 30%|#1e73be 100%","header-mobile-menu_icon-bg-border-radius":0,"header-mobile-menu_icon-bg-color":"rgba(0,0,0,0)","header-mobile-menu_icon-bg-size":24,"header-mobile-menu_icon-color":"#ffffff","header-mobile-menu_icon-size":"small","header-mobile-microwidgets-font-color":"#ffffff","header-mobile-overlay-bg-color":"rgba(17,17,17,0.5)","header-mobile-second_switch-after":320,"header-mobile-second_switch-height":52,"header-mobile-second_switch-layout":"right_left","header-mobile-second_switch-logo":"mobile","header-overlay-content-padding":"0px 0px 0px 0px","header-overlay-content-padding-bottom":0,"header-overlay-content-padding-left":0,"header-overlay-content-padding-right":0,"header-overlay-content-padding-top":0,"header-overlay-content-position":"center","header-overlay-content-width":"100%","header-overlay-elements":[],"header-overlay-elements-below_menu-padding":"40px 0px 40px 0px","header-overlay-elements-below_menu-padding-bottom":40,"header-overlay-elements-below_menu-padding-left":0,"header-overlay-elements-below_menu-padding-right":0,"header-overlay-elements-below_menu-padding-top":40,"header-overlay-elements-top_line-padding":"0px 0px 0px 0px","header-overlay-elements-top_line-padding-bottom":0,"header-overlay-elements-top_line-padding-left":0,"header-overlay-elements-top_line-padding-right":0,"header-overlay-elements-top_line-padding-top":0,"header-overlay-icons_style":"bold","header-overlay-layout":"menu_icon","header-overlay-layout-menu_icon-show_floating_logo":"1","header-overlay-layout-side_line-width":60,"header-overlay-layout-top_line-height":140,"header-overlay-layout-top_line-is_fullwidth":"0","header-overlay-layout-top_line-logo-position":"left","header-overlay-logo-position":"fully_inside","header-overlay-menu-items_alignment":"center","header-overlay-menu-items_link":"textwidth","header-overlay-menu-padding":"40px 40px","header-overlay-menu-padding-bottom":40,"header-overlay-menu-padding-top":40,"header-overlay-menu-position":"v_center","header-overlay-show_elements":"1","header-show_floating_navigation":"1","header-side-content-padding":"50px 0px 40px 0px","header-side-content-padding-bottom":40,"header-side-content-padding-left":0,"header-side-content-padding-right":0,"header-side-content-padding-top":50,"header-side-content-position":"center","header-side-content-width":"300px","header-side-elements":{"below_menu":["social_icons","email","skype"]},"header-side-elements-below_menu-padding":"0px 35px 0px 35px","header-side-elements-below_menu-padding-bottom":0,"header-side-elements-below_menu-padding-left":35,"header-side-elements-below_menu-padding-right":35,"header-side-elements-below_menu-padding-top":0,"header-side-logo-position":"inside","header-side-menu-items_alignment":"center","header-side-menu-items_link":"fullwidth","header-side-menu-padding":"50px 50px","header-side-menu-padding-bottom":50,"header-side-menu-padding-top":50,"header-side-menu-position":"v_top","header-side-menu-submenu-position":"down","header-side-position":"right","header-side-show_elements":"1","header-side-width":"300px","header-slide_out-content-padding":"0px 0px 0px 0px","header-slide_out-content-padding-bottom":0,"header-slide_out-content-padding-left":0,"header-slide_out-content-padding-right":0,"header-slide_out-content-padding-top":0,"header-slide_out-content-position":"left","header-slide_out-content-width":"100%","header-slide_out-elements":{"side_top_line":["phone","email","skype"]},"header-slide_out-elements-below_menu-padding":"20px 50px 40px 50px","header-slide_out-elements-below_menu-padding-bottom":40,"header-slide_out-elements-below_menu-padding-left":50,"header-slide_out-elements-below_menu-padding-right":50,"header-slide_out-elements-below_menu-padding-top":20,"header-slide_out-elements-top_line-padding":"0px 0px 0px 0px","header-slide_out-elements-top_line-padding-bottom":0,"header-slide_out-elements-top_line-padding-left":0,"header-slide_out-elements-top_line-padding-right":0,"header-slide_out-elements-top_line-padding-top":0,"header-slide_out-icons_style":"bold","header-slide_out-layout":"top_line","header-slide_out-layout-menu_icon-show_floating_logo":"1","header-slide_out-layout-side_line-position":"under","header-slide_out-layout-side_line-width":60,"header-slide_out-layout-top_line-height":100,"header-slide_out-layout-top_line-is_fullwidth":"0","header-slide_out-layout-top_line-logo-position":"center","header-slide_out-logo-position":"inside","header-slide_out-menu-items_alignment":"left","header-slide_out-menu-items_link":"textwidth","header-slide_out-menu-padding":"30px 0px","header-slide_out-menu-padding-bottom":0,"header-slide_out-menu-padding-top":30,"header-slide_out-menu-position":"v_top","header-slide_out-overlay-animation":"slide","header-slide_out-overlay-bg-color":"rgba(0,0,0,0.5)","header-slide_out-overlay-bg-color-style":"color","header-slide_out-overlay-bg-gradient":"135deg|rgba(205,183,226,0.5) 30%|rgba(130,20,130,0.5) 100%","header-slide_out-overlay-bg-opacity":50,"header-slide_out-overlay-blur":"1","header-slide_out-overlay-x_cursor":"0","header-slide_out-overlay-x_cursor-color":"rgba(255,255,255,1)","header-slide_out-overlay-x_cursor-opacity":100,"header-slide_out-position":"right","header-slide_out-show_elements":"1","header-slide_out-width":"33%","header-split-elements":{"near_menu_left":["search"]},"header-split-elements-near_menu_left-padding":"0px 20px 0px 20px","header-split-elements-near_menu_left-padding-bottom":0,"header-split-elements-near_menu_left-padding-left":20,"header-split-elements-near_menu_left-padding-right":20,"header-split-elements-near_menu_left-padding-top":0,"header-split-elements-near_menu_right-padding":"0px 20px 0px 20px","header-split-elements-near_menu_right-padding-bottom":0,"header-split-elements-near_menu_right-padding-left":20,"header-split-elements-near_menu_right-padding-right":20,"header-split-elements-near_menu_right-padding-top":0,"header-split-height":100,"header-split-is_fullwidth":"0","header-split-menu-position":"outside","header-split-show_elements":"1","header-style-floating-choose_logo":"custom","header-style-floating-logo-padding":"0px 0px 0px 0px","header-style-floating-logo-padding-bottom":0,"header-style-floating-logo-padding-left":0,"header-style-floating-logo-padding-right":0,"header-style-floating-logo-padding-top":0,"header-style-floating-logo_hd":["\/wp-content\/uploads\/sites\/11\/2016\/02\/the7-logo-app-small-hd.png",316],"header-style-floating-logo_regular":["\/wp-content\/uploads\/sites\/11\/2016\/02\/the7-logo-app-small.png",318],"header-style-mixed-logo-padding":"30px 30px 30px 30px","header-style-mixed-logo-padding-bottom":0,"header-style-mixed-logo-padding-left":0,"header-style-mixed-logo-padding-right":0,"header-style-mixed-logo-padding-top":0,"header-style-mixed-logo_hd":["\/wp-content\/uploads\/sites\/11\/2016\/02\/the7-app-logo-hd.png",7],"header-style-mixed-logo_regular":["\/wp-content\/uploads\/sites\/11\/2016\/02\/the7-app-logo.png",6],"header-style-mobile-logo-padding":"0px 0px 0px 0px","header-style-mobile-logo-padding-bottom":0,"header-style-mobile-logo-padding-left":0,"header-style-mobile-logo-padding-right":0,"header-style-mobile-logo-padding-top":0,"header-style-mobile-logo_hd":["\/wp-content\/uploads\/sites\/11\/2016\/02\/the7-logo-app-small-hd.png",316],"header-style-mobile-logo_regular":["\/wp-content\/uploads\/sites\/11\/2016\/02\/the7-logo-app-small.png",318],"header-style-transparent-choose_logo":"custom","header-style-transparent-logo-padding":"0px 0px 0px 0px","header-style-transparent-logo-padding-bottom":0,"header-style-transparent-logo-padding-left":0,"header-style-transparent-logo-padding-right":0,"header-style-transparent-logo-padding-top":0,"header-style-transparent-logo_hd":["\/wp-content\/uploads\/sites\/11\/2016\/02\/the7-app-logo-hd.png",7],"header-style-transparent-logo_regular":["\/wp-content\/uploads\/sites\/11\/2016\/02\/the7-app-logo.png",6],"header-style-transparent-mobile-logo-padding":"0px 0px 0px 0px","header-transparent-mobile-first_switch-logo":"desktop","header-transparent-mobile-second_switch-logo":"desktop","header-transparent_bg_color":"rgba(255,255,255,1)","header-transparent_bg_opacity":100,"header_navigation":"overlay","image_hover-album_miniatures_style":"style_1","image_hover-color":"rgba(0,0,0,0.3)","image_hover-color_gradient":"135deg|rgba(0,0,0,0.3) 30%|rgba(48,48,48,0.3) 100%","image_hover-color_mode":"color","image_hover-default_icon":"small_corner","image_hover-onclick_animation":"1","image_hover-opacity":30,"image_hover-project_icons_style":"accent","image_hover-project_rollover_color":"rgba(0,0,0,0.85)","image_hover-project_rollover_color_gradient":"135deg|rgba(106,229,230,0.85) 30%|rgba(17,144,201,0.85) 100%","image_hover-project_rollover_color_mode":"color","image_hover-project_rollover_opacity":85,"image_hover-style":"scale","layout-menu_icon-show_floating_logo":"1","layout-top_line-height":140,"layout-top_line-is_fullwidth":"0","layout-top_line-logo-position":"left","modules-albums-status":"enabled","modules-benefits-status":"enabled","modules-logos-status":"enabled","modules-portfolio-status":"enabled","modules-slideshow-status":"enabled","modules-team-status":"enabled","modules-testimonials-status":"enabled","page_title-background-style-transparent-color_scheme":"from_options","page_title-padding":"34px 0px","page_title-padding-bottom":"0px","page_title-padding-top":"34px","post-show_fancy_categories":false,"post-show_fancy_date":false,"sidebar-bg_color":"rgba(246,246,246,1)","sidebar-bg_image":{"image":"","repeat":"repeat","position_x":"center","position_y":"center"},"sidebar-bg_opacity":100,"sidebar-decoration":"none","sidebar-decoration_outline_color":"rgba(0,0,0,0.06)","sidebar-decoration_outline_opacity":6,"sidebar-distance_to_content":50,"sidebar-divider-horizontal":"1","sidebar-divider-vertical":"1","sidebar-headers_color":"#35393d","sidebar-primary_text_color":"#6d7680","sidebar-responsiveness":970,"sidebar-vertical_distance":84,"sidebar-visual_style":"with_dividers","sidebar-width":"330px","social_buttons-page":[],"social_buttons-page-button_title":"Share this page","social_buttons-photo":[],"social_buttons-photo-button_title":"Share this image","social_buttons-portfolio_post":[],"social_buttons-portfolio_post-button_title":"Share this post","social_buttons-post":[],"social_buttons-post-button_title":"Share this post","social_buttons-visibility":"allways","stripes-stripe_1_bg_image":{"image":"","repeat":"repeat","position_x":"center","position_y":"center"},"stripes-stripe_1_color":"#f7f8fa","stripes-stripe_1_content_boxes_bg_color":"#000000","stripes-stripe_1_content_boxes_bg_opacity":7,"stripes-stripe_1_content_boxes_decoration":"none","stripes-stripe_1_content_boxes_decoration_outline_color":"#dd3333","stripes-stripe_1_content_boxes_decoration_outline_opacity":100,"stripes-stripe_1_headers_color":"#45474b","stripes-stripe_1_outline":"hide","stripes-stripe_1_outline_color":"#000000","stripes-stripe_1_outline_opacity":10,"stripes-stripe_1_text_color":"#8f9194","stripes-stripe_2_bg_image":{"image":"","repeat":"repeat","position_x":"center","position_y":"center"},"stripes-stripe_2_color":"#000000","stripes-stripe_2_content_boxes_bg_color":"#ffffff","stripes-stripe_2_content_boxes_bg_opacity":10,"stripes-stripe_2_content_boxes_decoration":"none","stripes-stripe_2_content_boxes_decoration_outline_color":"#ffffff","stripes-stripe_2_content_boxes_decoration_outline_opacity":100,"stripes-stripe_2_headers_color":"#ffffff","stripes-stripe_2_outline":"hide","stripes-stripe_2_outline_color":"#c1edaf","stripes-stripe_2_outline_opacity":100,"stripes-stripe_2_text_color":"#ffffff","stripes-stripe_3_bg_image":{"image":"","repeat":"repeat","position_x":"center","position_y":"center"},"stripes-stripe_3_color":"#000000","stripes-stripe_3_content_boxes_bg_color":"#ffffff","stripes-stripe_3_content_boxes_bg_opacity":10,"stripes-stripe_3_content_boxes_decoration":"none","stripes-stripe_3_content_boxes_decoration_outline_color":"#ffffff","stripes-stripe_3_content_boxes_decoration_outline_opacity":0,"stripes-stripe_3_headers_color":"#ffffff","stripes-stripe_3_outline":"hide","stripes-stripe_3_outline_color":"#7db9bf","stripes-stripe_3_outline_opacity":0,"stripes-stripe_3_text_color":"#ffffff","top_bar-bg-color":"rgba(0,0,0,0)","top_bar-bg-image":{"image":"","repeat":"repeat","position_x":"center","position_y":"center"},"top_bar-bg-opacity":18,"top_bar-bg-style":"fullwidth_line","top_bar-font-color":"#aaaeb5","top_bar-line-color":"rgba(135,141,148,0.18)","top_bar-line-in-transparent-header":false,"top_bar-padding":"5px 6px 0px","top_bar-paddings-bottom":6,"top_bar-paddings-horizontal":0,"top_bar-paddings-top":5,"widgetareas":{"1":{"sidebar_name":"Default Sidebar","sidebar_desc":"Sidebar primary widget area"},"2":{"sidebar_name":"Default Footer","sidebar_desc":"Footer primary widget area"}},"content-links_color":"#329bd2","header-menu-submenu-hover-bg-opacity":7,"header-menu-submenu-active-bg-opacity":7,"header-menu-submenu-hover-bg-color":"rgba(6,149,203,0.07)","header-menu-submenu-active-bg-color":"rgba(6,149,203,0.07)","header-menu-submenu-hover-bg-color-style":"accent","header-menu-submenu-active-bg-color-style":"accent","header-menu-submenu-hover-bg-gradient":"90deg|#81d742 30%|#eeee22 100%","header-menu-submenu-active-bg-gradient":"90deg|#81d742 30%|#eeee22 100%","header-elements-search_custom-icon":"the7-mw-icon-search-bold","header-elements-login-custom-icon":"the7-mw-icon-login-bold","header-elements-contact-phone-custom-icon":"the7-mw-icon-phone-bold","header-elements-contact-address-custom-icon":"the7-mw-icon-address-bold","header-elements-contact-skype-custom-icon":"the7-mw-icon-skype-bold","header-elements-contact-email-custom-icon":"the7-mw-icon-mail-bold","header-elements-contact-clock-custom-icon":"the7-mw-icon-clock-bold","microwidgets-search_custom-icon":"the7-mw-icon-search-bold","menu-mobile-microwidgets-font-color":"#ffffff","general-post_back_button_url":"","general-project_back_button_url":"","general-album_back_button_url":"","fonts-h1-typography":{"font_family":"Open Sans","font_size":44,"line_height":52,"text_transform":"none"},"fonts-h2-typography":{"font_family":"Open Sans:300","font_size":46,"line_height":54,"text_transform":"none"},"fonts-h3-typography":{"font_family":"Open Sans:300","font_size":38,"line_height":46,"text_transform":"none"},"fonts-h4-typography":{"font_family":"Open Sans","font_size":20,"line_height":28,"text_transform":"none"},"fonts-h5-typography":{"font_family":"Open Sans","font_size":16,"line_height":24,"text_transform":"none"},"fonts-h6-typography":{"font_family":"Open Sans","font_size":14,"line_height":22,"text_transform":"none"},"general-page-title-typography":{"font_family":"Open Sans:300","font_size":46,"line_height":54,"text_transform":"none"},"filter-typography":{"font_family":"Dosis:700","font_size":14,"text_transform":"uppercase"},"breadcrumbs-typography":{"font_family":"Open Sans","font_size":14,"line_height":23,"text_transform":"none"},"top_bar-typography":{"font_family":"Arial:400italic","font_size":13,"text_transform":"none"},"header-mobile-microwidgets-typography":{"font_family":"Open Sans","font_size":15},"menu-mobile-microwidgets-typography":{"font_family":"Open Sans","font_size":15},"header-menu-typography":{"font_family":"Open Sans:300","font_size":44,"text_transform":"none"},"header-menu-subtitle-typography":{"font_family":"Open Sans","font_size":13},"header-menu-submenu-typography":{"font_family":"Open Sans","font_size":15,"text_transform":"none"},"header-menu-submenu-subtitle-typography":{"font_family":"Arial:400italic","font_size":10},"header-mobile-menu-typography":{"font_family":"Open Sans","font_size":22,"text_transform":"uppercase"},"header-mobile-submenu-typography":{"font_family":"Open Sans","font_size":15,"text_transform":"none"},"header-menu_icon-elements-near_menu-typography":{"font_family":"Open Sans","font_size":15},"buttons-s-typography":{"font_family":"Dosis:700","font_size":13,"text_transform":"uppercase"},"buttons-m-typography":{"font_family":"Dosis:700","font_size":15,"text_transform":"uppercase"},"buttons-l-typography":{"font_family":"Dosis:700","font_size":18,"text_transform":"uppercase"},"header-elements-woocommerce_cart-sub_cart-bg-width":260,"header-elements-edd_cart-sub_cart-bg-width":260,"header-elements-woocommerce_cart-sub_cart-bg-color":"rgba(0,0,0,1)","header-elements-edd_cart-sub_cart-bg-color":"rgba(0,0,0,1)","header-elements-woocommerce_cart-sub_cart-font-color":"#ffffff","header-elements-edd_cart-sub_cart-font-color":"#ffffff","header-mega-menu-title-font-color":"#ffffff","header-mega-menu-desc-font-color":"#ffffff","header-mega-menu-widget-font-color":"#ffffff","header-mega-menu-widget-title-color":"#ffffff","header-mega-menu-title-active_item-font-color-style":"accent","header-mega-menu-title-hover-font-color-style":"accent","header-mega-menu-widget-accent-color":"","header-mega-menu-title-icon-size":16,"header-mega-menu-title-typography":{"font_family":"Open Sans","font_size":16,"text_transform":"none"},"header-mega-menu-desc-typography":{"font_family":"Open Sans","font_size":14},"header-style-mixed-top_line-floating-logo-padding":"30px 30px 30px 30px"},"wp_settings":{"show_on_front":"page","page_on_front":"2","page_for_posts":"0"},"widgets_settings":{"widget_archives":{"2":{"title":"","count":0,"dropdown":0},"_multiwidget":1},"widget_meta":{"2":{"title":""},"_multiwidget":1},"widget_search":{"2":{"title":""},"_multiwidget":1},"widget_text":{"1":[],"_multiwidget":1},"widget_categories":{"2":{"title":"","count":0,"hierarchical":0,"dropdown":0},"_multiwidget":1},"widget_recent-posts":{"2":{"title":"","number":5},"_multiwidget":1},"widget_recent-comments":{"2":{"title":"","number":5},"_multiwidget":1},"widget_rss":{"1":[],"_multiwidget":1},"sidebars_widgets":{"wp_inactive_widgets":["9022"],"sidebar_1":["search-2","recent-posts-2","recent-comments-2","archives-2","categories-2","meta-2"],"sidebar_2":null,"array_version":3}},"nav_menu_locations":{"primary":2},"ultimate_selected_google_fonts":[{"font_family":"Open+Sans","font_name":"Open Sans","variants":[{"variant_value":"300","variant_selected":"true"},{"variant_value":"300italic","variant_selected":"false"},{"variant_value":"italic","variant_selected":"true"},{"variant_value":"600","variant_selected":"true"},{"variant_value":"600italic","variant_selected":"false"},{"variant_value":"700","variant_selected":"true"},{"variant_value":"700italic","variant_selected":"false"},{"variant_value":"800","variant_selected":"true"},{"variant_value":"800italic","variant_selected":"false"}],"subsets":[{"subset_value":"greek","subset_selected":"false"},{"subset_value":"latin","subset_selected":"true"},{"subset_value":"vietnamese","subset_selected":"false"},{"subset_value":"cyrillic","subset_selected":"false"},{"subset_value":"cyrillic-ext","subset_selected":"false"},{"subset_value":"greek-ext","subset_selected":"false"},{"subset_value":"latin-ext","subset_selected":"false"}]}],"ultimate_icon_fonts":{"icomoon-feather-24x24":{"include":"smile_fonts\/icomoon-feather-24x24","folder":"smile_fonts\/icomoon-feather-24x24","style":"icomoon-feather-24x24\/icomoon-feather-24x24.css","config":"charmap.php"},"icomoon-free-social-contact-16x16":{"include":"smile_fonts\/icomoon-free-social-contact-16x16","folder":"smile_fonts\/icomoon-free-social-contact-16x16","style":"icomoon-free-social-contact-16x16\/icomoon-free-social-contact-16x16.css","config":"charmap.php"},"icomoon-numbers-32x32":{"include":"smile_fonts\/icomoon-numbers-32x32","folder":"smile_fonts\/icomoon-numbers-32x32","style":"icomoon-numbers-32x32\/icomoon-numbers-32x32.css","config":"charmap.php"}},"revolution_sliders":["the7-mobile-app-hero-image"],"vc_settings":{"use_custom":"1","vc_color":"#f7f7f7","vc_color_hover":"#F0F0F0","vc_color_call_to_action_bg":"","vc_color_google_maps_bg":"","vc_color_post_slider_caption_bg":"","vc_color_progress_bar_bg":"","vc_color_separator_border":"","vc_color_tab_bg":"","vc_color_tab_bg_active":"","margin":"0px","gutter":"50","responsive_max":"768"}}