{"schema":{"folders":{"ultimate_icon_fonts":"Ultimate_VC_Addons\/icon-fonts"}},"theme_options":{"blog-fancy_date-style":"circle","blog-thumbnail_proportions":{"width":2,"height":1},"blog-thumbnail_size":"resize","bottom_bar-bg_color":"rgba(255,255,255,0.13)","bottom_bar-bg_image":{"image":"","repeat":"repeat","position_x":"center","position_y":"top"},"bottom_bar-bg_opacity":13,"bottom_bar-color":"#ffffff","bottom_bar-copyrights":"","bottom_bar-credits":"1","bottom_bar-enabled":"1","bottom_bar-logo-padding":"20px 30px 20px 0px","bottom_bar-logo-padding-bottom":20,"bottom_bar-logo-padding-left":0,"bottom_bar-logo-padding-right":30,"bottom_bar-logo-padding-top":20,"bottom_bar-logo_hd":["\/wp-content\/uploads\/sites\/5\/2015\/11\/s-f-hd.png",14892],"bottom_bar-logo_regular":["\/wp-content\/uploads\/sites\/5\/2015\/11\/s-f.png",14893],"bottom_bar-style":"content_width_line","bottom_bar-text":"","breadcrumbs_bg_color":"rgba(15,18,19,0.1)","breadcrumbs_bg_opacity":10,"breadcrumbs_border_color":"rgba(255,255,255,0.5)","breadcrumbs_border_opacity":50,"breadcrumbs_border_radius":0,"breadcrumbs_border_width":0,"breadcrumbs_margin":"0px 0px 0px 0px","breadcrumbs_margin-bottom":"0px","breadcrumbs_margin-left":"0px","breadcrumbs_margin-right":"0px","breadcrumbs_margin-top":"0px","breadcrumbs_padding":"0px 0px 0px 0px","breadcrumbs_padding-bottom":"0px","breadcrumbs_padding-left":"0px","breadcrumbs_padding-right":"0px","breadcrumbs_padding-top":"0px","buttons-color":"#3f51b5","buttons-color_gradient":"135deg|#dd3333 30%|#3a892a 100%","buttons-color_mode":"accent","buttons-hover_color":"#dc1c5d","buttons-hover_color_gradient":"135deg|#39be76 30%|#99d240 100%","buttons-hover_color_mode":"gradient","buttons-l_border_radius":0,"buttons-l_line_height":50,"buttons-l_padding":"16px 24px 16px 24px","buttons-m_border_radius":0,"buttons-m_line_height":40,"buttons-m_padding":"12px 18px 12px 18px","buttons-s_border_radius":0,"buttons-s_line_height":30,"buttons-s_padding":"8px 14px 8px 14px","buttons-style":"flat","buttons-text_color":"#ffffff","buttons-text_color_mode":"color","buttons-text_hover_color":"#ffffff","buttons-text_hover_color_mode":"color","content-headers_color":"#333333","content-primary_text_color":"#757575","content-secondary_text_color":"#999999","dividers-color":"rgba(204,204,204,0.5)","dividers-opacity":50,"fonts-big_size":15,"fonts-big_size_line_height":27,"fonts-font_family":"Roboto","fonts-normal_size":15,"fonts-normal_size_line_height":27,"fonts-small_size":13,"fonts-small_size_line_height":24,"footer-bg_color":"rgba(35,38,41,1)","footer-bg_image":{"image":"","repeat":"repeat","position_x":"center","position_y":"top"},"footer-bg_opacity":100,"footer-collapse_after":970,"footer-decoration":"none","footer-decoration_outline_color":"rgba(129,215,66,0.96)","footer-decoration_outline_opacity":96,"footer-headers_color":"#ffffff","footer-layout":"1\/4+1\/4+1\/4+1\/4","footer-padding":"50px 10px","footer-padding-bottom":10,"footer-padding-top":50,"footer-paddings-columns":25,"footer-primary_text_color":"#a0a0a0","footer-slide-out-mode":"0","footer-style":"solid_background","general-accent_bg_color":"#ea1e63","general-accent_bg_color_gradient":"135deg|#99d240 30%|#39be76 100%","general-accent_color_mode":"gradient","general-album_meta_author":false,"general-album_meta_categories":"1","general-album_meta_comments":false,"general-album_meta_date":"1","general-album_meta_on":"1","general-beautiful_loading":"enabled","general-bg_color":"rgba(255,255,255,1)","general-bg_fixed":false,"general-bg_fullscreen":false,"general-bg_image":{"image":"","repeat":"repeat","position_x":"center","position_y":"top"},"general-bg_opacity":100,"general-blog_meta_author":"1","general-blog_meta_categories":"1","general-blog_meta_comments":"1","general-blog_meta_date":"1","general-blog_meta_on":"1","general-blog_meta_tags":"1","general-border_radius":0,"general-box_width":"1280px","general-boxed_bg_color":"#ffffff","general-boxed_bg_fixed":false,"general-boxed_bg_fullscreen":false,"general-boxed_bg_image":{"image":"","repeat":"repeat","position_x":"center","position_y":"center"},"general-breadcrumbs_bg_color":"enabled","general-breadcrumbs_color":"#333333","general-contact_form_style":"minimal","general-content_boxes_bg_color":"rgba(246,246,246,1)","general-content_boxes_bg_opacity":100,"general-content_boxes_decoration":"none","general-content_boxes_decoration_outline_color":"rgba(0,0,0,0)","general-content_boxes_decoration_outline_opacity":0,"general-content_width":"1300px","general-custom_css":"\/*breadcrumbs background color*\/\r\n.page-title .breadcrumbs {\r\nbackground-color: rgba(0, 0, 0, 0.05);\r\n}\r\n\r\n\/*microwidgets near main logo - margins*\/\r\n.classic-header .branding .mini-widgets {\r\nmargin: 4px 0 0 0;\r\n}","general-custom_loader":"","general-favicon":"\/wp-content\/uploads\/sites\/5\/2016\/01\/the7-new-fav1.gif","general-favicon_hd":"\/wp-content\/uploads\/sites\/5\/2016\/01\/the7-new-fav-hd1.gif","general-filter-margin":"0px 5px 0px 0px","general-filter-margin-bottom":0,"general-filter-margin-left":0,"general-filter-margin-right":5,"general-filter-margin-top":0,"general-filter-padding":"6px 15px 6px 16px","general-filter-padding-bottom":6,"general-filter-padding-left":16,"general-filter-padding-right":15,"general-filter-padding-top":6,"general-filter_style":"minimal","general-filter_style-material-line_size":2,"general-filter_style-minimal-border_radius":100,"general-fullscreen_overlay_color":"rgba(255,255,255,1)","general-fullscreen_overlay_color_mode":"color","general-fullscreen_overlay_gradient":"135deg|#8224e3 30%|#dd3333 100%","general-fullscreen_overlay_opacity":100,"general-handheld_icon-old_ipad":"","general-handheld_icon-old_iphone":"","general-handheld_icon-retina_ipad":"","general-handheld_icon-retina_iphone":"","general-hd_images":"srcset_based","general-images_lazy_loading":"1","general-layout":"wide","general-loader_style":"square_jelly_box","general-mobile_side_content_paddings":30,"general-navigation_margin":50,"general-next_prev_in_album":"1","general-next_prev_in_blog":"1","general-next_prev_in_portfolio":"1","general-page_content_bottom_margin":70,"general-page_content_margin":"70px 70px","general-page_content_top_margin":70,"general-portfolio_meta_author":"1","general-portfolio_meta_categories":"1","general-portfolio_meta_comments":"1","general-portfolio_meta_date":"1","general-portfolio_meta_on":"1","general-rel_posts_head_title":"Related posts","general-rel_posts_max":8,"general-rel_projects_details":"1","general-rel_projects_excerpt":"1","general-rel_projects_fullwidth_height":210,"general-rel_projects_fullwidth_width":210,"general-rel_projects_fullwidth_width_style":"prop","general-rel_projects_head_title":"Related projects","general-rel_projects_height":180,"general-rel_projects_info_author":"1","general-rel_projects_info_categories":"1","general-rel_projects_info_comments":"1","general-rel_projects_info_date":"1","general-rel_projects_link":"1","general-rel_projects_max":12,"general-rel_projects_title":"1","general-rel_projects_width":180,"general-rel_projects_width_style":"prop","general-rel_projects_zoom":"1","general-responsive":"1","general-responsive_title_height":100,"general-responsive_title_line_height":34,"general-responsive_title_size":24,"general-responsiveness-treshold":970,"general-show_author_in_blog":"1","general-show_back_button_in_album":"1","general-show_back_button_in_post":"1","general-show_back_button_in_project":"0","general-show_breadcrumbs":"0","general-show_rel_posts":"1","general-show_rel_projects":"0","general-show_titles":"1","general-side_content_paddings":30,"general-slideshow_bullets_style":"accent","general-smooth_scroll":"off","general-spinner_color":"rgba(93,198,98,0.75)","general-spinner_opacity":75,"general-switch_content_paddings":768,"general-title_align":"center","general-title_bg_color":"rgba(246,246,246,1)","general-title_bg_fixed":false,"general-title_bg_fullscreen":false,"general-title_bg_gradient":"135deg|#99d240 30%|#39be76 100%","general-title_bg_image":{"image":"","repeat":"no-repeat","position_x":"center","position_y":"center"},"general-title_bg_mode":"background","general-title_bg_opacity":100,"general-title_bg_overlay":false,"general-title_bg_overlay_opacity":50,"general-title_bg_parallax":"","general-title_color":"#333333","general-title_decoration":"none","general-title_decoration_line_color":"rgba(204,204,204,0.5)","general-title_decoration_line_height":1,"general-title_decoration_line_opacity":50,"general-title_decoration_line_style":"solid","general-title_decoration_outline_color":"rgba(30,115,190,0)","general-title_decoration_outline_height":1,"general-title_decoration_outline_opacity":0,"general-title_decoration_outline_style":"solid","general-title_enable_bg_img":"disabled","general-title_height":160,"general-title_overlay_color":"rgba(0,0,0,0.5)","general-title_responsive_breadcrumbs":"1","general-title_scroll_effect":"default","general-titles-responsiveness-switch":778,"general-titles_responsiveness":"1","header-background":"normal","header-bg-color":"rgba(255,255,255,1)","header-bg-image":{"image":"","repeat":"repeat","position_x":"center","position_y":"center"},"header-bg-is_fixed":false,"header-bg-is_fullscreen":false,"header-bg-opacity":100,"header-classic-elements":{"near_menu_right":["search"],"near_logo_right":["text_area"]},"header-classic-elements-near_logo_left-padding":"0px 0px 0px 0px","header-classic-elements-near_logo_left-padding-bottom":0,"header-classic-elements-near_logo_left-padding-left":0,"header-classic-elements-near_logo_left-padding-right":0,"header-classic-elements-near_logo_left-padding-top":0,"header-classic-elements-near_logo_right-padding":"0px 0px 0px 0px","header-classic-elements-near_logo_right-padding-bottom":0,"header-classic-elements-near_logo_right-padding-left":0,"header-classic-elements-near_logo_right-padding-right":0,"header-classic-elements-near_logo_right-padding-top":0,"header-classic-elements-near_menu_right-padding":"0px 0px 0px 35px","header-classic-elements-near_menu_right-padding-bottom":0,"header-classic-elements-near_menu_right-padding-left":35,"header-classic-elements-near_menu_right-padding-right":0,"header-classic-elements-near_menu_right-padding-top":0,"header-classic-height":200,"header-classic-is_fullwidth":"0","header-classic-logo-position":"left","header-classic-menu-bg-color":"rgba(51,51,51,0.1)","header-classic-menu-bg-opacity":10,"header-classic-menu-bg-style":"content_line","header-classic-menu-margin":"0px 0px","header-classic-menu-margin-bottom":0,"header-classic-menu-margin-top":0,"header-classic-menu-position":"justify","header-classic-show_elements":"1","header-decoration":"shadow","header-decoration-color":"rgba(255,255,255,0.15)","header-decoration-opacity":15,"header-elements-contact-address-caption":"8500 Beverly Boulevard Los Angeles, CA 90048","header-elements-contact-address-first-header-switch":"near_logo","header-elements-contact-address-icon":"custom","header-elements-contact-address-on-desktops":"show","header-elements-contact-address-second-header-switch":"hidden","header-elements-contact-clock-caption":"Monday \u2013 Friday 10 AM \u2013 8 PM","header-elements-contact-clock-first-header-switch":"near_logo","header-elements-contact-clock-icon":"custom","header-elements-contact-clock-on-desktops":"show","header-elements-contact-clock-second-header-switch":"hidden","header-elements-contact-email-caption":"sales@yoursite.com","header-elements-contact-email-first-header-switch":"near_logo","header-elements-contact-email-icon":"custom","header-elements-contact-email-on-desktops":"show","header-elements-contact-email-second-header-switch":"in_menu","header-elements-contact-phone-caption":"011 322 44 56","header-elements-contact-phone-first-header-switch":"near_logo","header-elements-contact-phone-icon":"custom","header-elements-contact-phone-on-desktops":"show","header-elements-contact-phone-second-header-switch":"in_menu","header-elements-contact-skype-caption":"Your_Skype","header-elements-contact-skype-first-header-switch":"near_logo","header-elements-contact-skype-icon":"custom","header-elements-contact-skype-on-desktops":"show","header-elements-contact-skype-second-header-switch":"hidden","header-elements-login-caption":"Login","header-elements-login-first-header-switch":"near_logo","header-elements-login-icon":"custom","header-elements-login-on-desktops":"show","header-elements-login-second-header-switch":"in_menu","header-elements-login-url":"http:\/\/themeforest.net","header-elements-login-use_logout_url":false,"header-elements-logout-caption":"Logout","header-elements-menu-first-header-switch":"near_logo","header-elements-menu-on-desktops":"show","header-elements-menu-second-header-switch":"in_menu","header-elements-menu-style":"dropdown","header-elements-near_logo-font_color":"#333333","header-elements-near_logo-font_family":"Roboto:500","header-elements-near_logo-font_size":15,"header-elements-near_menu-font_color":"#333333","header-elements-near_menu-font_family":"Roboto:500","header-elements-near_menu-font_size":13,"header-elements-search-caption":"","header-elements-search-first-header-switch":"near_logo","header-elements-search-icon":"custom","header-elements-search-on-desktops":"show","header-elements-search-second-header-switch":"near_logo","header-elements-soc_icons":{"1":{"icon":"facebook","url":"\/"},"2":{"icon":"twitter","url":"\/"},"3":{"icon":"google","url":"\/"}},"header-elements-soc_icons-bg":"color","header-elements-soc_icons-bg-color":"rgba(237,237,237,1)","header-elements-soc_icons-bg-gradient":"135deg|#ffffff 30%|#000000 100%","header-elements-soc_icons-bg-hover-opacity":100,"header-elements-soc_icons-bg-opacity":100,"header-elements-soc_icons-border":"disabled","header-elements-soc_icons-color":"#333333","header-elements-soc_icons-first-header-switch":"near_logo","header-elements-soc_icons-hover-bg":"accent","header-elements-soc_icons-hover-bg-color":"rgba(255,255,255,1)","header-elements-soc_icons-hover-bg-gradient":"135deg|#ffffff 30%|#000000 100%","header-elements-soc_icons-hover-border":"disabled","header-elements-soc_icons-hover-color":"#ffffff","header-elements-soc_icons-on-desktops":"show","header-elements-soc_icons-second-header-switch":"in_menu","header-elements-text":"<a href=\"http:\/\/themeforest.net\/item\/the7-responsive-multipurpose-wordpress-theme\/5556590?ref=Dream-Theme&amp;license=regular&amp;open_purchase_for_item_id=5556590\" target=\"_blank\"><img src=\"https:\/\/the7.io\/news\/wp-content\/uploads\/sites\/5\/2014\/03\/the7-news-banner.jpg\" alt=\"the7-news-banner\" width=\"728\" height=\"90\" \/><\/a>","header-elements-text-2":"Some call to action text goes here!","header-elements-text-2-first-header-switch":"near_logo","header-elements-text-2-on-desktops":"show","header-elements-text-2-second-header-switch":"hidden","header-elements-text-3":"Some call to action text goes here!","header-elements-text-3-first-header-switch":"near_logo","header-elements-text-3-on-desktops":"show","header-elements-text-3-second-header-switch":"hidden","header-elements-text-first-header-switch":"near_logo","header-elements-text-on-desktops":"show","header-elements-text-second-header-switch":"hidden","header-floating_navigation-bg-color":"rgba(255,255,255,1)","header-floating_navigation-bg-opacity":100,"header-floating_navigation-decoration":"shadow","header-floating_navigation-decoration-color":"rgba(255,255,255,0.1)","header-floating_navigation-decoration-opacity":10,"header-floating_navigation-height":60,"header-floating_navigation-show_after":220,"header-floating_navigation-style":"fade","header-inline-elements":{"near_menu_right":["search","social_icons"]},"header-inline-elements-near_menu-font_color":"#333333","header-inline-elements-near_menu_right-padding":"0px 30px 0px 30px","header-inline-elements-near_menu_right-padding-bottom":0,"header-inline-elements-near_menu_right-padding-left":30,"header-inline-elements-near_menu_right-padding-right":30,"header-inline-elements-near_menu_right-padding-top":0,"header-inline-height":120,"header-inline-is_fullwidth":"1","header-inline-menu-position":"justify","header-inline-show_elements":"1","header-layout":"inline","header-logo-padding":"0px 30px 0px 30px","header-logo-padding-bottom":0,"header-logo-padding-left":30,"header-logo-padding-right":30,"header-logo-padding-top":0,"header-logo_hd":["\/wp-content\/uploads\/sites\/5\/2015\/11\/s-news-large-hd.png",14888],"header-logo_regular":["\/wp-content\/uploads\/sites\/5\/2015\/11\/s-news-largre.png",14889],"header-menu-active_item-font-color":"#60d45c","header-menu-active_item-font-color-style":"accent","header-menu-active_item-font-gradient":"90deg|#ffffff 30%|#000000 100%","header-menu-decoration-other-active-color":"rgba(255,255,255,0)","header-menu-decoration-other-active-color-style":"accent","header-menu-decoration-other-active-gradient":"135deg|rgba(255,255,255,0) 30%|rgba(0,0,0,0) 100%","header-menu-decoration-other-active-line":"1","header-menu-decoration-other-active-line-color":"rgba(130,36,227,1)","header-menu-decoration-other-active-line-color-style":"accent","header-menu-decoration-other-active-line-gradient":"135deg|#dd3333 30%|#81d742 100%","header-menu-decoration-other-active-line-opacity":100,"header-menu-decoration-other-active-opacity":0,"header-menu-decoration-other-active-style":"background","header-menu-decoration-other-border-radius":0,"header-menu-decoration-other-click_decor":"0","header-menu-decoration-other-click_decor-color":"rgba(255,255,255,0.2)","header-menu-decoration-other-click_decor-color-style":"accent","header-menu-decoration-other-click_decor-gradient":"135deg|rgba(255,255,255,0.2) 30%|rgba(0,0,0,0.2) 100%","header-menu-decoration-other-click_decor-opacity":20,"header-menu-decoration-other-hover-color":"rgba(255,255,255,0)","header-menu-decoration-other-hover-color-style":"accent","header-menu-decoration-other-hover-gradient":"135deg|rgba(255,255,255,0) 30%|rgba(0,0,0,0) 100%","header-menu-decoration-other-hover-line":"1","header-menu-decoration-other-hover-line-color":"rgba(221,51,51,1)","header-menu-decoration-other-hover-line-color-style":"accent","header-menu-decoration-other-hover-line-gradient":"135deg|#ffffff 30%|#000000 100%","header-menu-decoration-other-hover-line-opacity":100,"header-menu-decoration-other-hover-style":"background","header-menu-decoration-other-line_size":"4","header-menu-decoration-other-links-is_justified":"1","header-menu-decoration-other-opacity":0,"header-menu-decoration-style":"other","header-menu-decoration-underline-color":"#ffffff","header-menu-decoration-underline-color-style":"accent","header-menu-decoration-underline-direction":"downwards","header-menu-decoration-underline-gradient":"135deg|#ffffff 30%|#000000 100%","header-menu-decoration-underline-line_size":"2","header-menu-dividers-color":"rgba(204,204,204,0.5)","header-menu-dividers-height":30,"header-menu-dividers-height-style":"full","header-menu-dividers-opacity":50,"header-menu-dividers-surround":"1","header-menu-font-color":"#333333","header-menu-hover-font-color":"#60d45c","header-menu-hover-font-color-style":"accent","header-menu-hover-font-gradient":"90deg|#8224e3 30%|#751257 100%","header-menu-icon-size":14,"header-menu-item-margin":"0px 0px 0px 0px","header-menu-item-margin-bottom":0,"header-menu-item-margin-left":0,"header-menu-item-margin-right":0,"header-menu-item-margin-top":0,"header-menu-item-padding":"0px 0px 0px 0px","header-menu-item-padding-bottom":0,"header-menu-item-padding-left":0,"header-menu-item-padding-right":0,"header-menu-item-padding-top":0,"header-menu-item-surround_margins-custom-margin":-20,"header-menu-item-surround_margins-style":"regular","header-menu-show_dividers":"1","header-menu-show_next_lvl_icons":false,"header-menu-submenu-active-font-color":"#60d45c","header-menu-submenu-active-font-color-style":"accent","header-menu-submenu-active-font-gradient":"90deg|#ffffff 30%|#000000 100%","header-menu-submenu-bg-color":"rgba(47,50,52,0.95)","header-menu-submenu-bg-hover":"animated_background","header-menu-submenu-bg-opacity":95,"header-menu-submenu-bg-width":250,"header-menu-submenu-font-color":"#efefef","header-menu-submenu-hover-font-color":"#efefef","header-menu-submenu-hover-font-color-style":"color","header-menu-submenu-hover-font-gradient":"90deg|#81d742 30%|#eeee22 100%","header-menu-submenu-icon-size":14,"header-menu-submenu-item-margin":"0px 0px 0px 0px","header-menu-submenu-item-margin-bottom":0,"header-menu-submenu-item-margin-left":0,"header-menu-submenu-item-margin-right":0,"header-menu-submenu-item-margin-top":0,"header-menu-submenu-item-padding":"9px 8px 9px 8px","header-menu-submenu-item-padding-bottom":9,"header-menu-submenu-item-padding-left":8,"header-menu-submenu-item-padding-right":8,"header-menu-submenu-item-padding-top":9,"header-menu-submenu-parent_is_clickable":"1","header-menu-submenu-show_next_lvl_icons":"1","header-menu_close_icon-margin":"30px 30px 30px 30px","header-menu_icon-bg-border-radius":50,"header-menu_icon-bg-color":"rgba(51,51,51,1)","header-menu_icon-bg-opacity":100,"header-menu_icon-bg-size":54,"header-menu_icon-color":"#ffffff","header-menu_icon-hover-bg-color":"rgba(51,51,51,1)","header-menu_icon-hover-bg-opacity":100,"header-menu_icon-hover-color":"#ffffff","header-menu_icon-margin":"0px 25px 0px 20px","header-menu_icon-margin-bottom":0,"header-menu_icon-margin-left":20,"header-menu_icon-margin-right":25,"header-menu_icon-margin-top":0,"header-menu_icon-size":"small","header-mixed-bg-color":"rgba(255,255,255,1)","header-mixed-bg-opacity":100,"header-mixed-decoration":"shadow","header-mixed-decoration-color":"rgba(0,0,0,0.2)","header-mixed-decoration-opacity":20,"header-mobile-first_switch-after":1100,"header-mobile-first_switch-height":60,"header-mobile-first_switch-layout":"right_left","header-mobile-first_switch-logo":"mobile","header-mobile-floating_navigation":"sticky","header-mobile-header-bg-color":"rgba(255,255,255,1)","header-mobile-menu-align":"right","header-mobile-menu-bg-color":"rgba(255,255,255,1)","header-mobile-menu-bg-opacity":100,"header-mobile-menu-bg-width":340,"header-mobile-menu-font-color":"#333333","header-mobile-menu-font-hover-color":"#60d45c","header-mobile-menu-font-hover-color-style":"accent","header-mobile-menu-font-hover-gradient":"135deg|#b78ce2 30%|#1e73be 100%","header-mobile-menu_icon-bg-color":"rgba(255,255,255,0)","header-mobile-menu_icon-bg-size":24,"header-mobile-menu_icon-color":"#333333","header-mobile-menu_icon-size":"small","header-mobile-microwidgets-font-color":"#333333","header-mobile-second_switch-after":768,"header-mobile-second_switch-height":60,"header-mobile-second_switch-layout":"right_left","header-mobile-second_switch-logo":"mobile","header-overlay-content-padding":"0px 50px 0px 50px","header-overlay-content-padding-bottom":0,"header-overlay-content-padding-left":50,"header-overlay-content-padding-right":50,"header-overlay-content-padding-top":0,"header-overlay-content-position":"left","header-overlay-content-width":"500px","header-overlay-elements":{"side_top_line":["phone","email"],"below_menu":["search"]},"header-overlay-elements-below_menu-padding":"0px 0px 0px 0px","header-overlay-elements-below_menu-padding-bottom":0,"header-overlay-elements-below_menu-padding-left":0,"header-overlay-elements-below_menu-padding-right":0,"header-overlay-elements-below_menu-padding-top":0,"header-overlay-elements-top_line-padding":"0px 0px 0px 0px","header-overlay-elements-top_line-padding-bottom":0,"header-overlay-elements-top_line-padding-left":0,"header-overlay-elements-top_line-padding-right":0,"header-overlay-elements-top_line-padding-top":0,"header-overlay-icons_style":"bold","header-overlay-layout":"top_line","header-overlay-layout-menu_icon-show_floating_logo":"1","header-overlay-layout-side_line-width":60,"header-overlay-layout-top_line-height":80,"header-overlay-layout-top_line-is_fullwidth":"0","header-overlay-layout-top_line-logo-position":"center","header-overlay-logo-position":"fully_inside","header-overlay-menu-items_alignment":"left","header-overlay-menu-items_link":"fullwidth","header-overlay-menu-padding":"0px 0px","header-overlay-menu-padding-bottom":0,"header-overlay-menu-padding-top":0,"header-overlay-menu-position":"v_top","header-overlay-show_elements":"1","header-show_floating_navigation":"1","header-side-content-padding":"50px 0px 40px 0px","header-side-content-padding-bottom":40,"header-side-content-padding-left":0,"header-side-content-padding-right":0,"header-side-content-padding-top":50,"header-side-content-position":"center","header-side-content-width":"300px","header-side-elements":{"below_menu":["social_icons","email","skype"]},"header-side-elements-below_menu-padding":"0px 35px 0px 35px","header-side-elements-below_menu-padding-bottom":0,"header-side-elements-below_menu-padding-left":35,"header-side-elements-below_menu-padding-right":35,"header-side-elements-below_menu-padding-top":0,"header-side-logo-position":"inside","header-side-menu-items_alignment":"center","header-side-menu-items_link":"fullwidth","header-side-menu-padding":"50px 50px","header-side-menu-padding-bottom":50,"header-side-menu-padding-top":50,"header-side-menu-position":"v_top","header-side-menu-submenu-position":"down","header-side-position":"right","header-side-show_elements":"1","header-side-width":"300px","header-slide_out-content-padding":"0px 54px 0px 54px","header-slide_out-content-padding-bottom":0,"header-slide_out-content-padding-left":54,"header-slide_out-content-padding-right":54,"header-slide_out-content-padding-top":0,"header-slide_out-content-position":"center","header-slide_out-content-width":"100%","header-slide_out-elements":{"side_top_line":["search","phone"],"below_menu":["working_hours","email","social_icons"]},"header-slide_out-elements-below_menu-padding":"30px 0px 30px 0px","header-slide_out-elements-below_menu-padding-bottom":30,"header-slide_out-elements-below_menu-padding-left":0,"header-slide_out-elements-below_menu-padding-right":0,"header-slide_out-elements-below_menu-padding-top":30,"header-slide_out-elements-top_line-padding":"0px 0px 0px 0px","header-slide_out-elements-top_line-padding-bottom":0,"header-slide_out-elements-top_line-padding-left":0,"header-slide_out-elements-top_line-padding-right":0,"header-slide_out-elements-top_line-padding-top":0,"header-slide_out-icons_style":"bold","header-slide_out-layout":"top_line","header-slide_out-layout-menu_icon-show_floating_logo":"1","header-slide_out-layout-side_line-position":"above","header-slide_out-layout-side_line-width":64,"header-slide_out-layout-top_line-height":74,"header-slide_out-layout-top_line-is_fullwidth":"1","header-slide_out-layout-top_line-logo-position":"left","header-slide_out-logo-position":"fully_inside","header-slide_out-menu-items_alignment":"left","header-slide_out-menu-items_link":"fullwidth","header-slide_out-menu-padding":"0px 0px","header-slide_out-menu-padding-bottom":0,"header-slide_out-menu-padding-top":0,"header-slide_out-menu-position":"v_top","header-slide_out-overlay-animation":"","header-slide_out-overlay-bg-color":"rgba(51,51,51,0.25)","header-slide_out-overlay-bg-color-style":"color","header-slide_out-overlay-bg-gradient":"135deg|rgba(205,183,226,0.25) 30%|rgba(130,20,130,0.25) 100%","header-slide_out-overlay-bg-opacity":25,"header-slide_out-overlay-blur":"0","header-slide_out-overlay-x_cursor":"1","header-slide_out-overlay-x_cursor-color":"rgba(255,255,255,1)","header-slide_out-overlay-x_cursor-opacity":100,"header-slide_out-position":"right","header-slide_out-show_elements":"1","header-slide_out-width":"370px","header-split-elements":{"near_menu_left":["search"]},"header-split-elements-near_menu_left-padding":"0px 20px 0px 20px","header-split-elements-near_menu_left-padding-bottom":0,"header-split-elements-near_menu_left-padding-left":20,"header-split-elements-near_menu_left-padding-right":20,"header-split-elements-near_menu_left-padding-top":0,"header-split-elements-near_menu_right-padding":"0px 20px 0px 20px","header-split-elements-near_menu_right-padding-bottom":0,"header-split-elements-near_menu_right-padding-left":20,"header-split-elements-near_menu_right-padding-right":20,"header-split-elements-near_menu_right-padding-top":0,"header-split-height":100,"header-split-is_fullwidth":"0","header-split-menu-position":"outside","header-split-show_elements":"1","header-style-floating-choose_logo":"none","header-style-floating-logo-padding":"0px 0px 0px 0px","header-style-floating-logo-padding-bottom":0,"header-style-floating-logo-padding-left":0,"header-style-floating-logo-padding-right":0,"header-style-floating-logo-padding-top":0,"header-style-floating-logo_hd":["",0],"header-style-floating-logo_regular":["",0],"header-style-mixed-logo-padding":"0px 0px 0px 0px","header-style-mixed-logo-padding-bottom":0,"header-style-mixed-logo-padding-left":0,"header-style-mixed-logo-padding-right":0,"header-style-mixed-logo-padding-top":0,"header-style-mixed-logo_hd":["",0],"header-style-mixed-logo_regular":["",0],"header-style-mobile-logo-padding":"0px 0px 0px 0px","header-style-mobile-logo-padding-bottom":0,"header-style-mobile-logo-padding-left":0,"header-style-mobile-logo-padding-right":0,"header-style-mobile-logo-padding-top":0,"header-style-mobile-logo_hd":["\/wp-content\/uploads\/sites\/5\/2015\/11\/s-news-small-hd.png",14886],"header-style-mobile-logo_regular":["\/wp-content\/uploads\/sites\/5\/2015\/11\/s-news-small.png",14887],"header-style-transparent-logo-padding":"0px 30px 0px 30px","header-style-transparent-logo-padding-bottom":0,"header-style-transparent-logo-padding-left":30,"header-style-transparent-logo-padding-right":30,"header-style-transparent-logo-padding-top":0,"header-style-transparent-logo_hd":["\/wp-content\/uploads\/sites\/5\/2015\/11\/s-tr-hd.png",14890],"header-style-transparent-logo_regular":["\/wp-content\/uploads\/sites\/5\/2015\/11\/s-tr.png",14891],"header-style-transparent-mobile-logo-padding":"0px 0px 0px 0px","header-style-transparent-mobile-logo_regular":["\/wp-content\/uploads\/sites\/5\/2015\/11\/s-news-small.png",14887],"header-transparent-mobile-first_switch-logo":"mobile","header-transparent-mobile-second_switch-logo":"mobile","header-transparent_bg_color":"rgba(255,255,255,1)","header-transparent_bg_opacity":100,"image_hover-album_miniatures_style":"style_2","image_hover-color":"rgba(0,0,0,0.37)","image_hover-color_gradient":"135deg|rgba(0,0,0,0.37) 30%|rgba(48,48,48,0.37) 100%","image_hover-color_mode":"color","image_hover-default_icon":"small_corner","image_hover-onclick_animation":"1","image_hover-opacity":37,"image_hover-project_icons_style":"small","image_hover-project_rollover_color":"rgba(0,0,0,0.73)","image_hover-project_rollover_color_gradient":"135deg|rgba(106,229,230,0.73) 30%|rgba(17,144,201,0.73) 100%","image_hover-project_rollover_color_mode":"color","image_hover-project_rollover_opacity":73,"image_hover-style":"scale","modules-albums-status":"enabled","modules-benefits-status":"enabled","modules-logos-status":"enabled","modules-portfolio-status":"enabled","modules-slideshow-status":"enabled","modules-team-status":"enabled","modules-testimonials-status":"enabled","page_title-background-style-transparent-color_scheme":"from_options","page_title-padding":"30px 30px","page_title-padding-bottom":"30px","page_title-padding-top":"30px","post-show_fancy_categories":"1","post-show_fancy_date":"1","sidebar-bg_color":"rgba(255,255,255,1)","sidebar-bg_image":{"image":"","repeat":"repeat","position_x":"center","position_y":"center"},"sidebar-bg_opacity":100,"sidebar-decoration":"outline","sidebar-decoration_outline_color":"rgba(204,204,204,0.5)","sidebar-decoration_outline_opacity":50,"sidebar-distance_to_content":50,"sidebar-divider-horizontal":"0","sidebar-divider-vertical":"1","sidebar-headers_color":"#333333","sidebar-primary_text_color":"#757575","sidebar-responsiveness":970,"sidebar-vertical_distance":50,"sidebar-visual_style":"with_dividers","sidebar-width":"32%","social_buttons-page":[],"social_buttons-page-button_title":"Share this page","social_buttons-photo":[],"social_buttons-photo-button_title":"Share this image","social_buttons-portfolio_post":[],"social_buttons-portfolio_post-button_title":"Share this post","social_buttons-post":["facebook","twitter","pinterest","google+","linkedin"],"social_buttons-post-button_title":"Share this post","social_buttons-visibility":"allways","stripes-stripe_1_bg_image":{"image":"","repeat":"repeat","position_x":"center","position_y":"center"},"stripes-stripe_1_color":"#f6f6f6","stripes-stripe_1_content_boxes_bg_color":"#cccccc","stripes-stripe_1_content_boxes_bg_opacity":20,"stripes-stripe_1_content_boxes_decoration":"none","stripes-stripe_1_content_boxes_decoration_outline_color":"#dd3333","stripes-stripe_1_content_boxes_decoration_outline_opacity":100,"stripes-stripe_1_headers_color":"#333333","stripes-stripe_1_outline":"hide","stripes-stripe_1_outline_color":"#44bb70","stripes-stripe_1_outline_opacity":94,"stripes-stripe_1_text_color":"#757575","stripes-stripe_2_bg_image":{"image":"","repeat":"repeat","position_x":"center","position_y":"center"},"stripes-stripe_2_color":"#f6f6f6","stripes-stripe_2_content_boxes_bg_color":"#cccccc","stripes-stripe_2_content_boxes_bg_opacity":20,"stripes-stripe_2_content_boxes_decoration":"none","stripes-stripe_2_content_boxes_decoration_outline_color":"#ffffff","stripes-stripe_2_content_boxes_decoration_outline_opacity":12,"stripes-stripe_2_headers_color":"#333333","stripes-stripe_2_outline":"hide","stripes-stripe_2_outline_color":"#c1edaf","stripes-stripe_2_outline_opacity":100,"stripes-stripe_2_text_color":"#757575","stripes-stripe_3_bg_image":{"image":"","repeat":"repeat","position_x":"center","position_y":"center"},"stripes-stripe_3_color":"#f6f6f6","stripes-stripe_3_content_boxes_bg_color":"#cccccc","stripes-stripe_3_content_boxes_bg_opacity":20,"stripes-stripe_3_content_boxes_decoration":"none","stripes-stripe_3_content_boxes_decoration_outline_color":"#ffffff","stripes-stripe_3_content_boxes_decoration_outline_opacity":16,"stripes-stripe_3_headers_color":"#333333","stripes-stripe_3_outline":"hide","stripes-stripe_3_outline_color":"#FFFFFF","stripes-stripe_3_outline_opacity":100,"stripes-stripe_3_text_color":"#757575","top_bar-bg-color":"rgba(35,38,41,1)","top_bar-bg-image":{"image":"","repeat":"repeat","position_x":"center","position_y":"center"},"top_bar-bg-opacity":100,"top_bar-bg-style":"disabled","top_bar-font-color":"#efefef","top_bar-line-in-transparent-header":false,"top_bar-padding":"0px 0px 0px","top_bar-paddings-bottom":0,"top_bar-paddings-horizontal":0,"top_bar-paddings-top":0,"widgetareas":{"1":{"sidebar_name":"Default Sidebar","sidebar_desc":"Sidebar primary widget area"},"2":{"sidebar_name":"Default Footer","sidebar_desc":"Footer primary widget area"}},"content-links_color":"#99d240","header-menu-submenu-hover-bg-opacity":7,"header-menu-submenu-active-bg-opacity":7,"header-menu-submenu-hover-bg-color":"rgba(239,239,239,0.07)","header-menu-submenu-active-bg-color":"rgba(239,239,239,0.07)","header-menu-submenu-hover-bg-color-style":"color","header-menu-submenu-active-bg-color-style":"color","header-menu-submenu-hover-bg-gradient":"90deg|#81d742 30%|#eeee22 100%","header-menu-submenu-active-bg-gradient":"90deg|#81d742 30%|#eeee22 100%","header-elements-search_custom-icon":"the7-mw-icon-search-bold","header-elements-login-custom-icon":"the7-mw-icon-login-bold","header-elements-contact-phone-custom-icon":"the7-mw-icon-phone-bold","header-elements-contact-address-custom-icon":"the7-mw-icon-address-bold","header-elements-contact-skype-custom-icon":"the7-mw-icon-skype-bold","header-elements-contact-email-custom-icon":"the7-mw-icon-mail-bold","header-elements-contact-clock-custom-icon":"the7-mw-icon-clock-bold","microwidgets-search_custom-icon":"the7-mw-icon-search-bold","menu-mobile-microwidgets-font-color":"#333333","general-post_back_button_url":"\/news\/","general-project_back_button_url":"","general-album_back_button_url":"","fonts-h1-typography":{"font_family":"Roboto:700","font_size":40,"line_height":50,"text_transform":"none"},"fonts-h2-typography":{"font_family":"Roboto:700","font_size":32,"line_height":42,"text_transform":"none"},"fonts-h3-typography":{"font_family":"Roboto:700","font_size":24,"line_height":34,"text_transform":"none"},"fonts-h4-typography":{"font_family":"Roboto:700","font_size":18,"line_height":28,"text_transform":"none"},"fonts-h5-typography":{"font_family":"Roboto:700","font_size":15,"line_height":25,"text_transform":"none"},"fonts-h6-typography":{"font_family":"Roboto:700","font_size":13,"line_height":23,"text_transform":"none"},"general-page-title-typography":{"font_family":"Roboto:700","font_size":32,"line_height":42,"text_transform":"none"},"filter-typography":{"font_family":"Roboto:500","font_size":14,"text_transform":"uppercase"},"breadcrumbs-typography":{"font_family":"Roboto","font_size":13,"line_height":24,"text_transform":"none"},"top_bar-typography":{"font_family":"Roboto:500","font_size":13,"text_transform":"none"},"header-mobile-microwidgets-typography":{"font_family":"Roboto:500","font_size":13},"menu-mobile-microwidgets-typography":{"font_family":"Roboto:500","font_size":13},"header-menu-typography":{"font_family":"Roboto:700","font_size":17,"text_transform":"none"},"header-menu-subtitle-typography":{"font_family":"Arial:400italic","font_size":10},"header-menu-submenu-typography":{"font_family":"Roboto","font_size":14,"text_transform":"none"},"header-menu-submenu-subtitle-typography":{"font_family":"Arial:400italic","font_size":10},"header-mobile-menu-typography":{"font_family":"Roboto:700","font_size":15,"text_transform":"none"},"header-mobile-submenu-typography":{"font_family":"Roboto:500","font_size":13,"text_transform":"none"},"header-inline-elements-near_menu-typography":{"font_family":"Roboto:500","font_size":13},"buttons-s-typography":{"font_family":"Roboto:700","font_size":12,"text_transform":"none"},"buttons-m-typography":{"font_family":"Roboto:700","font_size":15,"text_transform":"none"},"buttons-l-typography":{"font_family":"Roboto:700","font_size":18,"text_transform":"none"},"header-elements-woocommerce_cart-sub_cart-bg-width":250,"header-elements-edd_cart-sub_cart-bg-width":250,"header-elements-woocommerce_cart-sub_cart-bg-color":"rgba(47,50,52,0.95)","header-elements-edd_cart-sub_cart-bg-color":"rgba(47,50,52,0.95)","header-elements-woocommerce_cart-sub_cart-font-color":"#efefef","header-elements-edd_cart-sub_cart-font-color":"#efefef","header-mega-menu-title-font-color":"#efefef","header-mega-menu-desc-font-color":"#efefef","header-mega-menu-widget-font-color":"#efefef","header-mega-menu-widget-title-color":"#efefef","header-mega-menu-title-active_item-font-color-style":"accent","header-mega-menu-title-hover-font-color-style":"accent","header-mega-menu-widget-accent-color":"","header-mega-menu-title-icon-size":15,"header-mega-menu-title-typography":{"font_family":"Roboto:700","font_size":15,"text_transform":"none"},"header-mega-menu-desc-typography":{"font_family":"Roboto","font_size":13},"header-style-mixed-top_line-floating-logo-padding":"0px 0px 0px 0px"},"wp_settings":{"show_on_front":"page","page_on_front":"834","page_for_posts":"0"},"widgets_settings":{"widget_archives":{"2":{"title":"","count":0,"dropdown":0},"_multiwidget":1},"widget_meta":{"2":{"title":""},"_multiwidget":1},"widget_search":{"2":{"title":""},"_multiwidget":1},"widget_text":{"2":{"title":"","text":"<a href=\"http:\/\/themeforest.net\/item\/the7-responsive-multipurpose-wordpress-theme\/5556590?ref=Dream-Theme\" target=\"_blank\"><img width=\"272\" style=\"margin: 5px 10px 0px 0px;max-width: 100%\" src=\"https:\/\/the7.io\/news\/wp-content\/uploads\/sites\/5\/2017\/03\/news-banner-001.jpg\"><\/a>\r\n<a href=\"http:\/\/support.dream-theme.com\" target=\"_blank\"><img width=\"272\" style=\"margin: 10px 10px 0px 0px;max-width: 100%\" src=\"https:\/\/the7.io\/news\/wp-content\/uploads\/sites\/5\/2017\/03\/news-banner-002.jpg\"><\/a>","filter":false},"_multiwidget":1},"widget_categories":{"2":{"title":"","count":0,"hierarchical":0,"dropdown":0},"_multiwidget":1},"widget_recent-posts":{"2":{"title":"","number":5},"_multiwidget":1},"widget_recent-comments":{"2":{"title":"","number":5},"3":{"title":"Recent comments","number":5},"_multiwidget":1},"widget_presscore-contact-info-widget":{"2":{"title":"Contact info","text":"Ut enim ad minima veniam, quis nostrum exercitationem ullat laboriosam, nisi ut aliquid ex ea commodi consequatur.","links":{"facebook":"https:\/\/www.facebook.com\/WordPress.Premium.Theme","twitter":"https:\/\/twitter.com\/premium_theme","google":"","dribbble":"","you-tube":"","rss":"","delicious":"","flickr":"","forrst":"","lastfm":"","linkedin":"","vimeo":"","tumbler":"","pinterest":"https:\/\/www.pinterest.com\/dreamtheme\/","devian":"","skype":"","github":"","instagram":"","stumbleupon":"","behance":"","mail":"","website":"","px-500":"","tripedvisor":"","vk":"","foursquare":"","xing":"","weibo":"","odnoklassniki":"","research-gate":"","yelp":"","blogger":"","soundcloud":""},"fields":[{"title":"Phone number:","content":"+12 345 67 00 89"},{"title":"E-mail:","content":"yourname@your-site.com"}]},"_multiwidget":1},"widget_presscore-custom-menu-one":{"3":{"title":"Blog categories","menu":"37"},"_multiwidget":1},"widget_presscore-blog-posts":{"2":{"title":"Recent posts","order":"DESC","orderby":"date","show":5,"select":"all","cats":[],"thumbnails":1,"round_images":0,"images_dimensions":{"w":60,"h":60}},"_multiwidget":1},"widget_presscore-contact-form-widget":{"2":{"title":"Get in touch!","text":"","fields":{"name":{"on":true,"required":true},"email":{"on":true,"required":true},"telephone":{"on":false,"required":false},"country":{"on":false,"required":false},"city":{"on":false,"required":false},"company":{"on":false,"required":false},"website":{"on":false,"required":false},"message":{"on":true,"required":false}},"send_to":"","msg_height":3,"button_size":"m","button_title":""},"_multiwidget":1},"sidebars_widgets":{"orphaned_widgets_1":["recent-posts-2","recent-comments-2","archives-2","categories-2","meta-2"],"wp_inactive_widgets":["9022","9022"],"sidebar_1":["search-2","presscore-blog-posts-2","recent-comments-3"],"sidebar_2":["text-2","presscore-custom-menu-one-3","presscore-contact-info-widget-2","presscore-contact-form-widget-2"],"array_version":3}},"nav_menu_locations":{"primary":37,"top":0,"bottom":33},"ultimate_selected_google_fonts":[],"ultimate_icon_fonts":[],"revolution_sliders":[],"vc_settings":{"use_custom":"1","vc_color":"#f7f7f7","vc_color_hover":"#F0F0F0","vc_color_call_to_action_bg":"","vc_color_google_maps_bg":"","vc_color_post_slider_caption_bg":"","vc_color_progress_bar_bg":"","vc_color_separator_border":"","vc_color_tab_bg":"","vc_color_tab_bg_active":"","margin":"0px","gutter":"50","responsive_max":"768"}}