{"schema":{"folders":{"ultimate_icon_fonts":"Ultimate_VC_Addons\/icon-fonts"}},"theme_options":{"advanced-normalize_resize_on_mobile":"1","advanced-speed_img_resize":"1","blog-fancy_date-style":"circle","blog-thumbnail_proportions":{"width":2,"height":1},"blog-thumbnail_size":"resize","bottom_bar-bg_color":"rgba(255,255,255,0.12)","bottom_bar-bg_image":{"image":"","repeat":"repeat","position_x":"center","position_y":"top"},"bottom_bar-collapse_after":"778px","bottom_bar-color":"#85868c","bottom_bar-copyrights":"Seven Weed - trusted cannabis dispensary","bottom_bar-credits":false,"bottom_bar-enabled":"1","bottom_bar-height":"60px","bottom_bar-layout":"logo_left","bottom_bar-logo-padding":"5px 10px 5px 0px","bottom_bar-logo_hd":["\/wp-content\/uploads\/sites\/51\/2019\/02\/w-logo-bottom.png",479],"bottom_bar-logo_regular":["\/wp-content\/uploads\/sites\/51\/2019\/02\/w-logo-bottom-sm.png",480],"bottom_bar-menu-collapse_after":"990px","bottom_bar-padding":"10px 10px","bottom_bar-style":"content_width_line","bottom_bar-text":"\u00a9 Seven Weed 2018-2019. All rights reserved.","breadcrumbs_bg_color":"rgba(255,255,255,0)","breadcrumbs_border_color":"rgba(255,255,255,0.3)","breadcrumbs_border_radius":"3px","breadcrumbs_border_width":"1px","breadcrumbs_margin":"0px 0px 0px 0px","breadcrumbs_padding":"2px 10px 2px 10px","buttons-color":"#81d742","buttons-color_gradient":"135deg|#cc2e7d 30%|#e56027 100%","buttons-color_mode":"accent","buttons-hover_color":"#9bc659","buttons-hover_color_gradient":"135deg|#cc4789 30%|#e57544 100%","buttons-hover_color_mode":"color","buttons-l_border_radius":"5px","buttons-l_padding":"16px 24px 16px 24px","buttons-l_uppercase":false,"buttons-m_border_radius":"5px","buttons-m_padding":"12px 14px 12px 14px","buttons-m_uppercase":false,"buttons-s_border_radius":"5px","buttons-s_padding":"9px 12px 9px 12px","buttons-s_uppercase":false,"buttons-style":"shadow","buttons-text_color":"#ffffff","buttons-text_color_mode":"color","buttons-text_hover_color":"#ffffff","buttons-text_hover_color_mode":"color","contact_form_message":"0","content-headers_color":"#333333","content-links_color":"#75b325","content-primary_text_color":"#85868c","content-secondary_text_color":"#b4b5bb","custom_error_messages":"The message has not been sent. Please try again.","custom_error_messages_validation":"One or more fields have an error. Please check and try again.","custom_success_messages":"Your message has been sent.","dividers-color":"rgba(51,51,51,0.12)","fonts-big_size":15,"fonts-big_size_line_height":27,"fonts-font_family":"Poppins","fonts-h1_uppercase":false,"fonts-h2_uppercase":false,"fonts-h3_uppercase":false,"fonts-h4_uppercase":false,"fonts-h5_uppercase":false,"fonts-h6_uppercase":false,"fonts-normal_size":14,"fonts-normal_size_line_height":25,"fonts-small_size":13,"fonts-small_size_line_height":23,"footer-accent_text_color":"","footer-bg_color":"rgba(26,28,32,1)","footer-bg_image":{"image":"\/wp-content\/themes\/dt-the7\/images\/backgrounds\/patterns\/full\/binding_dark.gif","repeat":"repeat","position_x":"center","position_y":"top"},"footer-collapse_after":"900px","footer-decoration":"none","footer-decoration_outline_color":"rgba(129,215,66,0.96)","footer-headers_color":"#ffffff","footer-layout":"1\/4+1\/4+1\/4+1\/4","footer-padding":"50px 20px","footer-paddings-columns":"25px","footer-primary_text_color":"#85868c","footer-slide-out-mode":"0","footer-style":"solid_background","general-accent_bg_color":"#75b325","general-accent_bg_color_gradient":"0deg|#38892a 25%|#7dad35 75%|#b6cd37 100%","general-accent_color_mode":"color","general-album_back_button_url":"","general-album_meta_author":false,"general-album_meta_categories":"1","general-album_meta_comments":false,"general-album_meta_date":"1","general-album_meta_on":"1","general-beautiful_loading":"enabled","general-bg_color":"rgba(255,255,255,1)","general-bg_fixed":false,"general-bg_fullscreen":false,"general-bg_image":{"image":"","repeat":"repeat","position_x":"center","position_y":"top"},"general-blog_meta_author":"1","general-blog_meta_categories":"1","general-blog_meta_comments":"1","general-blog_meta_date":"1","general-blog_meta_on":"1","general-blog_meta_tags":"1","general-border_radius":"5px","general-box_width":"1340px","general-boxed_bg_color":"#75b325","general-boxed_bg_fixed":false,"general-boxed_bg_fullscreen":false,"general-boxed_bg_image":{"image":"","repeat":"repeat","position_x":"left","position_y":"top"},"general-breadcrumbs_bg_color":"enabled","general-breadcrumbs_color":"#ffffff","general-breadcrumbs_uppercase":false,"general-content_boxes_bg_color":"rgba(247,247,247,1)","general-content_boxes_decoration":"none","general-content_boxes_decoration_outline_color":"rgba(0,0,0,0)","general-content_width":"1300px","general-custom_css":"","general-custom_loader":"","general-favicon":"\/wp-content\/uploads\/sites\/51\/2019\/02\/the7-new-fav1.gif","general-favicon_hd":"\/wp-content\/uploads\/sites\/51\/2019\/02\/the7-new-fav-hd1.gif","general-filter-margin":"0px 15px 0px 15px","general-filter-padding":"8px 0px 8px 0px","general-filter_style":"material","general-filter_style-material-line_size":"2px","general-filter_style-minimal-border_radius":"100px","general-filter_ucase":"1","general-fullscreen_overlay_color":"rgba(255,255,255,1)","general-fullscreen_overlay_color_mode":"gradient","general-fullscreen_overlay_gradient":"360deg|#38892a 25%|#7dad35 75%|#b6cd37 100%","general-fullscreen_overlay_opacity":100,"general-handheld_icon-old_ipad":"","general-handheld_icon-old_iphone":"","general-handheld_icon-retina_ipad":"","general-handheld_icon-retina_iphone":"","general-images_lazy_loading":"1","general-layout":"wide","general-lightbox_arrow_size":"64px","general-lightbox_overlay_opacity":80,"general-loader_style":"double_circles","general-mobile_side_content_paddings":"20px","general-navigation_margin":"50px","general-next_prev_in_album":"1","general-next_prev_in_blog":"1","general-next_prev_in_portfolio":"1","general-page_content_margin":"70px 70px","general-portfolio_meta_author":"1","general-portfolio_meta_categories":"1","general-portfolio_meta_comments":"1","general-portfolio_meta_date":"1","general-portfolio_meta_on":"1","general-portfolio_thumbnail_proportions":{"width":2,"height":1},"general-portfolio_thumbnail_size":"resize","general-post_back_button_url":"\/weed\/news\/","general-project_back_button_url":"","general-rel_posts_head_title":"Related posts","general-rel_posts_max":6,"general-rel_projects_details":"1","general-rel_projects_excerpt":"1","general-rel_projects_head_title":"Related Projects","general-rel_projects_info_author":"1","general-rel_projects_info_categories":"1","general-rel_projects_info_comments":"1","general-rel_projects_info_date":"1","general-rel_projects_link":"1","general-rel_projects_max":12,"general-rel_projects_title":"1","general-rel_projects_zoom":"1","general-responsive":"1","general-responsive_title_height":"70px","general-responsive_title_line_height":30,"general-responsive_title_size":20,"general-show_author_in_blog":"1","general-show_back_button_in_album":"1","general-show_back_button_in_post":"1","general-show_back_button_in_project":"0","general-show_breadcrumbs":"1","general-show_rel_posts":"1","general-show_rel_projects":"0","general-show_titles":"1","general-side_content_paddings":"50px","general-smooth_scroll":"off","general-spinner_color":"rgba(212,235,84,0.35)","general-switch_content_paddings":"778px","general-title_align":"left","general-title_bg_color":"#000000","general-title_bg_fullscreen":"1","general-title_bg_gradient":"0deg|#4a66d6 30%|#12b4ea 100%","general-title_bg_image":{"image":"\/wp-content\/uploads\/sites\/51\/2019\/01\/w002.jpg","repeat":"repeat","position_x":"center","position_y":"center"},"general-title_bg_mode":"background","general-title_bg_overlay":"1","general-title_bg_parallax":"0.5","general-title_color":"#ffffff","general-title_decoration":"none","general-title_decoration_line_color":"rgba(130,36,227,1)","general-title_decoration_line_height":"5px","general-title_decoration_line_style":"dashed","general-title_decoration_outline_color":"rgba(30,115,190,0)","general-title_decoration_outline_height":"1px","general-title_decoration_outline_style":"solid","general-title_enable_bg_img":"enabled","general-title_height":"0px","general-title_overlay_color":"rgba(0,0,0,0.5)","general-title_responsive_breadcrumbs":"1","general-title_scroll_effect":"default","general-title_uppercase":"1","general-titles-responsiveness-switch":"950px","general-titles_responsiveness":"1","header-background":"normal","header-bg-color":"rgba(255,255,255,1)","header-bg-image":{"image":"","repeat":"repeat","position_x":"center","position_y":"center"},"header-bg-is_fixed":false,"header-bg-is_fullscreen":false,"header-classic-elements":{"top_bar_left":["phone","address"],"top_bar_right":["social_icons"],"near_menu_right":["search"],"near_logo_right":["custom_menu"]},"header-classic-elements-near_logo-custom-icon-color":"","header-classic-elements-near_logo-custom-icon-size":16,"header-classic-elements-near_logo-font_color":"#333333","header-classic-elements-near_logo_left-padding":"0px 0px 0px 0px","header-classic-elements-near_logo_right-padding":"0px 0px 0px 0px","header-classic-elements-near_menu-custom-icon-color":"","header-classic-elements-near_menu-custom-icon-size":16,"header-classic-elements-near_menu-font_color":"#333333","header-classic-elements-near_menu_right-padding":"0px 0px 0px 40px","header-classic-height":"180px","header-classic-is_fullwidth":"0","header-classic-logo-position":"left","header-classic-menu-bg-color":"rgba(0,0,0,1)","header-classic-menu-bg-style":"solid","header-classic-menu-margin":"0px 0px","header-classic-menu-position":"left","header-classic-show_elements":"1","header-decoration":"shadow","header-decoration-color":"rgba(221,51,51,1)","header-elements-button-1-bg":"accent","header-elements-button-1-bg-color":"#ffffff","header-elements-button-1-bg-gradient":"135deg|#ffffff 30%|#000000 100%","header-elements-button-1-border-color":"accent","header-elements-button-1-border-color-mono":"#ffffff","header-elements-button-1-border_radius":"0px","header-elements-button-1-border_width":"1px","header-elements-button-1-choose-icon":"","header-elements-button-1-first-header-switch":"near_logo","header-elements-button-1-hover-bg":"accent","header-elements-button-1-hover-bg-color":"#ffffff","header-elements-button-1-hover-bg-gradient":"135deg|#ffffff 30%|#000000 100%","header-elements-button-1-hover-border-color":"accent","header-elements-button-1-hover-border-color-mono":"#ffffff","header-elements-button-1-hover-icon-color":"color","header-elements-button-1-hover-icon-color-gradient":"90deg|#ffffff 30%|#000000 100%","header-elements-button-1-hover-icon-color-mono":"#ffffff","header-elements-button-1-icon":false,"header-elements-button-1-icon-color":"color","header-elements-button-1-icon-color-gradient":"90deg|#ffffff 30%|#000000 100%","header-elements-button-1-icon-color-mono":"#ffffff","header-elements-button-1-icon-position":"right","header-elements-button-1-icon-size":14,"header-elements-button-1-name":"Button","header-elements-button-1-on-desktops":"show","header-elements-button-1-padding":"10px 20px 10px 20px","header-elements-button-1-second-header-switch":"in_menu","header-elements-button-1-smooth-scroll":false,"header-elements-button-1-target":false,"header-elements-button-1-url":"","header-elements-button-2-bg":"accent","header-elements-button-2-bg-color":"#ffffff","header-elements-button-2-bg-gradient":"135deg|#ffffff 30%|#000000 100%","header-elements-button-2-border-color":"accent","header-elements-button-2-border-color-mono":"#ffffff","header-elements-button-2-border_radius":"0px","header-elements-button-2-border_width":"1px","header-elements-button-2-choose-icon":"","header-elements-button-2-first-header-switch":"near_logo","header-elements-button-2-hover-bg":"accent","header-elements-button-2-hover-bg-color":"#ffffff","header-elements-button-2-hover-bg-gradient":"135deg|#ffffff 30%|#000000 100%","header-elements-button-2-hover-border-color":"accent","header-elements-button-2-hover-border-color-mono":"#ffffff","header-elements-button-2-hover-icon-color":"color","header-elements-button-2-hover-icon-color-gradient":"90deg|#ffffff 30%|#000000 100%","header-elements-button-2-hover-icon-color-mono":"#ffffff","header-elements-button-2-icon":false,"header-elements-button-2-icon-color":"color","header-elements-button-2-icon-color-gradient":"90deg|#ffffff 30%|#000000 100%","header-elements-button-2-icon-color-mono":"#ffffff","header-elements-button-2-icon-position":"right","header-elements-button-2-icon-size":14,"header-elements-button-2-name":"Button","header-elements-button-2-on-desktops":"show","header-elements-button-2-padding":"10px 20px 10px 20px","header-elements-button-2-second-header-switch":"in_menu","header-elements-button-2-smooth-scroll":false,"header-elements-button-2-target":false,"header-elements-button-2-url":"","header-elements-contact-address-caption":"8500 Beverly Boulevard Los Angeles, CA 90048","header-elements-contact-address-custom-icon":"the7-mw-icon-address-bold","header-elements-contact-address-custom-icon-size":16,"header-elements-contact-address-first-header-switch":"top_bar_left","header-elements-contact-address-icon":"custom","header-elements-contact-address-on-desktops":"show","header-elements-contact-address-second-header-switch":"hidden","header-elements-contact-clock-caption":"Monday \u2013 Friday 10 AM \u2013 8 PM","header-elements-contact-clock-custom-icon":"the7-mw-icon-clock-bold","header-elements-contact-clock-custom-icon-size":16,"header-elements-contact-clock-first-header-switch":"near_logo","header-elements-contact-clock-icon":"custom","header-elements-contact-clock-on-desktops":"show","header-elements-contact-clock-second-header-switch":"in_menu","header-elements-contact-email-caption":"sales@yoursite.com","header-elements-contact-email-custom-icon":"the7-mw-icon-mail-bold","header-elements-contact-email-custom-icon-size":16,"header-elements-contact-email-first-header-switch":"near_logo","header-elements-contact-email-icon":"custom","header-elements-contact-email-on-desktops":"show","header-elements-contact-email-second-header-switch":"in_menu","header-elements-contact-multipurpose_1-caption":"","header-elements-contact-multipurpose_1-custom-icon":"","header-elements-contact-multipurpose_1-first-header-switch":"near_logo","header-elements-contact-multipurpose_1-icon":"custom","header-elements-contact-multipurpose_1-on-desktops":"show","header-elements-contact-multipurpose_1-second-header-switch":"in_menu","header-elements-contact-multipurpose_2-caption":"","header-elements-contact-multipurpose_2-custom-icon":"","header-elements-contact-multipurpose_2-first-header-switch":"near_logo","header-elements-contact-multipurpose_2-icon":"custom","header-elements-contact-multipurpose_2-on-desktops":"show","header-elements-contact-multipurpose_2-second-header-switch":"in_menu","header-elements-contact-multipurpose_3-caption":"","header-elements-contact-multipurpose_3-custom-icon":"","header-elements-contact-multipurpose_3-first-header-switch":"near_logo","header-elements-contact-multipurpose_3-icon":"custom","header-elements-contact-multipurpose_3-on-desktops":"show","header-elements-contact-multipurpose_3-second-header-switch":"in_menu","header-elements-contact-multipurpose_4-caption":"","header-elements-contact-multipurpose_4-custom-icon":"","header-elements-contact-multipurpose_4-first-header-switch":"near_logo","header-elements-contact-multipurpose_4-icon":"custom","header-elements-contact-multipurpose_4-on-desktops":"show","header-elements-contact-multipurpose_4-second-header-switch":"in_menu","header-elements-contact-phone-caption":"011 322 44 56","header-elements-contact-phone-custom-icon":"the7-mw-icon-phone-bold","header-elements-contact-phone-custom-icon-size":16,"header-elements-contact-phone-first-header-switch":"top_bar_right","header-elements-contact-phone-icon":"custom","header-elements-contact-phone-on-desktops":"show","header-elements-contact-phone-second-header-switch":"in_menu","header-elements-contact-skype-caption":"Your_Skype","header-elements-contact-skype-custom-icon":"the7-mw-icon-skype-bold","header-elements-contact-skype-custom-icon-size":16,"header-elements-contact-skype-first-header-switch":"near_logo","header-elements-contact-skype-icon":"custom","header-elements-contact-skype-on-desktops":"show","header-elements-contact-skype-second-header-switch":"in_top_bar","header-elements-login-caption":"Login","header-elements-login-custom-icon":"the7-mw-icon-login-bold","header-elements-login-custom-icon-size":16,"header-elements-login-first-header-switch":"near_logo","header-elements-login-icon":"custom","header-elements-login-logout_url":"","header-elements-login-on-desktops":"show","header-elements-login-second-header-switch":"in_menu","header-elements-login-url":"http:\/\/themeforest.net","header-elements-login-use_logout_url":false,"header-elements-logout-caption":"Logout","header-elements-menu-first-header-switch":"in_menu","header-elements-menu-icon":"custom","header-elements-menu-on-desktops":"show","header-elements-menu-second-header-switch":"in_menu","header-elements-menu-style":"list","header-elements-menu-style-first-switch":"list","header-elements-menu-style-second-switch":"list","header-elements-menu2-first-header-switch":"near_logo","header-elements-menu2-icon":"custom","header-elements-menu2-on-desktops":"show","header-elements-menu2-second-header-switch":"in_menu","header-elements-menu2-style":"dropdown","header-elements-menu2-style-first-switch":"dropdown","header-elements-menu2-style-second-switch":"dropdown","header-elements-menu2_custom-icon":"the7-mw-icon-dropdown-menu-bold","header-elements-menu_custom-icon":"the7-mw-icon-dropdown-menu-bold","header-elements-search-by":"products","header-elements-search-caption":"Search","header-elements-search-first-header-switch":"top_bar_left","header-elements-search-icon":"custom","header-elements-search-input-caption":"Search...","header-elements-search-on-desktops":"show","header-elements-search-second-header-switch":"in_top_bar","header-elements-search_custom-icon":"the7-mw-icon-search-bold","header-elements-search_custom-icon-size":16,"header-elements-soc_icons":{"1":{"icon":"facebook","url":"\/"},"2":{"icon":"twitter","url":"\/"},"3":{"icon":"google","url":"\/"},"4":{"icon":"dribbble","url":"\/"}},"header-elements-soc_icons-bg":"disabled","header-elements-soc_icons-bg-color":"#ffffff","header-elements-soc_icons-bg-gradient":"135deg|#ffffff 30%|#000000 100%","header-elements-soc_icons-bg-size":"28px","header-elements-soc_icons-border":"color","header-elements-soc_icons-border-color":"rgba(255,255,255,0.3)","header-elements-soc_icons-color":"#ffffff","header-elements-soc_icons-first-header-switch":"top_bar_right","header-elements-soc_icons-hover-bg":"color","header-elements-soc_icons-hover-bg-color":"rgba(255,255,255,0.3)","header-elements-soc_icons-hover-bg-gradient":"135deg|#ffffff 30%|#000000 100%","header-elements-soc_icons-hover-border":"disabled","header-elements-soc_icons-hover-border-color":"rgba(255,255,255,0.5)","header-elements-soc_icons-hover-color":"#ffffff","header-elements-soc_icons-on-desktops":"show","header-elements-soc_icons-second-header-switch":"in_top_bar","header-elements-soc_icons-size":"18px","header-elements-soc_icons_border_radius":"3px","header-elements-soc_icons_border_width":"1px","header-elements-soc_icons_gap":6,"header-elements-text":"WELCOME TO SEVEN WEED!","header-elements-text-2":"Some call to action text goes here!","header-elements-text-2-first-header-switch":"near_logo","header-elements-text-2-on-desktops":"show","header-elements-text-2-second-header-switch":"in_menu","header-elements-text-3":"Some call to action text goes here!","header-elements-text-3-first-header-switch":"near_logo","header-elements-text-3-on-desktops":"show","header-elements-text-3-second-header-switch":"in_menu","header-elements-text-4":"Some call to action text goes here!","header-elements-text-4-first-header-switch":"near_logo","header-elements-text-4-on-desktops":"show","header-elements-text-4-second-header-switch":"in_menu","header-elements-text-5":"Some call to action text goes here!","header-elements-text-5-first-header-switch":"near_logo","header-elements-text-5-on-desktops":"show","header-elements-text-5-second-header-switch":"in_menu","header-elements-text-first-header-switch":"top_bar_left","header-elements-text-on-desktops":"show","header-elements-text-second-header-switch":"in_top_bar","header-elements-woocommerce_cart-caption":"","header-elements-woocommerce_cart-counter-bg":"accent","header-elements-woocommerce_cart-counter-bg-color":"#000000","header-elements-woocommerce_cart-counter-bg-gradient":"90deg|#ffffff 30%|#000000 100%","header-elements-woocommerce_cart-counter-color":"#ffffff","header-elements-woocommerce_cart-counter-style":"round","header-elements-woocommerce_cart-custom-icon":"fas fa-shopping-basket","header-elements-woocommerce_cart-custom-icon-size":20,"header-elements-woocommerce_cart-first-header-switch":"near_logo","header-elements-woocommerce_cart-icon":"custom","header-elements-woocommerce_cart-on-desktops":"show","header-elements-woocommerce_cart-second-header-switch":"near_logo","header-elements-woocommerce_cart-show_counter":"never","header-elements-woocommerce_cart-show_sub_cart":"1","header-elements-woocommerce_cart-show_subtotal":"1","header-floating_navigation-active_item-font-color":"#ffffff","header-floating_navigation-active_item-font-gradient":"90deg|#ffffff 30%|#000000 100%","header-floating_navigation-bg-color":"rgba(255,255,255,1)","header-floating_navigation-bg-image":{"image":"","repeat":"repeat","position_x":"center","position_y":"center"},"header-floating_navigation-bg-is_fullscreen":false,"header-floating_navigation-decoration":"shadow","header-floating_navigation-decoration-color":"rgba(221,51,51,1)","header-floating_navigation-font-active":"default","header-floating_navigation-font-color":"#ffffff","header-floating_navigation-font-hover":"default","header-floating_navigation-font-normal":"default","header-floating_navigation-height":"80px","header-floating_navigation-hover-font-color":"#ffffff","header-floating_navigation-hover-font-gradient":"90deg|#ffffff 30%|#000000 100%","header-floating_navigation-show_after":"150px","header-floating_navigation-style":"sticky","header-floating_navigation-top-bar":"1","header-inline-elements":{"top_bar_left":["custom_menu"],"top_bar_right":["search","phone","social_icons"],"near_menu_right":["cart"]},"header-inline-elements-near_menu-custom-icon-color":"#75b325","header-inline-elements-near_menu-custom-icon-size":18,"header-inline-elements-near_menu-font_color":"#75b325","header-inline-elements-near_menu_right-padding":"0px 0px 0px 0px","header-inline-height":"120px","header-inline-is_fullwidth":"0","header-inline-menu-position":"justify","header-inline-show_elements":"1","header-layout":"inline","header-logo-padding":"0px 30px 10px 0px","header-logo_hd":["\/wp-content\/uploads\/sites\/51\/2019\/01\/l-hd.png",22],"header-logo_regular":["\/wp-content\/uploads\/sites\/51\/2019\/01\/l.png",23],"header-menu-active_item-font-color":"#ffffff","header-menu-active_item-font-color-style":"color","header-menu-active_item-font-gradient":"90deg|#ffffff 30%|#000000 100%","header-menu-decoration-other-active-color":"#75b325","header-menu-decoration-other-active-color-style":"color","header-menu-decoration-other-active-gradient":"135deg|#ffffff 30%|#000000 100%","header-menu-decoration-other-active-line":"0","header-menu-decoration-other-active-line-color":"rgba(130,36,227,0.3)","header-menu-decoration-other-active-line-color-style":"color","header-menu-decoration-other-active-line-gradient":"135deg|rgba(221,51,51,0.3) 30%|rgba(129,215,66,0.3) 100%","header-menu-decoration-other-active-line-opacity":30,"header-menu-decoration-other-active-opacity":100,"header-menu-decoration-other-active-style":"background","header-menu-decoration-other-border-radius":5,"header-menu-decoration-other-hover-color":"rgba(240,240,241,0.29)","header-menu-decoration-other-hover-color-style":"accent","header-menu-decoration-other-hover-gradient":"135deg|#ffffff 30%|#000000 100%","header-menu-decoration-other-hover-line":"0","header-menu-decoration-other-hover-line-color":"rgba(221,51,51,0.23)","header-menu-decoration-other-hover-line-color-style":"gradient","header-menu-decoration-other-hover-line-gradient":"135deg|rgba(255,255,255,0.23) 30%|rgba(0,0,0,0.23) 100%","header-menu-decoration-other-hover-line-opacity":23,"header-menu-decoration-other-hover-style":"background","header-menu-decoration-other-line_size":"2px","header-menu-decoration-other-links-is_justified":"0","header-menu-decoration-other-opacity":20,"header-menu-decoration-style":"other","header-menu-decoration-underline-color":"#ffffff","header-menu-decoration-underline-color-style":"accent","header-menu-decoration-underline-direction":"left_to_right","header-menu-decoration-underline-gradient":"135deg|#ffffff 30%|#000000 100%","header-menu-decoration-underline-line_size":"2px","header-menu-dividers-color":"rgba(255,255,255,0.3)","header-menu-dividers-height":"26px","header-menu-dividers-height-style":"custom","header-menu-dividers-surround":"1","header-menu-font-color":"#75b325","header-menu-font-is_capitalized":"1","header-menu-hover-font-color":"#ffffff","header-menu-hover-font-color-style":"accent","header-menu-hover-font-gradient":"90deg|#8224e3 30%|#751257 100%","header-menu-icon-size":16,"header-menu-item-margin":"10px 2px 10px 2px","header-menu-item-padding":"6px 10px 5px 10px","header-menu-item-surround_margins-custom-margin":"15px","header-menu-item-surround_margins-style":"regular","header-menu-show_dividers":"0","header-menu-show_next_lvl_icons":false,"header-menu-submenu-active-bg-color":"#f7f7f7","header-menu-submenu-active-bg-color-style":"color","header-menu-submenu-active-bg-gradient":"0deg|#81d742 30%|#eeee22 100%","header-menu-submenu-active-bg-opacity":7,"header-menu-submenu-active-font-color":"#ffffff","header-menu-submenu-active-font-color-style":"accent","header-menu-submenu-active-font-gradient":"90deg|#ffffff 30%|#000000 100%","header-menu-submenu-bg-color":"#ffffff","header-menu-submenu-bg-hover":"background","header-menu-submenu-bg-width":260,"header-menu-submenu-font-color":"#222222","header-menu-submenu-font-is_uppercase":"1","header-menu-submenu-hover-bg-color":"#f7f7f7","header-menu-submenu-hover-bg-color-style":"color","header-menu-submenu-hover-bg-gradient":"0deg|#81d742 30%|#eeee22 100%","header-menu-submenu-hover-bg-opacity":7,"header-menu-submenu-hover-font-color":"#222222","header-menu-submenu-hover-font-color-style":"color","header-menu-submenu-hover-font-gradient":"90deg|#81d742 30%|#eeee22 100%","header-menu-submenu-icon-size":16,"header-menu-submenu-item-margin":"2px 2px 2px 2px","header-menu-submenu-item-padding":"10px 12px 10px 12px","header-menu-submenu-parent_is_clickable":"1","header-menu-submenu-show_next_lvl_icons":"1","header-menu_close_icon-margin":"30px 30px 30px 30px","header-menu_icon-bg-border-radius":"0px","header-menu_icon-bg-color":"rgba(255,255,255,0.75)","header-menu_icon-bg-size":"54px","header-menu_icon-color":"#000000","header-menu_icon-elements":{"below_menu":["social_icons","search","phone"]},"header-menu_icon-elements-below_menu-padding":"30px 0px 0px 0px","header-menu_icon-elements-near_menu-custom-icon-color":"","header-menu_icon-elements-near_menu-custom-icon-size":16,"header-menu_icon-elements-near_menu-font_color":"#333333","header-menu_icon-hover-bg-color":"rgba(255,255,255,0.75)","header-menu_icon-hover-color":"#000000","header-menu_icon-margin":"0px 0px 0px 0px","header-menu_icon-show_elements":"1","header-menu_icon-size":"medium","header-mixed-bg-color":"rgba(255,255,255,1)","header-mixed-decoration":"shadow","header-mixed-decoration-color":"rgba(221,153,51,1)","header-mixed-floating-top-bar":false,"header-mixed-sticky-bg-color":"#000000","header-mobile-first_switch-after":"1050px","header-mobile-first_switch-height":"80px","header-mobile-first_switch-layout":"right_left","header-mobile-first_switch-logo":"desktop","header-mobile-floating_navigation":"sticky","header-mobile-header-bg-color":"rgba(255,255,255,1)","header-mobile-menu-align":"right","header-mobile-menu-bg-color":"rgba(255,255,255,1)","header-mobile-menu-bg-width":"340px","header-mobile-menu-font-color":"#222222","header-mobile-menu-font-hover-color":"#3c3e45","header-mobile-menu-font-hover-color-style":"accent","header-mobile-menu-font-hover-gradient":"90deg|#b78ce2 30%|#1e73be 100%","header-mobile-menu-font-is_capitalized":"1","header-mobile-menu_icon-bg-border-radius":"5px","header-mobile-menu_icon-bg-color":"","header-mobile-menu_icon-bg-enable":"1","header-mobile-menu_icon-bg-size":"40px","header-mobile-menu_icon-color":"#ffffff","header-mobile-menu_icon-size":"medium","header-mobile-microwidgets-custom-icon-color":"#75b325","header-mobile-microwidgets-custom-icon-size":18,"header-mobile-microwidgets-font-color":"#75b325","header-mobile-overlay-bg-color":"rgba(0,0,0,0.5)","header-mobile-second_switch-after":"700px","header-mobile-second_switch-height":"80px","header-mobile-second_switch-layout":"right_left","header-mobile-second_switch-logo":"desktop","header-mobile-submenu-font-is_capitalized":"1","header-overlay-content-padding":"0px 0px 0px 0px","header-overlay-content-position":"center","header-overlay-content-width":"300px","header-overlay-logo-position":"fully_inside","header-overlay-menu-items_alignment":"center","header-overlay-menu-items_link":"fullwidth","header-overlay-menu-position":"v_center","header-show_floating_navigation":"1","header-side-content-padding":"50px 0px 40px 0px","header-side-elements":{"below_menu":["search","phone","social_icons"]},"header-side-elements-below_menu-padding":"0px 35px 0px 35px","header-side-elements-near_menu-custom-icon-color":"","header-side-elements-near_menu-custom-icon-size":16,"header-side-elements-near_menu-font_color":"#333333","header-side-logo-position":"inside","header-side-menu-items_alignment":"center","header-side-menu-items_link":"fullwidth","header-side-menu-position":"v_top","header-side-menu-submenu-position":"down","header-side-position":"right","header-side-show_elements":"1","header-side-width":"300px","header-side_line-elements":{"below_menu":["social_icons","search","phone"]},"header-side_line-elements-below_menu-padding":"30px 0px 0px 0px","header-side_line-elements-near_menu-custom-icon-color":"","header-side_line-elements-near_menu-custom-icon-size":16,"header-side_line-elements-near_menu-font_color":"#333333","header-side_line-show_elements":"1","header-side_line-width":"60px","header-slide_out-content-padding":"50px 0px 50px 0px","header-slide_out-logo-position":"fully_inside","header-slide_out-menu-items_alignment":"center","header-slide_out-menu-items_link":"fullwidth","header-slide_out-menu-position":"v_top","header-slide_out-overlay-animation":"fade","header-slide_out-overlay-bg-color":"rgba(97,98,103,0.2)","header-slide_out-overlay-bg-color-style":"color","header-slide_out-overlay-bg-gradient":"135deg|rgba(205,183,226,0.2) 30%|rgba(130,20,130,0.2) 100%","header-slide_out-overlay-bg-opacity":20,"header-slide_out-position":"left","header-slide_out-width":"400px","header-split-elements":{"top_bar_left":["phone","address"],"top_bar_right":["social_icons"],"near_menu_left":["search"]},"header-split-elements-near_menu-custom-icon-color":"","header-split-elements-near_menu-custom-icon-size":16,"header-split-elements-near_menu-font_color":"#333333","header-split-elements-near_menu_left-padding":"0px 20px 0px 20px","header-split-elements-near_menu_right-padding":"0px 20px 0px 20px","header-split-height":"100px","header-split-is_fullwidth":"0","header-split-menu-position":"outside","header-split-show_elements":"1","header-style-floating-choose_logo":"main","header-style-floating-logo-padding":"0px 30px 0px 0px","header-style-floating-logo_hd":["",0],"header-style-floating-logo_regular":["",0],"header-style-mixed-logo-padding":"0px 0px 0px 0px","header-style-mixed-logo_hd":["",0],"header-style-mixed-logo_regular":["",0],"header-style-mobile-logo-padding":"0px 30px 10px 0px","header-style-mobile-logo_hd":["",0],"header-style-mobile-logo_regular":["",0],"header-style-transparent-choose_logo":"main","header-style-transparent-logo-padding":"0px 30px 10px 0px","header-style-transparent-logo_hd":["\/inc\/presets\/images\/full\/skin15r.header-style-transparent-logo-hd.png?w=114&h=114",0],"header-style-transparent-logo_regular":["",0],"header-style-transparent-mobile-logo-padding":"0px 30px 0px 0px","header-style-transparent-mobile-logo_hd":["",0],"header-style-transparent-mobile-logo_regular":["",0],"header-top_line-elements":{"top_line_right":["search","phone","social_icons"]},"header-top_line-elements-below_menu-padding":"35px 0px 0px 0px","header-top_line-elements-in_top_line-custom-icon-color":"","header-top_line-elements-in_top_line-custom-icon-size":16,"header-top_line-elements-in_top_line-font_color":"#333333","header-top_line-elements-in_top_line-font_family":"Roboto","header-top_line-elements-in_top_line-font_size":13,"header-top_line-elements-near_menu-custom-icon-color":"","header-top_line-elements-near_menu-custom-icon-size":16,"header-top_line-elements-near_menu-font_color":"#333333","header-top_line-elements-top_line-padding":"0px 0px 0px 0px","header-top_line-elements-top_line_right-padding":"0px 0px 0px 0px","header-top_line-show_elements":"1","header-transparent-mobile-first_switch-logo":"desktop","header-transparent-mobile-second_switch-logo":"desktop","header-transparent_bg_color":"rgba(0,0,0,0)","header_navigation":"slide_out","image_hover-color":"rgba(0,0,0,0.15)","image_hover-color_gradient":"135deg|rgba(106,229,230,0.15) 30%|rgba(17,144,201,0.15) 100%","image_hover-color_mode":"color","image_hover-opacity":15,"image_hover-project_rollover_color":"rgba(53,130,222,0.9)","image_hover-project_rollover_color_gradient":"135deg|rgba(106,229,230,0.9) 30%|rgba(17,144,201,0.9) 100%","image_hover-project_rollover_color_mode":"accent","image_hover-project_rollover_opacity":90,"image_hover-style":"none","input_bg_color":"rgba(255,255,255,1)","input_border_color":"rgba(51,51,51,0.14)","input_border_radius":"3px","input_border_width":"1px 1px 1px 1px","input_color":"#85868c","input_height":"40px","layout-menu_icon-position":"menu_icon_right","layout-menu_icon-show_floating_logo":"1","layout-side_line-position":"above","layout-side_line-v_position":"left","layout-top_line-height":"74px","layout-top_line-is_fullwidth":"1","layout-top_line-is_sticky":"1","layout-top_line-logo-position":"left","menu-mobile-microwidgets-custom-icon-color":"#75b325","menu-mobile-microwidgets-custom-icon-size":16,"menu-mobile-microwidgets-font-color":"#75b325","message_bg_color":"","message_color":"#ffffff","microwidgets-search-active-width":"250px","microwidgets-search-height":"26px","microwidgets-search-width":"150px","microwidgets-search_bg-border-color":"rgba(255,255,255,0.3)","microwidgets-search_bg-color":"rgba(244,244,244,0)","microwidgets-search_bg_border_radius":"3px","microwidgets-search_bg_border_width":"1px","microwidgets-search_custom-icon":"the7-mw-icon-search-bold","microwidgets-search_font-color":"#ffffff","microwidgets-search_icon":"custom","microwidgets-search_icon-size":14,"microwidgets-search_input-padding":"12px 12px","microwidgets-search_overlay-bg":"color","microwidgets-search_overlay-bg-color":"rgba(0,0,0,0.9)","microwidgets-search_overlay-bg-gradient":"135deg|#ffffff 30%|#000000 100%","microwidgets-search_popup-bg-color":"rgba(255,255,255,1)","microwidgets-search_style":"classic","page_title-background-style-transparent-color_scheme":"from_options","page_title-padding":"30px 30px","portfolio-rel_projects_columns":{"wide_desktop":4,"desktop":3,"laptop":3,"h_tablet":3,"v_tablet":2,"phone":1},"portfolio-rel_projects_proportions":{"width":1,"height":1},"post-show_fancy_categories":"1","post-show_fancy_date":"1","sidebar-bg_color":"rgba(247,247,247,1)","sidebar-bg_image":{"image":"","repeat":"repeat","position_x":"center","position_y":"center"},"sidebar-decoration":"none","sidebar-decoration_outline_color":"rgba(0,0,0,0.06)","sidebar-distance_to_content":"50px","sidebar-divider-horizontal":"1","sidebar-divider-vertical":"1","sidebar-headers_color":"#333333","sidebar-primary_text_color":"#85868c","sidebar-responsiveness":"990px","sidebar-vertical_distance":"30px","sidebar-visual_style":"with_widgets_bg","sidebar-width":"360px","social_buttons-page":[],"social_buttons-page-button_title":"Share this page","social_buttons-photo":[],"social_buttons-photo-button_title":"Share this image","social_buttons-portfolio_post":[],"social_buttons-portfolio_post-button_title":"Share this post","social_buttons-post":[],"social_buttons-post-button_title":"Share this post","social_buttons-visibility":"allways","stripes-stripe_1_bg_image":{"image":"","repeat":"repeat","position_x":"center","position_y":"center"},"stripes-stripe_1_color":"#f4f4f5","stripes-stripe_1_content_boxes_bg_color":"#ffffff","stripes-stripe_1_content_boxes_bg_opacity":100,"stripes-stripe_1_content_boxes_decoration":"none","stripes-stripe_1_content_boxes_decoration_outline_color":"#dd3333","stripes-stripe_1_content_boxes_decoration_outline_opacity":100,"stripes-stripe_1_headers_color":"#3c3e45","stripes-stripe_1_outline":"hide","stripes-stripe_1_outline_color":"#44bb70","stripes-stripe_1_outline_opacity":100,"stripes-stripe_1_text_color":"#72777d","stripes-stripe_2_bg_image":{"image":"","repeat":"repeat","position_x":"center","position_y":"center"},"stripes-stripe_2_color":"#23242a","stripes-stripe_2_content_boxes_bg_color":"#ffffff","stripes-stripe_2_content_boxes_bg_opacity":0,"stripes-stripe_2_content_boxes_decoration":"outline","stripes-stripe_2_content_boxes_decoration_outline_color":"#f4f4f5","stripes-stripe_2_content_boxes_decoration_outline_opacity":18,"stripes-stripe_2_headers_color":"#f4f4f5","stripes-stripe_2_outline":"hide","stripes-stripe_2_outline_color":"#c1edaf","stripes-stripe_2_outline_opacity":100,"stripes-stripe_2_text_color":"#f4f4f5","stripes-stripe_3_bg_image":{"image":"\/inc\/presets\/images\/full\/skin15r.stripes-stripe-3-bg-image.gif","repeat":"repeat","position_x":"center","position_y":"center"},"stripes-stripe_3_color":"#616267","stripes-stripe_3_content_boxes_bg_color":"#616267","stripes-stripe_3_content_boxes_bg_opacity":0,"stripes-stripe_3_content_boxes_decoration":"outline","stripes-stripe_3_content_boxes_decoration_outline_color":"#ffffff","stripes-stripe_3_content_boxes_decoration_outline_opacity":30,"stripes-stripe_3_headers_color":"#ffffff","stripes-stripe_3_outline":"hide","stripes-stripe_3_outline_color":"#FFFFFF","stripes-stripe_3_outline_opacity":100,"stripes-stripe_3_text_color":"#ffffff","template_page_id_author":16,"template_page_id_author_full_content":"0","template_page_id_blog_category":16,"template_page_id_blog_category_full_content":"0","template_page_id_blog_tags":16,"template_page_id_blog_tags_full_content":"0","template_page_id_date":16,"template_page_id_date_full_content":"0","template_page_id_gallery_category":0,"template_page_id_gallery_category_full_content":"0","template_page_id_portfolio_category":0,"template_page_id_portfolio_category_full_content":"0","template_page_id_search":16,"template_page_id_search_full_content":"0","top-bar-height":"0px","top-bar-transparent_bg_color":"#75b325","top_bar-bg-color":"#75b325","top_bar-bg-image":{"image":"","repeat":"repeat","position_x":"center","position_y":"center"},"top_bar-bg-style":"disabled","top_bar-custom-icon-color":"rgba(255,255,255,0.5)","top_bar-custom-icon-size":16,"top_bar-font-color":"#ffffff","top_bar-font-is_capitalized":false,"top_bar-line-color":"rgba(255,255,255,0.12)","top_bar-line-in-transparent-header":false,"top_bar-line_size":"1px","top_bar-line_style":"solid","top_bar-padding":"5px 5px 0px","wc_view_mode":"view_mode","widgetareas":{"1":{"sidebar_name":"Default Sidebar","sidebar_desc":"Sidebar primary widget area"},"2":{"sidebar_name":"Default Footer","sidebar_desc":"Footer primary widget area"},"3":{"sidebar_name":"Shop products list","sidebar_desc":""},"4":{"sidebar_name":"Shop product page","sidebar_desc":""}},"woocommerce-product_zoom":"1","woocommerce-related_btn":"1","woocommerce_cart_padding":"30px 30px","woocommerce_cart_switch":"778px","woocommerce_cart_total_width":"40%","woocommerce_display_product_info":"under_image","woocommerce_hover_image":"1","woocommerce_list_switch":"500px","woocommerce_product_img_width":"50%","woocommerce_product_switch":"778px","woocommerce_rel_products_max":6,"woocommerce_shop_template_bwb_columns":{"desktop":3,"h_tablet":3,"v_tablet":2,"phone":1},"woocommerce_shop_template_column_min_width":"220px","woocommerce_shop_template_columns":3,"woocommerce_shop_template_gap":"15px","woocommerce_shop_template_img_width":"30%","woocommerce_shop_template_isotope":"grid","woocommerce_shop_template_layout_default":"masonry_grid_default","woocommerce_shop_template_loading_effect":"fade_in","woocommerce_shop_template_responsiveness":"browser_width_based","woocommerce_show_cart_icon":"1","woocommerce_show_list_desc":"1","woocommerce_show_masonry_desc":"1","woocommerce_show_product_price":"1","woocommerce_show_product_rating":"1","woocommerce_show_product_titles":"1","woocommerce_show_steps":"1","woocommerce_steps-bg_opacity":100,"woocommerce_steps_bg_color":"#f8f8f9","woocommerce_steps_color":"#333333","fonts-h1-typography":{"font_family":"Poppins:600","font_size":44,"line_height":54,"text_transform":"none"},"fonts-h2-typography":{"font_family":"Poppins:600","font_size":34,"line_height":44,"text_transform":"none"},"fonts-h3-typography":{"font_family":"Poppins:600","font_size":24,"line_height":34,"text_transform":"none"},"fonts-h4-typography":{"font_family":"Poppins:600","font_size":20,"line_height":30,"text_transform":"none"},"fonts-h5-typography":{"font_family":"Poppins:600","font_size":15,"line_height":25,"text_transform":"none"},"fonts-h6-typography":{"font_family":"Poppins:600","font_size":13,"line_height":23,"text_transform":"none"},"general-page-title-typography":{"font_family":"Poppins:700","font_size":30,"line_height":40,"text_transform":"uppercase"},"filter-typography":{"font_family":"Poppins:600","font_size":15,"text_transform":"none"},"breadcrumbs-typography":{"font_family":"Poppins","font_size":12,"line_height":22,"text_transform":"none"},"top_bar-typography":{"font_family":"Poppins:500","font_size":15,"text_transform":"none"},"header-mobile-microwidgets-typography":{"font_family":"Poppins:500","font_size":15},"menu-mobile-microwidgets-typography":{"font_family":"Poppins:500","font_size":15},"header-menu-typography":{"font_family":"Poppins:700","font_size":18,"text_transform":"uppercase"},"header-menu-subtitle-typography":{"font_family":"Arial:400italic","font_size":11},"header-menu-submenu-typography":{"font_family":"Poppins:600","font_size":15,"text_transform":"none"},"header-menu-submenu-subtitle-typography":{"font_family":"Arial:400italic","font_size":10},"header-mobile-menu-typography":{"font_family":"Poppins:700","font_size":18,"text_transform":"uppercase"},"header-mobile-submenu-typography":{"font_family":"Poppins:600","font_size":15,"text_transform":"none"},"header-classic-elements-near_menu-typography":{"font_family":"Roboto:700","font_size":13},"header-classic-elements-near_logo-typography":{"font_family":"Roboto","font_size":13},"header-inline-elements-near_menu-typography":{"font_family":"Poppins:500","font_size":15},"header-split-elements-near_menu-typography":{"font_family":"Roboto:700","font_size":13},"header-side-elements-near_menu-typography":{"font_family":"Roboto Condensed:700","font_size":14},"header-top_line-elements-near_menu-typography":{"font_family":"Roboto","font_size":13},"header-side_line-elements-near_menu-typography":{"font_family":"Roboto:700","font_size":14},"header-menu_icon-elements-near_menu-typography":{"font_family":"Roboto:700","font_size":14},"buttons-s-typography":{"font_family":"Poppins:600","font_size":13,"text_transform":"none"},"buttons-m-typography":{"font_family":"Poppins:600","font_size":15,"text_transform":"none"},"buttons-l-typography":{"font_family":"Poppins:600","font_size":19,"text_transform":"none"},"microwidgets-search-typography":{"font_family":"Poppins","font_size":12},"header-elements-button-1-typography":{"font_family":"Roboto:700","font_size":14},"header-elements-button-2-typography":{"font_family":"Roboto:700","font_size":14},"header-elements-woocommerce_cart-sub_cart-bg-width":260,"header-elements-edd_cart-sub_cart-bg-width":260,"header-elements-woocommerce_cart-sub_cart-bg-color":"#ffffff","header-elements-edd_cart-sub_cart-bg-color":"#ffffff","header-elements-woocommerce_cart-sub_cart-font-color":"#222222","header-elements-edd_cart-sub_cart-font-color":"#222222","header-mega-menu-title-font-color":"#222222","header-mega-menu-desc-font-color":"#222222","header-mega-menu-widget-font-color":"#222222","header-mega-menu-widget-title-color":"#222222","header-mega-menu-title-active_item-font-color-style":"accent","header-mega-menu-title-hover-font-color-style":"accent","header-mega-menu-widget-accent-color":"","header-mega-menu-title-icon-size":15,"header-mega-menu-title-typography":{"font_family":"Poppins:600","font_size":15,"text_transform":"none"},"header-mega-menu-desc-typography":{"font_family":"Poppins","font_size":13},"header-style-mixed-top_line-floating-logo-padding":"0px 0px 0px 0px"},"wp_settings":{"show_on_front":"page","page_on_front":"4","page_for_posts":"0"},"widgets_settings":{"widget_text":{"1":[],"_multiwidget":1},"widget_rss":{"1":[],"_multiwidget":1},"widget_woocommerce_product_categories":{"2":{"title":"Product categories","orderby":"name","dropdown":0,"count":1,"hierarchical":1,"show_children_only":0,"hide_empty":0,"max_depth":""},"_multiwidget":1},"widget_woocommerce_product_search":{"2":{"title":"Search"},"3":{"title":"Search"},"_multiwidget":1},"widget_woocommerce_products":{"2":{"title":"Sale products","number":5,"show":"onsale","orderby":"date","order":"desc","hide_free":1,"show_hidden":0},"3":{"title":"Our products","number":4,"show":"","orderby":"date","order":"desc","hide_free":0,"show_hidden":0},"_multiwidget":1},"widget_woocommerce_recently_viewed_products":{"2":{"title":"Recently viewed products","number":5},"3":{"title":"Recently viewed products","number":5},"_multiwidget":1},"widget_woocommerce_recent_reviews":{"2":{"title":"Recent product reviews","number":5},"_multiwidget":1},"widget_presscore-contact-info-widget":{"2":{"title":"Get in touch!","text":"","links":{"facebook":"#","twitter":"#","you-tube":"#","instagram":"#"},"fields":[{"title":"Mail","content":"hello@dream-theme.com"},{"title":"Call us","content":"011 322 44 56"},{"title":"Address","content":"8500 Beverly Boulevard Los Angeles, CA 90048"},{"title":"Business hours","content":"We are open 7 days a week from 7am to 9pm"}]},"_multiwidget":1},"widget_presscore-blog-posts":{"3":{"title":"News","order":"DESC","orderby":"date","show":4,"select":"all","cats":[],"thumbnails":1,"round_images":0,"show_excerpts":0,"images_dimensions":{"w":60,"h":60}},"4":{"title":"Recent posts","order":"DESC","orderby":"date","show":6,"select":"all","cats":[],"thumbnails":1,"round_images":0,"show_excerpts":0,"images_dimensions":{"w":60,"h":60}},"_multiwidget":1},"widget_presscore-blog-categories":{"2":{"title":"Blog categories","select":"all","cats":[]},"_multiwidget":1},"widget_presscore-accordion-widget":{"2":{"title":"Some fact about us","fields":[{"title":"Lorem ipsum dolor","content":"Duis auctor at lorem ipsum dolor nulla glavriadac \u2013 nibh interdum s interdum vel sollicitudin nibhlod.\r\nSuspendisse auctor volutpat turpis, vel sollicitudin nibh interdum non. Praesent quis tortor et est finibus dignissim quis id leo. Suspendisse tempor consectetur odio!"},{"title":"Nulla amen","content":"Duis auctor at lorem ipsum dolor nulla glavriadac \u2013 nibh interdum s interdum vel sollicitudin nibhlod.\r\nSollicitudin nibh interdum non. Praesent quis tortor et est finibus dignissim quis id leo. Suspendisse tempor consectetur odio!"},{"title":"Suspendisse tempor consectetur","content":"Duis auctor at lorem ipsum dolor nulla glavriadac \u2013 nibh interdum s interdum vel sollicitudin nibhlod.\r\nSuspendisse tortor et est finibus dignissim quis id leo. Suspendisse tempor consectetur odio!"},{"title":"Duis auctor at lorem","content":"Duis auctor at lorem ipsum dolor nulla glavriadac \u2013 nibh interdum s interdum vel sollicitudin nibhlod.\r\nSuspendisse tortor et est finibus dignissim quis id leo. Suspendisse"}]},"_multiwidget":1},"widget_presscore-photos":{"2":{"title":"From the gallery","order":"DESC","orderby":"date","select":"all","show":12,"cats":[],"max_width":100},"_multiwidget":1},"widget_presscore-testimonials-slider":{"2":{"show_avatar":1,"title":"Testimonials","order":"DESC","orderby":"date","select":"all","show":6,"cats":[],"autoslide":0},"_multiwidget":1},"sidebars_widgets":{"wp_inactive_widgets":["9022"],"sidebar_1":["presscore-blog-categories-2","presscore-blog-posts-4","presscore-testimonials-slider-2","presscore-accordion-widget-2"],"sidebar_2":["presscore-contact-info-widget-2","presscore-blog-posts-3","woocommerce_products-3","presscore-photos-2"],"sidebar_3":["woocommerce_product_search-2","woocommerce_product_categories-2","woocommerce_recently_viewed_products-2","woocommerce_products-2"],"sidebar_4":["woocommerce_product_search-3","woocommerce_recently_viewed_products-3","woocommerce_recent_reviews-2"],"array_version":3}},"nav_menu_locations":{"top":36,"primary":37,"split_left":37,"split_right":37,"mobile":37},"ultimate_selected_google_fonts":[],"ultimate_icon_fonts":[],"revolution_sliders":["the7-weed-slideshow"],"vc_settings":{"use_custom":"1","vc_color":"#f7f7f7","vc_color_hover":"#F0F0F0","vc_color_call_to_action_bg":"","vc_color_google_maps_bg":"","vc_color_post_slider_caption_bg":"","vc_color_progress_bar_bg":"","vc_color_separator_border":"","vc_color_tab_bg":"","vc_color_tab_bg_active":"","margin":"0px","gutter":"50","responsive_max":"778"}}