<?xml version="1.0" encoding="UTF-8" ?>
<!-- This is a WordPress eXtended RSS file generated by WordPress as an export of your site. -->
<!-- It contains information about your site's posts, pages, comments, categories, and other content. -->
<!-- You may use this file to transfer that content from one site to another. -->
<!-- This file is not intended to serve as a complete backup of your site. -->

<!-- To import this information into a WordPress site follow these steps: -->
<!-- 1. Log in to that site as an administrator. -->
<!-- 2. Go to Tools: Import in the WordPress admin panel. -->
<!-- 3. Install the "WordPress" importer from the list. -->
<!-- 4. Activate & Run Importer. -->
<!-- 5. Upload this file using the form provided on that page. -->
<!-- 6. You will first be asked to map the authors in this export file to users -->
<!--    on the site. For each author, you may choose to map to an -->
<!--    existing user on the site or to create a new user. -->
<!-- 7. WordPress will then import each of the posts, pages, comments, categories, etc. -->
<!--    contained in this file into your site. -->

<!-- generator="WordPress/5.2.3" created="2019-09-06 13:01" -->
<rss version="2.0"
	xmlns:excerpt="http://wordpress.org/export/1.2/excerpt/"
	xmlns:content="http://purl.org/rss/1.0/modules/content/"
	xmlns:wfw="http://wellformedweb.org/CommentAPI/"
	xmlns:dc="http://purl.org/dc/elements/1.1/"
	xmlns:wp="http://wordpress.org/export/1.2/"
>

<channel>
	<title>The7 CV</title>
	<link>https://the7.io/cv</link>
	<description>The7 CV - perfect for personal online CV</description>
	<pubDate>Fri, 06 Sep 2019 13:01:23 +0000</pubDate>
	<language>en-GB</language>
	<wp:wxr_version>1.2</wp:wxr_version>
	<wp:base_site_url>https://the7.io/</wp:base_site_url>
	<wp:base_blog_url>https://the7.io/cv</wp:base_blog_url>

	<wp:author><wp:author_id>6</wp:author_id><wp:author_login>james</wp:author_login><wp:author_email>James@fadein.cc</wp:author_email><wp:author_display_name><![CDATA[james]]></wp:author_display_name><wp:author_first_name><![CDATA[]]></wp:author_first_name><wp:author_last_name><![CDATA[]]></wp:author_last_name></wp:author>
	<wp:author><wp:author_id>1</wp:author_id><wp:author_login>admin</wp:author_login><wp:author_email>miroslav@forge.com.ua</wp:author_email><wp:author_display_name><![CDATA[Dream Theme]]></wp:author_display_name><wp:author_first_name><![CDATA[Dream]]></wp:author_first_name><wp:author_last_name><![CDATA[Theme]]></wp:author_last_name></wp:author>

	<wp:category><wp:term_id>1</wp:term_id><wp:category_nicename>uncategorised</wp:category_nicename><wp:category_parent></wp:category_parent><wp:cat_name><![CDATA[Uncategorised]]></wp:cat_name></wp:category>
	<wp:term><wp:term_id>1</wp:term_id><wp:term_taxonomy>category</wp:term_taxonomy><wp:term_slug>uncategorised</wp:term_slug><wp:term_parent></wp:term_parent><wp:term_name><![CDATA[Uncategorised]]></wp:term_name></wp:term>

	<generator>https://wordpress.org/?v=5.2.3</generator>

	<item>
		<title>CV</title>
		<link>https://the7.io/cv/</link>
		<pubDate>Thu, 07 Apr 2016 08:54:27 +0000</pubDate>
		<dc:creator><![CDATA[james]]></dc:creator>
		<guid isPermaLink="false">https://the7.io/cv/?page_id=2</guid>
		<description></description>
		<content:encoded><![CDATA[[vc_row type="vc_default" full_width="stretch_row_content_no_spaces" margin_top="-50" bg_type="image" parallax_style="vcpb-vz-jquery" bg_image_new="id^177|url^https://the7.io/cv/wp-content/uploads/sites/20/2016/04/bg-cv-header.jpg|caption^null|alt^null|title^bg-cv-header|description^null" bg_image_repeat="no-repeat" parallax_sense="25" bg_override="ex-full" enable_overlay="enable_overlay_value" overlay_color="rgba(3,19,37,0.75)" css=".vc_custom_1474224902900{margin-top: -50px !important;padding-top: 90px !important;padding-bottom: 90px !important;}"][vc_column][vc_single_image image="110" img_size="170x170" alignment="center" style="vc_box_circle_2"][ultimate_heading main_heading="John Smith" main_heading_color="#ffffff" heading_tag="h1" sub_heading_color="#bed95c" main_heading_font_size="desktop:76px;tablet:66px;tablet_portrait:56px;mobile_landscape:46px;mobile:46px;" main_heading_line_height="desktop:76px;tablet:66px;tablet_portrait:56px;mobile_landscape:46px;mobile:46px;" sub_heading_font_size="desktop:28px;tablet:24px;tablet_portrait:24px;mobile_landscape:20px;mobile:20px;" sub_heading_line_height="desktop:40px;tablet:30px;tablet_portrait:30px;mobile_landscape:30px;mobile:30px;" main_heading_margin="margin-top:30px;margin-bottom:30px;" el_class="dt_seven_lighter"]Web &amp; UI / UX Designer
Freelancer[/ultimate_heading][/vc_column][/vc_row][vc_row type="vc_default" css=".vc_custom_1460469676760{padding-top: 80px !important;padding-bottom: 50px !important;}"][vc_column][ultimate_heading main_heading="About Me" heading_tag="h1" spacer="line_only" spacer_position="middle" line_height="4" line_color="#bed95c" main_heading_font_size="desktop:57px;tablet:45px;tablet_portrait:45px;mobile_landscape:40px;mobile:35px;" main_heading_line_height="desktop:60px;tablet:45px;tablet_portrait:45px;mobile_landscape:40px;mobile:35px;" line_width="80" spacer_margin="margin-top:20px;margin-bottom:60px;"][/ultimate_heading][/vc_column][vc_column width="5/12" offset="vc_col-lg-offset-0 vc_col-lg-3 vc_col-md-offset-0 vc_col-md-4 vc_col-sm-offset-0 vc_col-xs-offset-2 vc_col-xs-8" css=".vc_custom_1460536560605{padding-bottom: 40px !important;}"][vc_single_image image="93" img_size=" 510×644" alignment="center" image_hovers="false" lazy_loading="true"][/vc_column][vc_column width="7/12" offset="vc_col-lg-3 vc_col-md-8 vc_col-sm-offset-0 vc_col-xs-12" css=".vc_custom_1460536574231{padding-right: 0px !important;padding-bottom: 40px !important;}"][vc_column_text css=".vc_custom_1460468905416{padding-bottom: 25px !important;}"]
<h2>Personal Info</h2>
[/vc_column_text][ultimate_heading heading_tag="h3" sub_heading_color="#b2b2b2" alignment="left" sub_heading_font_size="desktop:17px;" sub_heading_line_height="desktop:30px;" el_class="dt_seven_about_me_color" sub_heading_margin="margin-bottom:10px;"]Name: <strong>John Smith</strong>[/ultimate_heading][ultimate_heading heading_tag="h3" sub_heading_color="#b2b2b2" alignment="left" sub_heading_font_size="desktop:17px;" sub_heading_line_height="desktop:30px;" el_class="dt_seven_about_me_color" sub_heading_margin="margin-bottom:10px;"]Date of birth: <strong>14 February 1986</strong>[/ultimate_heading][ultimate_heading heading_tag="h3" sub_heading_color="#b2b2b2" alignment="left" sub_heading_font_size="desktop:17px;" sub_heading_line_height="desktop:30px;" el_class="dt_seven_about_me_color" sub_heading_margin="margin-bottom:10px;"]Nationality: <strong>American</strong>[/ultimate_heading][ultimate_heading heading_tag="h3" sub_heading_color="#b2b2b2" alignment="left" sub_heading_font_size="desktop:17px;" sub_heading_line_height="desktop:30px;" el_class="dt_seven_about_me_color" sub_heading_margin="margin-bottom:10px;"]Location: <strong>Los Angeles, USA</strong>[/ultimate_heading][ultimate_heading heading_tag="h3" sub_heading_color="#b2b2b2" alignment="left" sub_heading_font_size="desktop:17px;" sub_heading_line_height="desktop:30px;" el_class="dt_seven_about_me_color" sub_heading_margin="margin-bottom:10px;"]Skype: <strong>J_Smith</strong>[/ultimate_heading][ultimate_heading heading_tag="h3" sub_heading_color="#b2b2b2" alignment="left" sub_heading_font_size="desktop:17px;" sub_heading_line_height="desktop:30px;" el_class="dt_seven_about_me_color" sub_heading_margin="margin-bottom:10px;"]Phone:<strong> 123-456-7890</strong>[/ultimate_heading][ultimate_heading heading_tag="h3" sub_heading_color="#b2b2b2" alignment="left" sub_heading_font_size="desktop:17px;" sub_heading_line_height="desktop:30px;" el_class="dt_seven_about_me_color" sub_heading_margin="margin-bottom:10px;"]Email: <strong>john.smith@mysite.com</strong>[/ultimate_heading][/vc_column][vc_column offset="vc_col-lg-6 vc_col-md-12 vc_col-sm-offset-0 vc_col-xs-12" css=".vc_custom_1460536203776{padding-bottom: 30px !important;}"][vc_column_text css=".vc_custom_1460468914339{padding-bottom: 25px !important;}"]
<h2>About Myself</h2>
[/vc_column_text][vc_column_text css=".vc_custom_1460469007588{padding-bottom: 35px !important;}"]Donec mollis hendrerit risus. Phasellus nec sem in justo pellentesque facilisis. Etiam imperdiet imperdiet orci. Nunc nec neque. Phasellus leo dolor, tempus non, auctor et, hendrerit quis, nisi. Sed cursus turpis vitae tortor. Donec posuere vulputate arcu.

Phasellus consectetuer vestibulum elit. Aenean tellus metus, bibendum sed, posuere ac, mattis non, nunc.[/vc_column_text][dt_button el_class="btn-margin" link="#!/contact_section" size="medium" bg_color_style="custom" bg_color="#194475" bg_hover_color_style="custom" bg_hover_color="#265387" smooth_scroll="true"]CONTACT ME[/dt_button][dt_button link="https://the7.io/cv/wp-content/uploads/sites/20/2016/04/printcv.jpg" target_blank="true" size="medium"]DOWNLOAD CV[/dt_button][/vc_column][/vc_row][vc_row type="vc_default" full_width="stretch_row" bg_color="#f7f7f7" bg_type="bg_color" bg_override="ex-full" css=".vc_custom_1460470594828{padding-top: 80px !important;padding-bottom: 55px !important;}" bg_color_value="#f7f7f7"][vc_column][ultimate_heading main_heading="Experience" heading_tag="h1" spacer="line_only" spacer_position="middle" line_height="4" line_color="#bed95c" main_heading_font_size="desktop:57px;tablet:45px;tablet_portrait:45px;mobile_landscape:40px;mobile:35px;" main_heading_line_height="desktop:60px;tablet:45px;tablet_portrait:45px;mobile_landscape:40px;mobile:35px;" line_width="80" spacer_margin="margin-top:20px;margin-bottom:60px;"][/ultimate_heading][vc_row_inner css=".vc_custom_1460470206625{padding-bottom: 35px !important;}"][vc_column_inner offset="vc_col-lg-3 vc_col-md-12 vc_col-xs-12"][vc_column_text css=".vc_custom_1460374877344{padding-bottom: 30px !important;}"]
<h2>Media Agency</h2>
[/vc_column_text][/vc_column_inner][vc_column_inner width="1/4" offset="vc_col-lg-2 vc_col-md-3 vc_col-xs-12" css=".vc_custom_1460470477747{padding-bottom: 30px !important;}"][vc_column_text css=".vc_custom_1460051817368{padding-bottom: 20px !important;}"]
<h4>Lead Designer</h4>
[/vc_column_text][ultimate_heading main_heading="2014 - Present" main_heading_color="#9a9ea2" heading_tag="h5" sub_heading_color="#9a9ea2" alignment="left" main_heading_margin="margin-top:-10px;"][/ultimate_heading][/vc_column_inner][vc_column_inner width="3/4" offset="vc_col-lg-7 vc_col-md-9 vc_col-xs-12"][vc_column_text]Pellentesque habitant morbi tristique senectus et netus et malesuada fames ac turpis egestas. Suspendisse et tellus volutpat, eleifend arcu ac, luctus diam. Nullam blandit, risus suscipit scelerisque suscipit, nulla lacus consequat nulla, id viverra nibh nunc vitae tellus.[/vc_column_text][/vc_column_inner][/vc_row_inner][vc_row_inner css=".vc_custom_1460470230953{padding-bottom: 45px !important;}"][vc_column_inner width="3/12" offset="vc_hidden-md vc_hidden-sm vc_hidden-xs"][/vc_column_inner][vc_column_inner width="1/4" offset="vc_col-lg-2 vc_col-md-3 vc_col-xs-12" css=".vc_custom_1460470486568{padding-bottom: 30px !important;}"][vc_column_text css=".vc_custom_1460052221360{padding-bottom: 20px !important;}"]
<h4>Web Designer</h4>
[/vc_column_text][ultimate_heading main_heading="2012 - 2014" main_heading_color="#9a9ea2" heading_tag="h5" sub_heading_color="#9a9ea2" alignment="left" main_heading_margin="margin-top:-10px;"][/ultimate_heading][/vc_column_inner][vc_column_inner width="3/4" offset="vc_col-lg-7 vc_col-md-9 vc_col-xs-12"][vc_column_text]Sed cursus turpis vitae tortor. Donec posuere vulputate arcu. Phasellus accumsan cursus velit. Vestibulum ante ipsum primis in faucibus orci luctus et ultrices posuere cubilia ed aliquam, nisi quis porttitor congue.[/vc_column_text][/vc_column_inner][/vc_row_inner][dt_fancy_separator separator_color="custom" line_thickness="3" custom_separator_color="#e4e4e4"][vc_row_inner css=".vc_custom_1460470253674{padding-top: 35px !important;padding-bottom: 45px !important;}"][vc_column_inner offset="vc_col-lg-3 vc_col-md-12 vc_col-xs-12"][vc_column_text css=".vc_custom_1460374890362{padding-bottom: 30px !important;}"]
<h2>Digital Agency</h2>
[/vc_column_text][/vc_column_inner][vc_column_inner width="1/4" offset="vc_col-lg-2 vc_col-md-3 vc_col-xs-12" css=".vc_custom_1460470494552{padding-bottom: 30px !important;}"][vc_column_text css=".vc_custom_1460052266276{padding-bottom: 20px !important;}"]
<h4>UI / UX Designer</h4>
[/vc_column_text][ultimate_heading main_heading="2011 - 2012" main_heading_color="#9a9ea2" heading_tag="h5" sub_heading_color="#9a9ea2" alignment="left" main_heading_margin="margin-top:-10px;"][/ultimate_heading][/vc_column_inner][vc_column_inner width="3/4" offset="vc_col-lg-7 vc_col-md-9 vc_col-xs-12"][vc_column_text]Donec mollis hendrerit risus. Phasellus nec sem in justo pellentesque facilisis. Etiam imperdiet imperdiet orci. Nunc nec neque. Phasellus leo dolor, tempus non, auctor et, hendrerit quis, nisi.[/vc_column_text][/vc_column_inner][/vc_row_inner][dt_fancy_separator separator_color="custom" line_thickness="3" custom_separator_color="#e4e4e4"][vc_row_inner css=".vc_custom_1460470379346{padding-top: 35px !important;padding-bottom: 45px !important;}"][vc_column_inner offset="vc_col-lg-3 vc_col-md-12 vc_col-xs-12"][vc_column_text css=".vc_custom_1460374900034{padding-bottom: 30px !important;}"]
<h2>Web Design Studio</h2>
[/vc_column_text][/vc_column_inner][vc_column_inner width="1/4" offset="vc_col-lg-2 vc_col-md-3 vc_col-xs-12" css=".vc_custom_1460470509645{padding-bottom: 30px !important;}"][vc_column_text css=".vc_custom_1460052427637{padding-bottom: 20px !important;}"]
<h4>Junio Designer</h4>
[/vc_column_text][ultimate_heading main_heading="2011 - 2012" main_heading_color="#9a9ea2" heading_tag="h5" sub_heading_color="#9a9ea2" alignment="left" main_heading_margin="margin-top:-10px;"][/ultimate_heading][/vc_column_inner][vc_column_inner width="3/4" offset="vc_col-lg-7 vc_col-md-9 vc_col-xs-12"][vc_column_text]Aliquam commodo enim in risus efficitur, in hendrerit dui pellentesque. Duis hendrerit ac felis sed tristique. Morbi a tortor ligula. Nam convallis purus id sapien euismod tristique. Ut eget posuere felis. Nam arcu diam, posuere ac auctor ut, sollicitudin gravida erat. Praesent laoreet est eu arcu convallis auctor.[/vc_column_text][/vc_column_inner][/vc_row_inner][/vc_column][/vc_row][vc_row type="vc_default" bg_color="#ffffff" bg_type="bg_color" bg_override="ex-full" css=".vc_custom_1460478131125{padding-top: 80px !important;padding-bottom: 45px !important;}" bg_color_value="#ffffff"][vc_column][ultimate_heading main_heading="Education" heading_tag="h1" spacer="line_only" spacer_position="middle" line_height="4" line_color="#bed95c" main_heading_font_size="desktop:57px;tablet:45px;tablet_portrait:45px;mobile_landscape:40px;mobile:35px;" main_heading_line_height="desktop:60px;tablet:45px;tablet_portrait:45px;mobile_landscape:40px;mobile:35px;" line_width="80" spacer_margin="margin-top:20px;margin-bottom:60px;"][/ultimate_heading][vc_row_inner][vc_column_inner offset="vc_col-lg-4 vc_col-xs-12" css=".vc_custom_1460472352759{padding-bottom: 50px !important;}"][vc_column_text css=".vc_custom_1460472289661{padding-bottom: 25px !important;}"]
<h2>New York University</h2>
[/vc_column_text][ultimate_heading main_heading="Bachelor Degree" main_heading_color="#9a9ea2" heading_tag="h5" sub_heading_color="#9a9ea2" alignment="left" main_heading_margin="margin-bottom:10px;"][/ultimate_heading][ultimate_heading main_heading="2004 - 2008" main_heading_color="#a7a7a7" heading_tag="h5" alignment="left" main_heading_margin="margin-bottom:25px;"][/ultimate_heading][vc_column_text]Pellentes habitant morbi tristique senectus et netus et malesuada fames ac turpis egestas. Suspendisse et tellus volutpat.

Donec mollis hendrerit risus. Phasellus nec sem in justo pellentesque facilisis. Etiam imperdiet imperdiet orci. Nunc nec neque. Phasellus leo dolor, tempus non, auctor et, hendrerit quis, nisi.[/vc_column_text][/vc_column_inner][vc_column_inner offset="vc_col-lg-4 vc_col-xs-12" css=".vc_custom_1460472363287{padding-bottom: 50px !important;}"][vc_column_text css=".vc_custom_1460472298779{padding-bottom: 25px !important;}"]
<h2>Graphic Design School</h2>
[/vc_column_text][ultimate_heading main_heading="Master Degree" main_heading_color="#9a9ea2" heading_tag="h5" sub_heading_color="#9a9ea2" alignment="left" main_heading_margin="margin-bottom:10px;"][/ultimate_heading][ultimate_heading main_heading="2008 - 2010" main_heading_color="#a7a7a7" heading_tag="h5" alignment="left" main_heading_margin="margin-bottom:25px;"][/ultimate_heading][vc_column_text]

Phasellus leo dolor, tempus non, auctor et, hendrerit quis, nisi. Phasellus consectetuer vestibulum elit. Aenean tellus metus, bibendum sed, posuere ac, mattis non, nunc.Etiam viverra placerat mattis.

Nulla in ligula efficitur, ultrices massa eu, malesuada sem. Cras id tempor dui. Sed tempus nisi eget ultrices scelerisque.

[/vc_column_text][/vc_column_inner][vc_column_inner offset="vc_col-lg-4 vc_col-xs-12" css=".vc_custom_1460472394608{padding-bottom: 50px !important;}"][vc_column_text css=".vc_custom_1460472429612{padding-bottom: 30px !important;}"]
<h2>Additional Education</h2>
[/vc_column_text][vc_column_text css=".vc_custom_1460053751937{margin-bottom: 10px !important;}"]
<h4>Mobile UI Workshop</h4>
[/vc_column_text][ultimate_heading main_heading="May 2016" main_heading_color="#9a9ea2" heading_tag="h6" alignment="left" el_class="dt_seven_bold" main_heading_margin="margin-top:-5px;margin-bottom:15px;"][/ultimate_heading][vc_column_text css=".vc_custom_1460053783906{margin-bottom: 10px !important;}"]
<h4>International WordPress Workshop</h4>
[/vc_column_text][ultimate_heading main_heading="Sep 2015" main_heading_color="#9a9ea2" heading_tag="h6" alignment="left" el_class="dt_seven_bold" main_heading_margin="margin-top:-5px;margin-bottom:15px;"][/ultimate_heading][vc_column_text css=".vc_custom_1460053834177{margin-bottom: 10px !important;}"]
<h4>Web Design Workshop</h4>
[/vc_column_text][ultimate_heading main_heading="May 2015" main_heading_color="#9a9ea2" heading_tag="h6" alignment="left" el_class="dt_seven_bold" main_heading_margin="margin-top:-5px;margin-bottom:15px;"][/ultimate_heading][vc_column_text css=".vc_custom_1460054027879{margin-bottom: 10px !important;}"]
<h4>Spanish Language Cources</h4>
[/vc_column_text][ultimate_heading main_heading="Oct 2014 – Mar 2016" main_heading_color="#9a9ea2" heading_tag="h6" alignment="left" el_class="dt_seven_bold" main_heading_margin="margin-top:-5px;margin-bottom:15px;"][/ultimate_heading][vc_column_text css=".vc_custom_1460054097952{margin-bottom: 10px !important;}"]
<h4>CEO Workshop</h4>
[/vc_column_text][ultimate_heading main_heading="May 2014" main_heading_color="#9a9ea2" heading_tag="h6" alignment="left" el_class="dt_seven_bold" main_heading_margin="margin-top:-5px;margin-bottom:15px;"][/ultimate_heading][/vc_column_inner][/vc_row_inner][/vc_column][/vc_row][vc_row type="vc_default" full_width="stretch_row" bg_type="bg_color" bg_override="ex-full" css=".vc_custom_1460478196093{padding-top: 80px !important;padding-bottom: 55px !important;}" bg_color_value="#f7f7f7"][vc_column][ultimate_heading main_heading="My Skills" heading_tag="h1" spacer="line_only" spacer_position="middle" line_height="4" line_color="#bed95c" main_heading_font_size="desktop:57px;tablet:45px;tablet_portrait:45px;mobile_landscape:40px;mobile:35px;" main_heading_line_height="desktop:60px;tablet:45px;tablet_portrait:45px;mobile_landscape:40px;mobile:35px;" line_width="80" spacer_margin="margin-top:20px;margin-bottom:60px;"][/ultimate_heading][/vc_column][vc_column css=".vc_custom_1460477009302{padding-bottom: 40px !important;}" offset="vc_col-lg-6 vc_col-md-6"][vc_column_text css=".vc_custom_1460476054744{padding-bottom: 30px !important;}"]
<h2>Personal Skills</h2>
[/vc_column_text][vc_row_inner][vc_column_inner width="1/2"][ultimate_icon_list icon_size="15" icon_margin="10" css_icon_list=".vc_custom_1460476859153{margin-bottom: 0px !important;padding-bottom: 0px !important;}"][ultimate_icon_list_item icon="Defaults-check" icon_color="#c9c9c9" content_font_size="desktop:17px;" content_line_ht="desktop:30px;" content_font_color="#4c4c4c"]Team Oriented[/ultimate_icon_list_item][ultimate_icon_list_item icon="Defaults-check" icon_color="#c9c9c9" content_font_size="desktop:17px;" content_line_ht="desktop:30px;" content_font_color="#4c4c4c"]Flexible[/ultimate_icon_list_item][ultimate_icon_list_item icon="Defaults-check" icon_color="#c9c9c9" content_font_size="desktop:17px;" content_line_ht="desktop:30px;" content_font_color="#4c4c4c"]Creative[/ultimate_icon_list_item][ultimate_icon_list_item icon="Defaults-check" icon_color="#c9c9c9" content_font_size="desktop:17px;" content_line_ht="desktop:30px;" content_font_color="#4c4c4c"]Deligence[/ultimate_icon_list_item][ultimate_icon_list_item icon="Defaults-check" icon_color="#c9c9c9" content_font_size="desktop:17px;" content_line_ht="desktop:30px;" content_font_color="#4c4c4c"]Reliability[/ultimate_icon_list_item][ultimate_icon_list_item icon="Defaults-check" icon_color="#c9c9c9" content_font_size="desktop:17px;" content_line_ht="desktop:30px;" content_font_color="#4c4c4c"]Personal Integrity[/ultimate_icon_list_item][/ultimate_icon_list][/vc_column_inner][vc_column_inner width="1/2"][ultimate_icon_list icon_size="15" icon_margin="10" css_icon_list=".vc_custom_1460476972340{margin-bottom: 0px !important;padding-bottom: 0px !important;}"][ultimate_icon_list_item icon="Defaults-check" icon_color="#c9c9c9" content_font_size="desktop:17px;" content_line_ht="desktop:30px;" content_font_color="#4c4c4c"]Positive Work Ethic[/ultimate_icon_list_item][ultimate_icon_list_item icon="Defaults-check" icon_color="#c9c9c9" content_font_size="desktop:17px;" content_line_ht="desktop:30px;" content_font_color="#4c4c4c"]Great Communicator[/ultimate_icon_list_item][ultimate_icon_list_item icon="Defaults-check" icon_color="#c9c9c9" content_font_size="desktop:17px;" content_line_ht="desktop:30px;" content_font_color="#4c4c4c"]Rigor[/ultimate_icon_list_item][ultimate_icon_list_item icon="Defaults-check" icon_color="#c9c9c9" content_font_size="desktop:17px;" content_line_ht="desktop:30px;" content_font_color="#4c4c4c"]Responsible[/ultimate_icon_list_item][ultimate_icon_list_item icon="Defaults-check" icon_color="#c9c9c9" content_font_size="desktop:17px;" content_line_ht="desktop:30px;" content_font_color="#4c4c4c"]Funny[/ultimate_icon_list_item][ultimate_icon_list_item icon="Defaults-check" icon_color="#c9c9c9" content_font_size="desktop:17px;" content_line_ht="desktop:30px;" content_font_color="#4c4c4c"]Labour[/ultimate_icon_list_item][/ultimate_icon_list][/vc_column_inner][/vc_row_inner][/vc_column][vc_column css=".vc_custom_1460476679935{padding-bottom: 20px !important;}" offset="vc_col-lg-6 vc_col-md-6"][vc_column_text css=".vc_custom_1460476527534{padding-bottom: 40px !important;}"]
<h2>Recognitions</h2>
[/vc_column_text][vc_row_inner][vc_column_inner width="1/3"][bsf-info-box icon="icomoon-brankic-32x32-window" icon_size="32" icon_color="#ffffff" icon_style="circle" icon_color_bg="#bed95c" title="11" pos="top" desc_font="font_family:Open Sans|font_call:Open+Sans|variant:600" desc_font_style="font-weight:600;" title_font_size="desktop:50px;" title_font_line_height="desktop:50px;" desc_font_size="desktop:18px;" desc_font_line_height="desktop:24px;" desc_font_color="#282f37"]
<p style="text-align: center;">YEARS IN WEB
DESIGN</p>
[/bsf-info-box][/vc_column_inner][vc_column_inner width="1/3"][bsf-info-box icon="icomoon-brankic-32x32-stack3" icon_size="32" icon_color="#ffffff" icon_style="circle" icon_color_bg="#bed95c" title="124" pos="top" desc_font="font_family:Open Sans|font_call:Open+Sans|variant:600" desc_font_style="font-weight:600;" title_font_size="desktop:50px;" title_font_line_height="desktop:50px;" desc_font_size="desktop:18px;" desc_font_line_height="desktop:24px;" desc_font_color="#282f37"]
<p style="text-align: center;">SUCCESSFUL
PROJECTS</p>
[/bsf-info-box][/vc_column_inner][vc_column_inner width="1/3"][bsf-info-box icon="icomoon-brankic-32x32-medal" icon_size="32" icon_color="#ffffff" icon_style="circle" icon_color_bg="#bed95c" title="6" pos="top" desc_font="font_family:Open Sans|font_call:Open+Sans|variant:600" desc_font_style="font-weight:600;" title_font_size="desktop:50px;" title_font_line_height="desktop:50px;" desc_font_size="desktop:18px;" desc_font_line_height="desktop:24px;" desc_font_color="#282f37"]
<p style="text-align: center;">AWARDS
WON</p>
[/bsf-info-box][/vc_column_inner][/vc_row_inner][/vc_column][vc_column offset="vc_hidden-sm vc_hidden-xs"][vc_row_inner css=".vc_custom_1460477623370{padding-bottom: 42px !important;}"][vc_column_inner width="1/2"][dt_fancy_separator separator_color="custom" line_thickness="3" custom_separator_color="#e4e4e4"][/vc_column_inner][vc_column_inner width="1/2"][dt_fancy_separator separator_color="custom" line_thickness="3" custom_separator_color="#e4e4e4"][/vc_column_inner][/vc_row_inner][/vc_column][vc_column css=".vc_custom_1460477098184{padding-bottom: 40px !important;}" offset="vc_col-lg-6 vc_col-md-6"][vc_column_text css=".vc_custom_1460476890005{padding-bottom: 30px !important;}"]
<h2>Profesional Skills</h2>
[/vc_column_text][vc_row_inner][vc_column_inner width="1/2"][ultimate_icon_list icon_size="15" icon_margin="10" css_icon_list=".vc_custom_1460476869172{margin-bottom: 0px !important;padding-bottom: 0px !important;}"][ultimate_icon_list_item icon="Defaults-check" icon_color="#c9c9c9" content_font_size="desktop:17px;" content_line_ht="desktop:30px;" content_font_color="#4c4c4c"]Google Analytics &amp; SEO[/ultimate_icon_list_item][ultimate_icon_list_item icon="Defaults-check" icon_color="#c9c9c9" content_font_size="desktop:17px;" content_line_ht="desktop:30px;" content_font_color="#4c4c4c"]Instal and Configure[/ultimate_icon_list_item][ultimate_icon_list_item icon="Defaults-check" icon_color="#c9c9c9" content_font_size="desktop:17px;" content_line_ht="desktop:30px;" content_font_color="#4c4c4c"]E-commerce Platform[/ultimate_icon_list_item][ultimate_icon_list_item icon="Defaults-check" icon_color="#c9c9c9" content_font_size="desktop:17px;" content_line_ht="desktop:30px;" content_font_color="#4c4c4c"]Color theory knowledge[/ultimate_icon_list_item][ultimate_icon_list_item icon="Defaults-check" icon_color="#c9c9c9" content_font_size="desktop:17px;" content_line_ht="desktop:30px;" content_font_color="#4c4c4c"]Web Usability[/ultimate_icon_list_item][ultimate_icon_list_item icon="Defaults-check" icon_color="#c9c9c9" content_font_size="desktop:17px;" content_line_ht="desktop:30px;" content_font_color="#4c4c4c"]Grid &amp; Layout[/ultimate_icon_list_item][/ultimate_icon_list][/vc_column_inner][vc_column_inner width="1/2" css=".vc_custom_1460476878532{border-bottom-width: 0px !important;padding-bottom: 0px !important;}"][ultimate_icon_list icon_size="15" icon_margin="10" css_icon_list=".vc_custom_1460477061520{margin-bottom: 0px !important;padding-bottom: 0px !important;}"][ultimate_icon_list_item icon="Defaults-check" icon_color="#c9c9c9" content_font_size="desktop:17px;" content_line_ht="desktop:30px;" content_font_color="#4c4c4c"]Photo manipulation skills[/ultimate_icon_list_item][ultimate_icon_list_item icon="Defaults-check" icon_color="#c9c9c9" content_font_size="desktop:17px;" content_line_ht="desktop:30px;" content_font_color="#4c4c4c"]Digital Painting[/ultimate_icon_list_item][ultimate_icon_list_item icon="Defaults-check" icon_color="#c9c9c9" content_font_size="desktop:17px;" content_line_ht="desktop:30px;" content_font_color="#4c4c4c"]Photo Composition[/ultimate_icon_list_item][ultimate_icon_list_item icon="Defaults-check" icon_color="#c9c9c9" content_font_size="desktop:17px;" content_line_ht="desktop:30px;" content_font_color="#4c4c4c"]Good sense of Typography[/ultimate_icon_list_item][ultimate_icon_list_item icon="Defaults-check" icon_color="#c9c9c9" content_font_size="desktop:17px;" content_line_ht="desktop:30px;" content_font_color="#4c4c4c"]Portrait Retouching[/ultimate_icon_list_item][ultimate_icon_list_item icon="Defaults-check" icon_color="#c9c9c9" content_font_size="desktop:17px;" content_line_ht="desktop:30px;" content_font_color="#4c4c4c"]Video Editing[/ultimate_icon_list_item][/ultimate_icon_list][/vc_column_inner][/vc_row_inner][/vc_column][vc_column css=".vc_custom_1460477112861{padding-bottom: 40px !important;}" offset="vc_col-lg-6 vc_col-md-6"][vc_column_text css=".vc_custom_1460476900915{padding-bottom: 30px !important;}"]
<h2>Software Knowledge</h2>
[/vc_column_text][vc_progress_bar values="%5B%7B%22label%22%3A%22ADOBE%20PHOTOSHOP%22%2C%22value%22%3A%2260%22%7D%2C%7B%22label%22%3A%22ADOBE%20ILUSTRATOR%22%2C%22value%22%3A%2290%22%7D%2C%7B%22label%22%3A%22ADOBE%20FIREWOKS%22%2C%22value%22%3A%2240%22%7D%2C%7B%22label%22%3A%223D%20MAX%22%2C%22value%22%3A%2230%22%7D%5D" options="striped,animated" caption_pos="top" el_class="dt_seven_custom_bar"][/vc_column][/vc_row][vc_row type="vc_default" bg_color="#ffffff" bg_type="bg_color" bg_override="ex-full" css=".vc_custom_1460478085629{padding-top: 80px !important;padding-bottom: 30px !important;}" bg_color_value="#ffffff"][vc_column][ultimate_heading main_heading="References" heading_tag="h1" spacer="line_only" spacer_position="middle" line_height="4" line_color="#bed95c" main_heading_font_size="desktop:57px;tablet:45px;tablet_portrait:45px;mobile_landscape:40px;mobile:35px;" main_heading_line_height="desktop:60px;tablet:45px;tablet_portrait:45px;mobile_landscape:40px;mobile:35px;" line_width="80" spacer_margin="margin-top:20px;margin-bottom:50px;"][/ultimate_heading][ultimate_carousel slide_to_scroll="single" title_text_typography="" slides_on_desk="3" slides_on_tabs="1" slides_on_mob="1" speed="600" autoplay="off" arrow_color="#bed95c" arrow_size="34" dots="off" item_space="0"][ult_content_box box_shadow="horizontal:px|vertical:px|blur:px|spread:px|color:#f7f7f7|style:none|" padding="padding:8%;" margin="margin:4%;" min_height="310" hover_bg_color="#f6f6f6" hover_border_color="#f2f2f2" hover_box_shadow="horizontal:px|vertical:px|blur:px|spread:px|color:#f7f7f7|style:none|" bg_color="#f6f6f6"][ultimate_heading main_heading="Tiffany Bright" heading_tag="h1" sub_heading_color="#9a9ea2" alignment="left" main_heading_font_size="desktop:18px;" main_heading_line_height="desktop:30px;" sub_heading_font_size="desktop:14px;" sub_heading_line_height="desktop:30px;" sub_heading_margin="margin-bottom:10px;" el_class="dt_seven_bold" main_heading_style="font-weight:bold;"]Accont manager, Diitall Agency[/ultimate_heading][vc_column_text]<em>Cras erat nisi, congue in facilisis ut, interdum eget lectus. Morbi vitae mauris eu leo malesuada posuere. Suspendisse sodales ex vitae mi vulputate</em>[/vc_column_text][/ult_content_box][ult_content_box box_shadow="horizontal:px|vertical:px|blur:px|spread:px|color:#f7f7f7|style:none|" padding="padding:8%;" margin="margin:4%;" min_height="310" hover_bg_color="#f6f6f6" hover_border_color="#f2f2f2" hover_box_shadow="horizontal:px|vertical:px|blur:px|spread:px|color:#f7f7f7|style:none|" bg_color="#f6f6f6"][ultimate_heading main_heading="LInda Carter" heading_tag="h1" sub_heading_color="#9a9ea2" alignment="left" main_heading_font_size="desktop:18px;" main_heading_line_height="desktop:30px;" sub_heading_font_size="desktop:14px;" sub_heading_line_height="desktop:30px;" sub_heading_margin="margin-bottom:10px;" el_class="dt_seven_bold" main_heading_style="font-weight:bold;"]Sales manager, Media Company[/ultimate_heading][vc_column_text]<em>Curabitur quis dui facilisis, lobortis lectus et, finibus dui. Donec ac mauris massa. Maecenas a semper libero. Integer id suscipit leo. Vivamus vulputate, purus quis egestas fermentum.</em>[/vc_column_text][/ult_content_box][ult_content_box box_shadow="horizontal:px|vertical:px|blur:px|spread:px|color:#f7f7f7|style:none|" padding="padding:8%;" margin="margin:4%;" min_height="310" hover_bg_color="#f6f6f6" hover_border_color="#f2f2f2" hover_box_shadow="horizontal:px|vertical:px|blur:px|spread:px|color:#f7f7f7|style:none|" bg_color="#f6f6f6"][ultimate_heading main_heading="Alex Green" heading_tag="h1" sub_heading_color="#9a9ea2" alignment="left" main_heading_font_size="desktop:18px;" main_heading_line_height="desktop:30px;" sub_heading_font_size="desktop:14px;" sub_heading_line_height="desktop:30px;" sub_heading_margin="margin-bottom:10px;" el_class="dt_seven_bold" main_heading_style="font-weight:bold;"]Co-founder, Media Company[/ultimate_heading][vc_column_text]<em>Phasellus at leo ac sem dictum placerat. Donec viverra malesuada felis, sit amet efficitur nisi vestibulum sit amet. Maecenas hendrerit.</em>[/vc_column_text][/ult_content_box][ult_content_box box_shadow="horizontal:px|vertical:px|blur:px|spread:px|color:#f7f7f7|style:none|" padding="padding:8%;" margin="margin:4%;" min_height="310" hover_bg_color="#f6f6f6" hover_border_color="#f2f2f2" hover_box_shadow="horizontal:px|vertical:px|blur:px|spread:px|color:#f7f7f7|style:none|" bg_color="#f6f6f6"][ultimate_heading main_heading="John Doe" heading_tag="h1" sub_heading_color="#9a9ea2" alignment="left" main_heading_font_size="desktop:18px;" main_heading_line_height="desktop:30px;" sub_heading_font_size="desktop:14px;" sub_heading_line_height="desktop:30px;" sub_heading_margin="margin-bottom:10px;" el_class="dt_seven_bold" main_heading_style="font-weight:bold;"]Co-founder, Pixel Company[/ultimate_heading][vc_column_text]<em>Curabitur quis dui facilisis, lobortis lectus et, finibus dui. Donec ac mauris massa. Maecenas a semper libero. Integer id suscipit leo. Vivamus vulputate.</em>[/vc_column_text][/ult_content_box][ult_content_box box_shadow="horizontal:px|vertical:px|blur:px|spread:px|color:#f7f7f7|style:none|" padding="padding:8%;" margin="margin:4%;" min_height="310" hover_bg_color="#f6f6f6" hover_border_color="#f2f2f2" hover_box_shadow="horizontal:px|vertical:px|blur:px|spread:px|color:#f7f7f7|style:none|" bg_color="#f6f6f6"][ultimate_heading main_heading="Mike Blake" heading_tag="h1" sub_heading_color="#9a9ea2" alignment="left" main_heading_font_size="desktop:18px;" main_heading_line_height="desktop:30px;" sub_heading_font_size="desktop:14px;" sub_heading_line_height="desktop:30px;" sub_heading_margin="margin-bottom:10px;" el_class="dt_seven_bold" main_heading_style="font-weight:bold;"]Co-founder, List Company[/ultimate_heading][vc_column_text]<em>Phasellus at leo ac sem dictum placerat. Donec viverra malesuada felis, sit amet efficitur nisi vestibulum sit amet. Maecenas hendrerit, velit sit amet placerat porttitor.</em>[/vc_column_text][/ult_content_box][ult_content_box box_shadow="horizontal:px|vertical:px|blur:px|spread:px|color:#f7f7f7|style:none|" padding="padding:8%;" margin="margin:4%;" min_height="310" hover_bg_color="#f6f6f6" hover_border_color="#f2f2f2" hover_box_shadow="horizontal:px|vertical:px|blur:px|spread:px|color:#f7f7f7|style:none|" bg_color="#f6f6f6"][ultimate_heading main_heading="David White" heading_tag="h1" sub_heading_color="#9a9ea2" alignment="left" main_heading_font_size="desktop:18px;" main_heading_line_height="desktop:30px;" sub_heading_font_size="desktop:14px;" sub_heading_line_height="desktop:30px;" sub_heading_margin="margin-bottom:10px;" el_class="dt_seven_bold" main_heading_style="font-weight:bold;"]Co-founder, Fire Company[/ultimate_heading][vc_column_text]<em>Cras erat nisi, congue in facilisis ut, interdum eget lectus. Morbi vitae mauris eu leo malesuada posuere. Suspendisse sodales ex vitae mi vulputate</em>[/vc_column_text][/ult_content_box][/ultimate_carousel][/vc_column][/vc_row][vc_row type="vc_default" full_width="stretch_row" bg_type="image" parallax_style="vcpb-vz-jquery" bg_image_new="id^177|url^https://the7.io/cv/wp-content/uploads/sites/20/2016/04/bg-cv-header.jpg|caption^null|alt^null|title^bg-cv-header|description^null" bg_image_repeat="no-repeat" parallax_sense="25" bg_override="ex-full" enable_overlay="enable_overlay_value" overlay_color="rgba(3,19,37,0.75)" overlay_pattern_opacity="0" css=".vc_custom_1474226210685{margin-bottom: -50px !important;padding-top: 80px !important;padding-bottom: 80px !important;}" el_id="contact_section"][vc_column][ultimate_heading main_heading="Contact me" main_heading_color="#ffffff" heading_tag="h1" spacer="line_only" spacer_position="middle" line_height="4" line_color="#bed95c" main_heading_font_size="desktop:57px;tablet:45px;tablet_portrait:45px;mobile_landscape:40px;mobile:35px;" main_heading_line_height="desktop:60px;tablet:45px;tablet_portrait:45px;mobile_landscape:40px;mobile:35px;" line_width="80" spacer_margin="margin-top:20px;margin-bottom:60px;"][/ultimate_heading][/vc_column][vc_column offset="vc_col-lg-6 vc_col-md-6"][ultimate_heading main_heading="Want to Work with Me?" main_heading_color="#ffffff" sub_heading_color="#ffffff" alignment="left" main_heading_font_size="desktop:28px;" main_heading_line_height="desktop:30px;" sub_heading_font_size="desktop:17px;" sub_heading_line_height="desktop:30px;" main_heading_margin="margin-bottom:25px;" sub_heading_margin="margin-bottom:40px;"]Donec mollis hendrerit risus. Phasellus nec sem in justo pellentesque facilisis. Etiam imperdiet imperdiet orci. Nunc nec neque. Phasellus leo dolor, tempus non, auctor et, hendrerit quis, nisi.

Donec mollis hendrerit risus. Phasellus nec sem in justo pellentesque facilisis. Etiam imperdiet imperdiet orci![/ultimate_heading][vc_row_inner][vc_column_inner width="1/2"][ultimate_heading main_heading="Phone number:" main_heading_color="rgba(255,255,255,0.5)" sub_heading_color="#ffffff" alignment="left" main_heading_font_size="desktop:17px;" main_heading_line_height="desktop:30px;" sub_heading_font_size="desktop:18px;" sub_heading_line_height="desktop:30px;" sub_heading_margin="margin-bottom:20px;"]123-456-7890[/ultimate_heading][ultimate_heading main_heading="Social profiles:" main_heading_color="rgba(255,255,255,0.5)" sub_heading_color="#ffffff" alignment="left" main_heading_font_size="desktop:17px;" main_heading_line_height="desktop:30px;" sub_heading_font_size="desktop:18px;" sub_heading_line_height="desktop:30px;" main_heading_margin="margin-bottom:10px;"][/ultimate_heading][ultimate_icons css_icon=".vc_custom_1460478692769{margin-bottom: 0px !important;padding-bottom: 20px !important;}"][single_icon icon="icomoon-free-social-contact-16x16-facebook" icon_size="20" icon_margin="5" icon_color="#ffffff" icon_style="circle" icon_color_bg="#1c518d" icon_link="url:%23||"][single_icon icon="icomoon-free-social-contact-16x16-linkedin2" icon_size="20" icon_margin="5" icon_color="#ffffff" icon_style="circle" icon_color_bg="#1c518d" icon_link="url:%23||"][single_icon icon="icomoon-free-social-contact-16x16-twitter" icon_size="20" icon_margin="5" icon_color="#ffffff" icon_style="circle" icon_color_bg="#1c518d" icon_link="url:%23||"][single_icon icon="icomoon-free-social-contact-16x16-dribbble" icon_size="20" icon_margin="5" icon_color="#ffffff" icon_style="circle" icon_color_bg="#1c518d" icon_link="url:%23||"][/ultimate_icons][/vc_column_inner][vc_column_inner width="1/2"][ultimate_heading main_heading="E-mail:" main_heading_color="rgba(255,255,255,0.5)" sub_heading_color="#ffffff" alignment="left" main_heading_font_size="desktop:17px;" main_heading_line_height="desktop:30px;" sub_heading_font_size="desktop:18px;" sub_heading_line_height="desktop:30px;" sub_heading_margin="margin-bottom:20px;"]john.smith@mysite.com[/ultimate_heading][ultimate_heading main_heading="Skype:" main_heading_color="rgba(255,255,255,0.5)" sub_heading_color="#ffffff" alignment="left" main_heading_font_size="desktop:17px;" main_heading_line_height="desktop:30px;" sub_heading_font_size="desktop:18px;" sub_heading_line_height="desktop:30px;" sub_heading_margin="margin-bottom:20px;"]JohnSmithCV[/ultimate_heading][/vc_column_inner][/vc_row_inner][/vc_column][vc_column css=".vc_custom_1460478844641{padding-top: 60px !important;}" offset="vc_col-lg-6 vc_col-md-6"][dt_contact_form fields="name,email,website,message" required="name,message" button_title="SEND MESSAGE" button_size="medium"][/vc_column][/vc_row]]]></content:encoded>
		<excerpt:encoded><![CDATA[]]></excerpt:encoded>
		<wp:post_id>2</wp:post_id>
		<wp:post_date>2016-04-07 09:54:27</wp:post_date>
		<wp:post_date_gmt>2016-04-07 08:54:27</wp:post_date_gmt>
		<wp:comment_status>closed</wp:comment_status>
		<wp:ping_status>open</wp:ping_status>
		<wp:post_name>cv</wp:post_name>
		<wp:status>publish</wp:status>
		<wp:post_parent>0</wp:post_parent>
		<wp:menu_order>0</wp:menu_order>
		<wp:post_type>page</wp:post_type>
		<wp:post_password></wp:post_password>
		<wp:is_sticky>0</wp:is_sticky>
		<wp:postmeta>
			<wp:meta_key>_wp_page_template</wp:meta_key>
			<wp:meta_value><![CDATA[template-microsite.php]]></wp:meta_value>
		</wp:postmeta>
		<wp:postmeta>
			<wp:meta_key>_dt_sidebar_hide_on_mobile</wp:meta_key>
			<wp:meta_value><![CDATA[0]]></wp:meta_value>
		</wp:postmeta>
		<wp:postmeta>
			<wp:meta_key>_dt_footer_show</wp:meta_key>
			<wp:meta_value><![CDATA[1]]></wp:meta_value>
		</wp:postmeta>
		<wp:postmeta>
			<wp:meta_key>_dt_footer_widgetarea_id</wp:meta_key>
			<wp:meta_value><![CDATA[sidebar_2]]></wp:meta_value>
		</wp:postmeta>
		<wp:postmeta>
			<wp:meta_key>_dt_footer_hide_on_mobile</wp:meta_key>
			<wp:meta_value><![CDATA[0]]></wp:meta_value>
		</wp:postmeta>
		<wp:postmeta>
			<wp:meta_key>_dt_header_title</wp:meta_key>
			<wp:meta_value><![CDATA[disabled]]></wp:meta_value>
		</wp:postmeta>
		<wp:postmeta>
			<wp:meta_key>_dt_header_background</wp:meta_key>
			<wp:meta_value><![CDATA[normal]]></wp:meta_value>
		</wp:postmeta>
		<wp:postmeta>
			<wp:meta_key>_dt_header_background_below_slideshow</wp:meta_key>
			<wp:meta_value><![CDATA[disabled]]></wp:meta_value>
		</wp:postmeta>
		<wp:postmeta>
			<wp:meta_key>_dt_header_transparent_bg_color</wp:meta_key>
			<wp:meta_value><![CDATA[#000000]]></wp:meta_value>
		</wp:postmeta>
		<wp:postmeta>
			<wp:meta_key>_dt_header_transparent_bg_opacity</wp:meta_key>
			<wp:meta_value><![CDATA[50]]></wp:meta_value>
		</wp:postmeta>
		<wp:postmeta>
			<wp:meta_key>_dt_header_transparent_bg_color_scheme</wp:meta_key>
			<wp:meta_value><![CDATA[light]]></wp:meta_value>
		</wp:postmeta>
		<wp:postmeta>
			<wp:meta_key>_wpb_vc_js_status</wp:meta_key>
			<wp:meta_value><![CDATA[true]]></wp:meta_value>
		</wp:postmeta>
		<wp:postmeta>
			<wp:meta_key>_vc_post_settings</wp:meta_key>
			<wp:meta_value><![CDATA[a:1:{s:10:"vc_grid_id";a:0:{}}]]></wp:meta_value>
		</wp:postmeta>
		<wp:postmeta>
			<wp:meta_key>_wpb_shortcodes_custom_css</wp:meta_key>
			<wp:meta_value><![CDATA[.vc_custom_1474224902900{margin-top: -50px !important;padding-top: 90px !important;padding-bottom: 90px !important;}.vc_custom_1460469676760{padding-top: 80px !important;padding-bottom: 50px !important;}.vc_custom_1460470594828{padding-top: 80px !important;padding-bottom: 55px !important;}.vc_custom_1460478131125{padding-top: 80px !important;padding-bottom: 45px !important;}.vc_custom_1460478196093{padding-top: 80px !important;padding-bottom: 55px !important;}.vc_custom_1460478085629{padding-top: 80px !important;padding-bottom: 30px !important;}.vc_custom_1474226210685{margin-bottom: -50px !important;padding-top: 80px !important;padding-bottom: 80px !important;}.vc_custom_1460536560605{padding-bottom: 40px !important;}.vc_custom_1460536574231{padding-right: 0px !important;padding-bottom: 40px !important;}.vc_custom_1460536203776{padding-bottom: 30px !important;}.vc_custom_1460468905416{padding-bottom: 25px !important;}.vc_custom_1460468914339{padding-bottom: 25px !important;}.vc_custom_1460469007588{padding-bottom: 35px !important;}.vc_custom_1460470206625{padding-bottom: 35px !important;}.vc_custom_1460470230953{padding-bottom: 45px !important;}.vc_custom_1460470253674{padding-top: 35px !important;padding-bottom: 45px !important;}.vc_custom_1460470379346{padding-top: 35px !important;padding-bottom: 45px !important;}.vc_custom_1460470477747{padding-bottom: 30px !important;}.vc_custom_1460374877344{padding-bottom: 30px !important;}.vc_custom_1460051817368{padding-bottom: 20px !important;}.vc_custom_1460470486568{padding-bottom: 30px !important;}.vc_custom_1460052221360{padding-bottom: 20px !important;}.vc_custom_1460470494552{padding-bottom: 30px !important;}.vc_custom_1460374890362{padding-bottom: 30px !important;}.vc_custom_1460052266276{padding-bottom: 20px !important;}.vc_custom_1460470509645{padding-bottom: 30px !important;}.vc_custom_1460374900034{padding-bottom: 30px !important;}.vc_custom_1460052427637{padding-bottom: 20px !important;}.vc_custom_1460472352759{padding-bottom: 50px !important;}.vc_custom_1460472363287{padding-bottom: 50px !important;}.vc_custom_1460472394608{padding-bottom: 50px !important;}.vc_custom_1460472289661{padding-bottom: 25px !important;}.vc_custom_1460472298779{padding-bottom: 25px !important;}.vc_custom_1460472429612{padding-bottom: 30px !important;}.vc_custom_1460053751937{margin-bottom: 10px !important;}.vc_custom_1460053783906{margin-bottom: 10px !important;}.vc_custom_1460053834177{margin-bottom: 10px !important;}.vc_custom_1460054027879{margin-bottom: 10px !important;}.vc_custom_1460054097952{margin-bottom: 10px !important;}.vc_custom_1460477009302{padding-bottom: 40px !important;}.vc_custom_1460476679935{padding-bottom: 20px !important;}.vc_custom_1460477098184{padding-bottom: 40px !important;}.vc_custom_1460477112861{padding-bottom: 40px !important;}.vc_custom_1460476054744{padding-bottom: 30px !important;}.vc_custom_1460476859153{margin-bottom: 0px !important;padding-bottom: 0px !important;}.vc_custom_1460476972340{margin-bottom: 0px !important;padding-bottom: 0px !important;}.vc_custom_1460476527534{padding-bottom: 40px !important;}.vc_custom_1460477623370{padding-bottom: 42px !important;}.vc_custom_1460476890005{padding-bottom: 30px !important;}.vc_custom_1460476878532{border-bottom-width: 0px !important;padding-bottom: 0px !important;}.vc_custom_1460476869172{margin-bottom: 0px !important;padding-bottom: 0px !important;}.vc_custom_1460477061520{margin-bottom: 0px !important;padding-bottom: 0px !important;}.vc_custom_1460476900915{padding-bottom: 30px !important;}.vc_custom_1460478844641{padding-top: 60px !important;}.vc_custom_1460478692769{margin-bottom: 0px !important;padding-bottom: 20px !important;}]]></wp:meta_value>
		</wp:postmeta>
		<wp:postmeta>
			<wp:meta_key>_dt_sidebar_position</wp:meta_key>
			<wp:meta_value><![CDATA[disabled]]></wp:meta_value>
		</wp:postmeta>
		<wp:postmeta>
			<wp:meta_key>_dt_sidebar_widgetarea_id</wp:meta_key>
			<wp:meta_value><![CDATA[sidebar_1]]></wp:meta_value>
		</wp:postmeta>
		<wp:postmeta>
			<wp:meta_key>_edit_last</wp:meta_key>
			<wp:meta_value><![CDATA[1]]></wp:meta_value>
		</wp:postmeta>
		<wp:postmeta>
			<wp:meta_key>slide_template</wp:meta_key>
			<wp:meta_value><![CDATA[default]]></wp:meta_value>
		</wp:postmeta>
		<wp:postmeta>
			<wp:meta_key>_dt_microsite_page_layout</wp:meta_key>
			<wp:meta_value><![CDATA[wide]]></wp:meta_value>
		</wp:postmeta>
		<wp:postmeta>
			<wp:meta_key>_dt_microsite_hidden_parts</wp:meta_key>
			<wp:meta_value><![CDATA[header]]></wp:meta_value>
		</wp:postmeta>
		<wp:postmeta>
			<wp:meta_key>_dt_microsite_hidden_parts</wp:meta_key>
			<wp:meta_value><![CDATA[floating_menu]]></wp:meta_value>
		</wp:postmeta>
		<wp:postmeta>
			<wp:meta_key>_dt_microsite_hidden_parts</wp:meta_key>
			<wp:meta_value><![CDATA[bottom_bar]]></wp:meta_value>
		</wp:postmeta>
		<wp:postmeta>
			<wp:meta_key>_dt_microsite_page_loading</wp:meta_key>
			<wp:meta_value><![CDATA[enabled]]></wp:meta_value>
		</wp:postmeta>
		<wp:postmeta>
			<wp:meta_key>_dt_microsite_favicon_type</wp:meta_key>
			<wp:meta_value><![CDATA[custom]]></wp:meta_value>
		</wp:postmeta>
	</item>
	<item>
		<title>printcv</title>
		<link>https://the7.io/cv/cv/printcv/</link>
		<pubDate>Tue, 12 Apr 2016 16:49:36 +0000</pubDate>
		<dc:creator><![CDATA[admin]]></dc:creator>
		<guid isPermaLink="false">https://the7.io/cv/wp-content/uploads/sites/20/2016/04/printcv.jpg</guid>
		<description></description>
		<content:encoded><![CDATA[]]></content:encoded>
		<excerpt:encoded><![CDATA[]]></excerpt:encoded>
		<wp:post_id>162</wp:post_id>
		<wp:post_date>2016-04-12 17:49:36</wp:post_date>
		<wp:post_date_gmt>2016-04-12 16:49:36</wp:post_date_gmt>
		<wp:comment_status>open</wp:comment_status>
		<wp:ping_status>closed</wp:ping_status>
		<wp:post_name>printcv</wp:post_name>
		<wp:status>inherit</wp:status>
		<wp:post_parent>2</wp:post_parent>
		<wp:menu_order>0</wp:menu_order>
		<wp:post_type>attachment</wp:post_type>
		<wp:post_password></wp:post_password>
		<wp:is_sticky>0</wp:is_sticky>
		<wp:attachment_url>https://the7.io/cv/wp-content/uploads/sites/20/2016/04/printcv.jpg</wp:attachment_url>
		<wp:postmeta>
			<wp:meta_key>_wp_attached_file</wp:meta_key>
			<wp:meta_value><![CDATA[2016/04/printcv.jpg]]></wp:meta_value>
		</wp:postmeta>
		<wp:postmeta>
			<wp:meta_key>_wp_attachment_metadata</wp:meta_key>
			<wp:meta_value><![CDATA[a:5:{s:5:"width";i:760;s:6:"height";i:662;s:4:"file";s:19:"2016/04/printcv.jpg";s:5:"sizes";a:2:{s:9:"thumbnail";a:4:{s:4:"file";s:19:"printcv-150x150.jpg";s:5:"width";i:150;s:6:"height";i:150;s:9:"mime-type";s:10:"image/jpeg";}s:6:"medium";a:4:{s:4:"file";s:19:"printcv-300x261.jpg";s:5:"width";i:300;s:6:"height";i:261;s:9:"mime-type";s:10:"image/jpeg";}}s:10:"image_meta";a:12:{s:8:"aperture";s:1:"0";s:6:"credit";s:0:"";s:6:"camera";s:0:"";s:7:"caption";s:0:"";s:17:"created_timestamp";s:1:"0";s:9:"copyright";s:0:"";s:12:"focal_length";s:1:"0";s:3:"iso";s:1:"0";s:13:"shutter_speed";s:1:"0";s:5:"title";s:0:"";s:11:"orientation";s:1:"0";s:8:"keywords";a:0:{}}}]]></wp:meta_value>
		</wp:postmeta>
	</item>
	<item>
		<title>icomoon-brankic-32x32</title>
		<link>https://the7.io/cv/icomoon-brankic-32x32/</link>
		<pubDate>Mon, 11 Apr 2016 12:17:22 +0000</pubDate>
		<dc:creator><![CDATA[james]]></dc:creator>
		<guid isPermaLink="false">https://the7.io/cv/wp-content/uploads/sites/20/2016/04/icomoon-brankic-32x32.zip</guid>
		<description></description>
		<content:encoded><![CDATA[]]></content:encoded>
		<excerpt:encoded><![CDATA[]]></excerpt:encoded>
		<wp:post_id>74</wp:post_id>
		<wp:post_date>2016-04-11 13:17:22</wp:post_date>
		<wp:post_date_gmt>2016-04-11 12:17:22</wp:post_date_gmt>
		<wp:comment_status>open</wp:comment_status>
		<wp:ping_status>closed</wp:ping_status>
		<wp:post_name>icomoon-brankic-32x32</wp:post_name>
		<wp:status>inherit</wp:status>
		<wp:post_parent>0</wp:post_parent>
		<wp:menu_order>0</wp:menu_order>
		<wp:post_type>attachment</wp:post_type>
		<wp:post_password></wp:post_password>
		<wp:is_sticky>0</wp:is_sticky>
		<wp:attachment_url>https://the7.io/cv/wp-content/uploads/sites/20/2016/04/icomoon-brankic-32x32.zip</wp:attachment_url>
		<wp:postmeta>
			<wp:meta_key>_wp_attached_file</wp:meta_key>
			<wp:meta_value><![CDATA[2016/04/icomoon-brankic-32x32.zip]]></wp:meta_value>
		</wp:postmeta>
	</item>
	<item>
		<title>icomoon-free-social-contact-16x16</title>
		<link>https://the7.io/cv/icomoon-free-social-contact-16x16/</link>
		<pubDate>Mon, 11 Apr 2016 12:17:25 +0000</pubDate>
		<dc:creator><![CDATA[james]]></dc:creator>
		<guid isPermaLink="false">https://the7.io/cv/wp-content/uploads/sites/20/2016/04/icomoon-free-social-contact-16x16.zip</guid>
		<description></description>
		<content:encoded><![CDATA[]]></content:encoded>
		<excerpt:encoded><![CDATA[]]></excerpt:encoded>
		<wp:post_id>75</wp:post_id>
		<wp:post_date>2016-04-11 13:17:25</wp:post_date>
		<wp:post_date_gmt>2016-04-11 12:17:25</wp:post_date_gmt>
		<wp:comment_status>open</wp:comment_status>
		<wp:ping_status>closed</wp:ping_status>
		<wp:post_name>icomoon-free-social-contact-16x16</wp:post_name>
		<wp:status>inherit</wp:status>
		<wp:post_parent>0</wp:post_parent>
		<wp:menu_order>0</wp:menu_order>
		<wp:post_type>attachment</wp:post_type>
		<wp:post_password></wp:post_password>
		<wp:is_sticky>0</wp:is_sticky>
		<wp:attachment_url>https://the7.io/cv/wp-content/uploads/sites/20/2016/04/icomoon-free-social-contact-16x16.zip</wp:attachment_url>
		<wp:postmeta>
			<wp:meta_key>_wp_attached_file</wp:meta_key>
			<wp:meta_value><![CDATA[2016/04/icomoon-free-social-contact-16x16.zip]]></wp:meta_value>
		</wp:postmeta>
	</item>
	<item>
		<title>cvimg01</title>
		<link>https://the7.io/cv/cv/cvimg01/</link>
		<pubDate>Tue, 12 Apr 2016 13:57:05 +0000</pubDate>
		<dc:creator><![CDATA[admin]]></dc:creator>
		<guid isPermaLink="false">https://the7.io/cv/wp-content/uploads/sites/20/2016/04/cvimg01.jpg</guid>
		<description></description>
		<content:encoded><![CDATA[]]></content:encoded>
		<excerpt:encoded><![CDATA[]]></excerpt:encoded>
		<wp:post_id>93</wp:post_id>
		<wp:post_date>2016-04-12 14:57:05</wp:post_date>
		<wp:post_date_gmt>2016-04-12 13:57:05</wp:post_date_gmt>
		<wp:comment_status>open</wp:comment_status>
		<wp:ping_status>closed</wp:ping_status>
		<wp:post_name>cvimg01</wp:post_name>
		<wp:status>inherit</wp:status>
		<wp:post_parent>2</wp:post_parent>
		<wp:menu_order>0</wp:menu_order>
		<wp:post_type>attachment</wp:post_type>
		<wp:post_password></wp:post_password>
		<wp:is_sticky>0</wp:is_sticky>
		<wp:attachment_url>https://the7.io/cv/wp-content/uploads/sites/20/2016/04/cvimg01.jpg</wp:attachment_url>
		<wp:postmeta>
			<wp:meta_key>_wp_attached_file</wp:meta_key>
			<wp:meta_value><![CDATA[2016/04/cvimg01.jpg]]></wp:meta_value>
		</wp:postmeta>
		<wp:postmeta>
			<wp:meta_key>_wp_attachment_metadata</wp:meta_key>
			<wp:meta_value><![CDATA[a:5:{s:5:"width";i:510;s:6:"height";i:644;s:4:"file";s:19:"2016/04/cvimg01.jpg";s:5:"sizes";a:2:{s:9:"thumbnail";a:4:{s:4:"file";s:19:"cvimg01-150x150.jpg";s:5:"width";i:150;s:6:"height";i:150;s:9:"mime-type";s:10:"image/jpeg";}s:6:"medium";a:4:{s:4:"file";s:19:"cvimg01-238x300.jpg";s:5:"width";i:238;s:6:"height";i:300;s:9:"mime-type";s:10:"image/jpeg";}}s:10:"image_meta";a:12:{s:8:"aperture";s:1:"0";s:6:"credit";s:0:"";s:6:"camera";s:0:"";s:7:"caption";s:0:"";s:17:"created_timestamp";s:1:"0";s:9:"copyright";s:0:"";s:12:"focal_length";s:1:"0";s:3:"iso";s:1:"0";s:13:"shutter_speed";s:1:"0";s:5:"title";s:0:"";s:11:"orientation";s:1:"0";s:8:"keywords";a:0:{}}}]]></wp:meta_value>
		</wp:postmeta>
	</item>
	<item>
		<title>imgcv02</title>
		<link>https://the7.io/cv/cv/imgcv02/</link>
		<pubDate>Tue, 12 Apr 2016 14:34:42 +0000</pubDate>
		<dc:creator><![CDATA[admin]]></dc:creator>
		<guid isPermaLink="false">https://the7.io/cv/wp-content/uploads/sites/20/2016/04/imgcv02.jpg</guid>
		<description></description>
		<content:encoded><![CDATA[]]></content:encoded>
		<excerpt:encoded><![CDATA[]]></excerpt:encoded>
		<wp:post_id>110</wp:post_id>
		<wp:post_date>2016-04-12 15:34:42</wp:post_date>
		<wp:post_date_gmt>2016-04-12 14:34:42</wp:post_date_gmt>
		<wp:comment_status>open</wp:comment_status>
		<wp:ping_status>closed</wp:ping_status>
		<wp:post_name>imgcv02</wp:post_name>
		<wp:status>inherit</wp:status>
		<wp:post_parent>2</wp:post_parent>
		<wp:menu_order>0</wp:menu_order>
		<wp:post_type>attachment</wp:post_type>
		<wp:post_password></wp:post_password>
		<wp:is_sticky>0</wp:is_sticky>
		<wp:attachment_url>https://the7.io/cv/wp-content/uploads/sites/20/2016/04/imgcv02.jpg</wp:attachment_url>
		<wp:postmeta>
			<wp:meta_key>_wp_attached_file</wp:meta_key>
			<wp:meta_value><![CDATA[2016/04/imgcv02.jpg]]></wp:meta_value>
		</wp:postmeta>
		<wp:postmeta>
			<wp:meta_key>_wp_attachment_metadata</wp:meta_key>
			<wp:meta_value><![CDATA[a:5:{s:5:"width";i:340;s:6:"height";i:340;s:4:"file";s:19:"2016/04/imgcv02.jpg";s:5:"sizes";a:2:{s:9:"thumbnail";a:4:{s:4:"file";s:19:"imgcv02-150x150.jpg";s:5:"width";i:150;s:6:"height";i:150;s:9:"mime-type";s:10:"image/jpeg";}s:6:"medium";a:4:{s:4:"file";s:19:"imgcv02-300x300.jpg";s:5:"width";i:300;s:6:"height";i:300;s:9:"mime-type";s:10:"image/jpeg";}}s:10:"image_meta";a:12:{s:8:"aperture";s:1:"0";s:6:"credit";s:0:"";s:6:"camera";s:0:"";s:7:"caption";s:0:"";s:17:"created_timestamp";s:1:"0";s:9:"copyright";s:0:"";s:12:"focal_length";s:1:"0";s:3:"iso";s:1:"0";s:13:"shutter_speed";s:1:"0";s:5:"title";s:0:"";s:11:"orientation";s:1:"0";s:8:"keywords";a:0:{}}}]]></wp:meta_value>
		</wp:postmeta>
	</item>
	<item>
		<title>the7-new-fav-hd1</title>
		<link>https://the7.io/cv/the7-new-fav-hd1/</link>
		<pubDate>Tue, 12 Apr 2016 17:05:18 +0000</pubDate>
		<dc:creator><![CDATA[admin]]></dc:creator>
		<guid isPermaLink="false">https://the7.io/cv/wp-content/uploads/sites/20/2016/04/the7-new-fav-hd1.gif</guid>
		<description></description>
		<content:encoded><![CDATA[]]></content:encoded>
		<excerpt:encoded><![CDATA[]]></excerpt:encoded>
		<wp:post_id>165</wp:post_id>
		<wp:post_date>2016-04-12 18:05:18</wp:post_date>
		<wp:post_date_gmt>2016-04-12 17:05:18</wp:post_date_gmt>
		<wp:comment_status>open</wp:comment_status>
		<wp:ping_status>closed</wp:ping_status>
		<wp:post_name>the7-new-fav-hd1</wp:post_name>
		<wp:status>inherit</wp:status>
		<wp:post_parent>0</wp:post_parent>
		<wp:menu_order>0</wp:menu_order>
		<wp:post_type>attachment</wp:post_type>
		<wp:post_password></wp:post_password>
		<wp:is_sticky>0</wp:is_sticky>
		<wp:attachment_url>https://the7.io/cv/wp-content/uploads/sites/20/2016/04/the7-new-fav-hd1.gif</wp:attachment_url>
		<wp:postmeta>
			<wp:meta_key>_wp_attached_file</wp:meta_key>
			<wp:meta_value><![CDATA[2016/04/the7-new-fav-hd1.gif]]></wp:meta_value>
		</wp:postmeta>
		<wp:postmeta>
			<wp:meta_key>_wp_attachment_metadata</wp:meta_key>
			<wp:meta_value><![CDATA[a:5:{s:5:"width";i:32;s:6:"height";i:32;s:4:"file";s:28:"2016/04/the7-new-fav-hd1.gif";s:5:"sizes";a:0:{}s:10:"image_meta";a:12:{s:8:"aperture";s:1:"0";s:6:"credit";s:0:"";s:6:"camera";s:0:"";s:7:"caption";s:0:"";s:17:"created_timestamp";s:1:"0";s:9:"copyright";s:0:"";s:12:"focal_length";s:1:"0";s:3:"iso";s:1:"0";s:13:"shutter_speed";s:1:"0";s:5:"title";s:0:"";s:11:"orientation";s:1:"0";s:8:"keywords";a:0:{}}}]]></wp:meta_value>
		</wp:postmeta>
	</item>
	<item>
		<title>the7-new-fav1</title>
		<link>https://the7.io/cv/the7-new-fav1/</link>
		<pubDate>Tue, 12 Apr 2016 17:05:20 +0000</pubDate>
		<dc:creator><![CDATA[admin]]></dc:creator>
		<guid isPermaLink="false">https://the7.io/cv/wp-content/uploads/sites/20/2016/04/the7-new-fav1.gif</guid>
		<description></description>
		<content:encoded><![CDATA[]]></content:encoded>
		<excerpt:encoded><![CDATA[]]></excerpt:encoded>
		<wp:post_id>166</wp:post_id>
		<wp:post_date>2016-04-12 18:05:20</wp:post_date>
		<wp:post_date_gmt>2016-04-12 17:05:20</wp:post_date_gmt>
		<wp:comment_status>open</wp:comment_status>
		<wp:ping_status>closed</wp:ping_status>
		<wp:post_name>the7-new-fav1</wp:post_name>
		<wp:status>inherit</wp:status>
		<wp:post_parent>0</wp:post_parent>
		<wp:menu_order>0</wp:menu_order>
		<wp:post_type>attachment</wp:post_type>
		<wp:post_password></wp:post_password>
		<wp:is_sticky>0</wp:is_sticky>
		<wp:attachment_url>https://the7.io/cv/wp-content/uploads/sites/20/2016/04/the7-new-fav1.gif</wp:attachment_url>
		<wp:postmeta>
			<wp:meta_key>_wp_attached_file</wp:meta_key>
			<wp:meta_value><![CDATA[2016/04/the7-new-fav1.gif]]></wp:meta_value>
		</wp:postmeta>
		<wp:postmeta>
			<wp:meta_key>_wp_attachment_metadata</wp:meta_key>
			<wp:meta_value><![CDATA[a:5:{s:5:"width";i:16;s:6:"height";i:16;s:4:"file";s:25:"2016/04/the7-new-fav1.gif";s:5:"sizes";a:0:{}s:10:"image_meta";a:12:{s:8:"aperture";s:1:"0";s:6:"credit";s:0:"";s:6:"camera";s:0:"";s:7:"caption";s:0:"";s:17:"created_timestamp";s:1:"0";s:9:"copyright";s:0:"";s:12:"focal_length";s:1:"0";s:3:"iso";s:1:"0";s:13:"shutter_speed";s:1:"0";s:5:"title";s:0:"";s:11:"orientation";s:1:"0";s:8:"keywords";a:0:{}}}]]></wp:meta_value>
		</wp:postmeta>
	</item>
	<item>
		<title>bg-cv-header</title>
		<link>https://the7.io/cv/cv/bg-cv-header/</link>
		<pubDate>Thu, 14 Apr 2016 15:28:07 +0000</pubDate>
		<dc:creator><![CDATA[admin]]></dc:creator>
		<guid isPermaLink="false">https://the7.io/cv/wp-content/uploads/sites/20/2016/04/bg-cv-header.jpg</guid>
		<description></description>
		<content:encoded><![CDATA[]]></content:encoded>
		<excerpt:encoded><![CDATA[]]></excerpt:encoded>
		<wp:post_id>177</wp:post_id>
		<wp:post_date>2016-04-14 16:28:07</wp:post_date>
		<wp:post_date_gmt>2016-04-14 15:28:07</wp:post_date_gmt>
		<wp:comment_status>open</wp:comment_status>
		<wp:ping_status>closed</wp:ping_status>
		<wp:post_name>bg-cv-header</wp:post_name>
		<wp:status>inherit</wp:status>
		<wp:post_parent>2</wp:post_parent>
		<wp:menu_order>0</wp:menu_order>
		<wp:post_type>attachment</wp:post_type>
		<wp:post_password></wp:post_password>
		<wp:is_sticky>0</wp:is_sticky>
		<wp:attachment_url>https://the7.io/cv/wp-content/uploads/sites/20/2016/04/bg-cv-header.jpg</wp:attachment_url>
		<wp:postmeta>
			<wp:meta_key>_wp_attached_file</wp:meta_key>
			<wp:meta_value><![CDATA[2016/04/bg-cv-header.jpg]]></wp:meta_value>
		</wp:postmeta>
		<wp:postmeta>
			<wp:meta_key>_wp_attachment_metadata</wp:meta_key>
			<wp:meta_value><![CDATA[a:5:{s:5:"width";i:1500;s:6:"height";i:1000;s:4:"file";s:24:"2016/04/bg-cv-header.jpg";s:5:"sizes";a:4:{s:9:"thumbnail";a:4:{s:4:"file";s:24:"bg-cv-header-150x150.jpg";s:5:"width";i:150;s:6:"height";i:150;s:9:"mime-type";s:10:"image/jpeg";}s:6:"medium";a:4:{s:4:"file";s:24:"bg-cv-header-300x200.jpg";s:5:"width";i:300;s:6:"height";i:200;s:9:"mime-type";s:10:"image/jpeg";}s:12:"medium_large";a:4:{s:4:"file";s:24:"bg-cv-header-768x512.jpg";s:5:"width";i:768;s:6:"height";i:512;s:9:"mime-type";s:10:"image/jpeg";}s:5:"large";a:4:{s:4:"file";s:25:"bg-cv-header-1024x683.jpg";s:5:"width";i:1024;s:6:"height";i:683;s:9:"mime-type";s:10:"image/jpeg";}}s:10:"image_meta";a:12:{s:8:"aperture";s:1:"0";s:6:"credit";s:0:"";s:6:"camera";s:0:"";s:7:"caption";s:0:"";s:17:"created_timestamp";s:1:"0";s:9:"copyright";s:0:"";s:12:"focal_length";s:1:"0";s:3:"iso";s:1:"0";s:13:"shutter_speed";s:1:"0";s:5:"title";s:0:"";s:11:"orientation";s:1:"0";s:8:"keywords";a:0:{}}}]]></wp:meta_value>
		</wp:postmeta>
	</item>
	<item>
		<title>test</title>
		<link>https://the7.io/cv/test/</link>
		<pubDate>Tue, 27 Jun 2017 09:49:14 +0000</pubDate>
		<dc:creator><![CDATA[admin]]></dc:creator>
		<guid isPermaLink="false">https://the7.io/cv/?page_id=220</guid>
		<description></description>
		<content:encoded><![CDATA[]]></content:encoded>
		<excerpt:encoded><![CDATA[]]></excerpt:encoded>
		<wp:post_id>220</wp:post_id>
		<wp:post_date>2017-06-27 10:49:14</wp:post_date>
		<wp:post_date_gmt>2017-06-27 09:49:14</wp:post_date_gmt>
		<wp:comment_status>closed</wp:comment_status>
		<wp:ping_status>closed</wp:ping_status>
		<wp:post_name>test</wp:post_name>
		<wp:status>private</wp:status>
		<wp:post_parent>0</wp:post_parent>
		<wp:menu_order>0</wp:menu_order>
		<wp:post_type>page</wp:post_type>
		<wp:post_password></wp:post_password>
		<wp:is_sticky>0</wp:is_sticky>
		<wp:postmeta>
			<wp:meta_key>_vc_post_settings</wp:meta_key>
			<wp:meta_value><![CDATA[a:1:{s:10:"vc_grid_id";a:0:{}}]]></wp:meta_value>
		</wp:postmeta>
		<wp:postmeta>
			<wp:meta_key>_edit_last</wp:meta_key>
			<wp:meta_value><![CDATA[1]]></wp:meta_value>
		</wp:postmeta>
		<wp:postmeta>
			<wp:meta_key>_wp_page_template</wp:meta_key>
			<wp:meta_value><![CDATA[default]]></wp:meta_value>
		</wp:postmeta>
		<wp:postmeta>
			<wp:meta_key>_wpb_vc_js_status</wp:meta_key>
			<wp:meta_value><![CDATA[false]]></wp:meta_value>
		</wp:postmeta>
		<wp:postmeta>
			<wp:meta_key>_dt_sidebar_position</wp:meta_key>
			<wp:meta_value><![CDATA[right]]></wp:meta_value>
		</wp:postmeta>
		<wp:postmeta>
			<wp:meta_key>_dt_sidebar_widgetarea_id</wp:meta_key>
			<wp:meta_value><![CDATA[sidebar_1]]></wp:meta_value>
		</wp:postmeta>
		<wp:postmeta>
			<wp:meta_key>_dt_sidebar_hide_on_mobile</wp:meta_key>
			<wp:meta_value><![CDATA[0]]></wp:meta_value>
		</wp:postmeta>
		<wp:postmeta>
			<wp:meta_key>_dt_footer_show</wp:meta_key>
			<wp:meta_value><![CDATA[1]]></wp:meta_value>
		</wp:postmeta>
		<wp:postmeta>
			<wp:meta_key>_dt_footer_widgetarea_id</wp:meta_key>
			<wp:meta_value><![CDATA[sidebar_2]]></wp:meta_value>
		</wp:postmeta>
		<wp:postmeta>
			<wp:meta_key>_dt_footer_hide_on_mobile</wp:meta_key>
			<wp:meta_value><![CDATA[0]]></wp:meta_value>
		</wp:postmeta>
		<wp:postmeta>
			<wp:meta_key>_dt_header_title</wp:meta_key>
			<wp:meta_value><![CDATA[enabled]]></wp:meta_value>
		</wp:postmeta>
		<wp:postmeta>
			<wp:meta_key>_dt_header_background</wp:meta_key>
			<wp:meta_value><![CDATA[normal]]></wp:meta_value>
		</wp:postmeta>
		<wp:postmeta>
			<wp:meta_key>_dt_header_background_below_slideshow</wp:meta_key>
			<wp:meta_value><![CDATA[disabled]]></wp:meta_value>
		</wp:postmeta>
		<wp:postmeta>
			<wp:meta_key>_dt_header_transparent_bg_color</wp:meta_key>
			<wp:meta_value><![CDATA[#000000]]></wp:meta_value>
		</wp:postmeta>
		<wp:postmeta>
			<wp:meta_key>_dt_header_transparent_bg_opacity</wp:meta_key>
			<wp:meta_value><![CDATA[50]]></wp:meta_value>
		</wp:postmeta>
		<wp:postmeta>
			<wp:meta_key>_dt_header_transparent_bg_color_scheme</wp:meta_key>
			<wp:meta_value><![CDATA[light]]></wp:meta_value>
		</wp:postmeta>
		<wp:postmeta>
			<wp:meta_key>_dt_header_disabled_background</wp:meta_key>
			<wp:meta_value><![CDATA[normal]]></wp:meta_value>
		</wp:postmeta>
		<wp:postmeta>
			<wp:meta_key>_dt_header_disabled_transparent_bg_color</wp:meta_key>
			<wp:meta_value><![CDATA[#000000]]></wp:meta_value>
		</wp:postmeta>
		<wp:postmeta>
			<wp:meta_key>_dt_header_disabled_transparent_bg_opacity</wp:meta_key>
			<wp:meta_value><![CDATA[50]]></wp:meta_value>
		</wp:postmeta>
		<wp:postmeta>
			<wp:meta_key>_dt_header_disabled_transparent_bg_color_scheme</wp:meta_key>
			<wp:meta_value><![CDATA[light]]></wp:meta_value>
		</wp:postmeta>
	</item>
</channel>
</rss>
		