{"schema":{"folders":{"ultimate_icon_fonts":"Ultimate_VC_Addons\/icon-fonts"}},"theme_options":{"blog-fancy_date-style":"horizontal","blog-thumbnail_proportions":{"width":2,"height":1},"blog-thumbnail_size":"resize","bottom_bar-bg_color":"rgba(255,255,255,0.15)","bottom_bar-bg_image":{"image":"","repeat":"repeat","position_x":"center","position_y":"top"},"bottom_bar-bg_opacity":15,"bottom_bar-color":"#ffffff","bottom_bar-copyrights":"","bottom_bar-credits":"1","bottom_bar-enabled":"0","bottom_bar-logo-padding":"0px 0px 0px 0px","bottom_bar-logo-padding-bottom":0,"bottom_bar-logo-padding-left":0,"bottom_bar-logo-padding-right":0,"bottom_bar-logo-padding-top":0,"bottom_bar-logo_hd":["",0],"bottom_bar-logo_regular":["",0],"bottom_bar-style":"content_width_line","bottom_bar-text":"","breadcrumbs_bg_color":"rgba(255,255,255,0.2)","breadcrumbs_bg_opacity":20,"breadcrumbs_border_color":"rgba(255,255,255,0.5)","breadcrumbs_border_opacity":50,"breadcrumbs_border_radius":0,"breadcrumbs_border_width":0,"breadcrumbs_margin":"5px 0px 0px 0px","breadcrumbs_margin-bottom":"0px","breadcrumbs_margin-left":"0px","breadcrumbs_margin-right":"0px","breadcrumbs_margin-top":"5px","breadcrumbs_padding":"0px 0px 0px 0px","breadcrumbs_padding-bottom":"0px","breadcrumbs_padding-left":"0px","breadcrumbs_padding-right":"0px","breadcrumbs_padding-top":"0px","buttons-color":"#81d742","buttons-color_gradient":"135deg|#13aa4a 30%|#84df31 100%","buttons-color_mode":"accent","buttons-hover_color":"#ae9964","buttons-hover_color_gradient":"135deg|#1cd9ea 30%|#0ca2e0 100%","buttons-hover_color_mode":"color","buttons-l_border_radius":25,"buttons-l_line_height":54,"buttons-l_padding":"17px 30px 16px 30px","buttons-l_padding-bottom":16,"buttons-l_padding-left":30,"buttons-l_padding-right":30,"buttons-l_padding-top":17,"buttons-m_border_radius":25,"buttons-m_line_height":42,"buttons-m_padding":"12px 25px 11px 25px","buttons-m_padding-bottom":11,"buttons-m_padding-left":25,"buttons-m_padding-right":25,"buttons-m_padding-top":12,"buttons-s_border_radius":25,"buttons-s_line_height":30,"buttons-s_padding":"8px 15px 7px 15px","buttons-s_padding-bottom":7,"buttons-s_padding-left":15,"buttons-s_padding-right":15,"buttons-s_padding-top":8,"buttons-style":"flat","buttons-text_color":"#ffffff","buttons-text_color_mode":"color","buttons-text_hover_color":"#ffffff","buttons-text_hover_color_mode":"color","content-headers_color":"#303030","content-primary_text_color":"#878787","dividers-color":"rgba(204,204,204,0.5)","dividers-opacity":50,"fonts-big_size":14,"fonts-big_size_line_height":25,"fonts-font_family":"Open Sans","fonts-normal_size":14,"fonts-normal_size_line_height":25,"fonts-small_size":13,"fonts-small_size_line_height":23,"footer-bg_color":"rgba(19,19,19,1)","footer-bg_image":{"image":"","repeat":"repeat","position_x":"center","position_y":"top"},"footer-bg_opacity":100,"footer-collapse_after":768,"footer-decoration":"none","footer-decoration_outline_color":"rgba(129,215,66,0.96)","footer-decoration_outline_opacity":96,"footer-headers_color":"#ffffff","footer-layout":"1\/3+1\/3+1\/3","footer-padding":"60px 10px","footer-padding-bottom":10,"footer-padding-top":60,"footer-paddings-columns":40,"footer-primary_text_color":"#ffffff","footer-slide-out-mode":"0","footer-style":"solid_background","general-accent_bg_color":"#c5ab6b","general-accent_bg_color_gradient":"135deg|#0ca2e0 30%|#27dde8 100%","general-accent_color_mode":"color","general-album_meta_author":false,"general-album_meta_categories":"1","general-album_meta_comments":false,"general-album_meta_date":"1","general-album_meta_on":"1","general-beautiful_loading":"enabled","general-bg_color":"rgba(255,255,255,1)","general-bg_fixed":false,"general-bg_fullscreen":false,"general-bg_image":{"image":"","repeat":"repeat","position_x":"center","position_y":"top"},"general-bg_opacity":100,"general-blog_meta_author":"1","general-blog_meta_categories":"1","general-blog_meta_comments":"1","general-blog_meta_date":"1","general-blog_meta_on":"1","general-blog_meta_tags":"1","general-border_radius":0,"general-box_width":"1280px","general-boxed_bg_color":"#ffffff","general-boxed_bg_fixed":"1","general-boxed_bg_fullscreen":"1","general-boxed_bg_image":{"image":"","repeat":"no-repeat","position_x":"center","position_y":"center"},"general-breadcrumbs_bg_color":"disabled","general-breadcrumbs_color":"#ffffff","general-contact_form_style":"minimal","general-content_boxes_bg_color":"rgba(244,244,244,1)","general-content_boxes_bg_opacity":100,"general-content_boxes_decoration":"none","general-content_boxes_decoration_outline_color":"rgba(0,0,0,0)","general-content_boxes_decoration_outline_opacity":0,"general-content_width":"1250px","general-custom_css":"\/* Custom button for Open Table widget*\/\r\n.otw-submit {\r\n        background-color: #c5ab6b;\r\n        color: #ffffff;\r\n        font: normal bold 14px \/ 38px \"Poppins\", Helvetica, Arial, Verdana, sans-serif;\r\n        text-transform: uppercase;\r\n        margin-top: 10px;\r\n        -webkit-border-radius: 25px;\r\n        border-radius: 25px;\r\n        padding: 2px 25px 0 25px !important;\r\n        min-height: 38px;\r\n}\r\n.otw-submit:hover {\r\n    background: #ae9964;\r\n} \r\n\r\n\/* Custom font color for reservation date Open Table widget*\/\r\n.otw-reservation-date {\r\ncolor:#333 !important;\r\n}\r\n\r\n\/*Remove logo in Open Table widget*\/\r\n.powered-by-open-table{\r\ndisplay:none;\r\n}\r\n\r\n\/*Disabled top divider in Open Table widget*\/\r\n.sidebar .widget, .sidebar-content .widget {\r\n    border-top: 0 !important;\r\n}","general-custom_loader":"","general-favicon":"\/wp-content\/uploads\/sites\/27\/2016\/07\/the7-new-fav1.gif","general-favicon_hd":"\/wp-content\/uploads\/sites\/27\/2016\/07\/the7-new-fav-hd1.gif","general-filter-margin":"0px 5px 0px 0px","general-filter-margin-bottom":0,"general-filter-margin-left":0,"general-filter-margin-right":5,"general-filter-margin-top":0,"general-filter-padding":"6px 15px 6px 16px","general-filter-padding-bottom":6,"general-filter-padding-left":16,"general-filter-padding-right":15,"general-filter-padding-top":6,"general-filter_style":"ios","general-filter_style-material-line_size":2,"general-filter_style-minimal-border_radius":100,"general-fullscreen_overlay_color":"rgba(255,255,255,1)","general-fullscreen_overlay_color_mode":"color","general-fullscreen_overlay_gradient":"135deg|#2edded 30%|#0084bb 100%","general-fullscreen_overlay_opacity":100,"general-handheld_icon-old_ipad":"","general-handheld_icon-old_iphone":"","general-handheld_icon-retina_ipad":"","general-handheld_icon-retina_iphone":"","general-images_lazy_loading":"1","general-layout":"wide","general-loader_style":"double_circles","general-mobile_side_content_paddings":30,"general-navigation_margin":50,"general-next_prev_in_album":"1","general-next_prev_in_blog":"1","general-next_prev_in_portfolio":"1","general-page_content_bottom_margin":60,"general-page_content_margin":"60px 60px","general-page_content_top_margin":60,"general-portfolio_meta_author":"1","general-portfolio_meta_categories":"1","general-portfolio_meta_comments":"1","general-portfolio_meta_date":"1","general-portfolio_meta_on":"1","general-rel_posts_head_title":"Related posts","general-rel_posts_max":6,"general-rel_projects_details":"1","general-rel_projects_excerpt":"1","general-rel_projects_fullwidth_height":210,"general-rel_projects_fullwidth_width":210,"general-rel_projects_fullwidth_width_style":"prop","general-rel_projects_head_title":"Related projects","general-rel_projects_height":180,"general-rel_projects_info_author":"1","general-rel_projects_info_categories":"1","general-rel_projects_info_comments":"1","general-rel_projects_info_date":"1","general-rel_projects_link":"1","general-rel_projects_max":12,"general-rel_projects_title":"1","general-rel_projects_width":180,"general-rel_projects_width_style":"prop","general-rel_projects_zoom":"1","general-responsive":"1","general-responsive_title_height":200,"general-responsive_title_line_height":38,"general-responsive_title_size":28,"general-responsiveness-treshold":970,"general-show_author_in_blog":"0","general-show_back_button_in_album":"1","general-show_back_button_in_post":"1","general-show_back_button_in_project":"0","general-show_breadcrumbs":"1","general-show_rel_posts":"1","general-show_rel_projects":"0","general-show_titles":"1","general-side_content_paddings":60,"general-slideshow_bullets_style":"accent","general-smooth_scroll":"off","general-spinner_color":"rgba(197,171,107,1)","general-spinner_opacity":100,"general-switch_content_paddings":768,"general-template_content_vertical_margins":60,"general-title_align":"center","general-title_bg_color":"rgba(19,19,19,1)","general-title_bg_fixed":false,"general-title_bg_fullscreen":"1","general-title_bg_gradient":"135deg|#4a66d6 30%|#12b4ea 100%","general-title_bg_image":{"image":"\/wp-content\/uploads\/sites\/27\/2016\/07\/slide.jpg","repeat":"no-repeat","position_x":"center","position_y":"top"},"general-title_bg_mode":"background","general-title_bg_opacity":100,"general-title_bg_overlay":"1","general-title_bg_overlay_opacity":50,"general-title_bg_parallax":"0.5","general-title_color":"#ffffff","general-title_decoration":"none","general-title_decoration_line_color":"rgba(204,204,204,0.5)","general-title_decoration_line_height":1,"general-title_decoration_line_opacity":50,"general-title_decoration_line_style":"solid","general-title_decoration_outline_color":"rgba(30,115,190,0)","general-title_decoration_outline_height":1,"general-title_decoration_outline_opacity":0,"general-title_decoration_outline_style":"solid","general-title_enable_bg_img":"enabled","general-title_height":250,"general-title_overlay_color":"rgba(0,0,0,0.5)","general-title_responsive_breadcrumbs":false,"general-title_scroll_effect":"parallax","general-titles-responsiveness-switch":776,"general-titles_responsiveness":"1","header-background":"transparent","header-bg-color":"rgba(19,19,19,1)","header-bg-image":{"image":"","repeat":"repeat","position_x":"center","position_y":"center"},"header-bg-is_fixed":false,"header-bg-is_fullscreen":false,"header-bg-opacity":100,"header-classic-elements":{"top_bar_left":["custom_menu"],"top_bar_right":["search"],"near_menu_right":["social_icons"],"near_logo_right":["phone","email"]},"header-classic-elements-near_logo_left-padding":"0px 0px 0px 0px","header-classic-elements-near_logo_left-padding-bottom":0,"header-classic-elements-near_logo_left-padding-left":0,"header-classic-elements-near_logo_left-padding-right":0,"header-classic-elements-near_logo_left-padding-top":0,"header-classic-elements-near_logo_right-padding":"0px 0px 0px 0px","header-classic-elements-near_logo_right-padding-bottom":0,"header-classic-elements-near_logo_right-padding-left":0,"header-classic-elements-near_logo_right-padding-right":0,"header-classic-elements-near_logo_right-padding-top":0,"header-classic-elements-near_menu_right-padding":"0px 0px 0px 40px","header-classic-elements-near_menu_right-padding-bottom":0,"header-classic-elements-near_menu_right-padding-left":40,"header-classic-elements-near_menu_right-padding-right":0,"header-classic-elements-near_menu_right-padding-top":0,"header-classic-height":180,"header-classic-is_fullwidth":"0","header-classic-logo-position":"left","header-classic-menu-bg-color":"rgba(0,0,0,1)","header-classic-menu-bg-opacity":100,"header-classic-menu-bg-style":"solid","header-classic-menu-margin":"0px 0px","header-classic-menu-margin-bottom":0,"header-classic-menu-margin-top":0,"header-classic-menu-position":"left","header-classic-show_elements":"1","header-decoration":"disabled","header-decoration-color":"rgba(221,51,51,1)","header-decoration-opacity":100,"header-elements-contact-address-caption":"8500 Beverly Boulevard Los Angeles, CA 90048","header-elements-contact-address-first-header-switch":"near_logo","header-elements-contact-address-icon":"custom","header-elements-contact-address-on-desktops":"show","header-elements-contact-address-second-header-switch":"in_menu","header-elements-contact-clock-caption":"Monday \u2013 Friday 10 AM \u2013 8 PM","header-elements-contact-clock-first-header-switch":"near_logo","header-elements-contact-clock-icon":"custom","header-elements-contact-clock-on-desktops":"show","header-elements-contact-clock-second-header-switch":"in_menu","header-elements-contact-email-caption":"sales@yoursite.com","header-elements-contact-email-first-header-switch":"near_logo","header-elements-contact-email-icon":"custom","header-elements-contact-email-on-desktops":"show","header-elements-contact-email-second-header-switch":"in_menu","header-elements-contact-phone-caption":"011 322 44 56","header-elements-contact-phone-first-header-switch":"near_logo","header-elements-contact-phone-icon":"custom","header-elements-contact-phone-on-desktops":"show","header-elements-contact-phone-second-header-switch":"in_menu","header-elements-contact-skype-caption":"Your_Skype","header-elements-contact-skype-first-header-switch":"near_logo","header-elements-contact-skype-icon":"custom","header-elements-contact-skype-on-desktops":"show","header-elements-contact-skype-second-header-switch":"in_menu","header-elements-login-caption":"Login","header-elements-login-first-header-switch":"near_logo","header-elements-login-icon":"custom","header-elements-login-on-desktops":"show","header-elements-login-second-header-switch":"in_menu","header-elements-login-url":"http:\/\/themeforest.net","header-elements-login-use_logout_url":false,"header-elements-logout-caption":"Logout","header-elements-menu-first-header-switch":"near_logo","header-elements-menu-on-desktops":"show","header-elements-menu-second-header-switch":"hidden","header-elements-menu-style":"dropdown","header-elements-near_logo-font_color":"#393940","header-elements-near_logo-font_family":"Open Sans:600","header-elements-near_logo-font_size":14,"header-elements-near_menu-font_color":"#ffffff","header-elements-near_menu-font_family":"Open Sans:600","header-elements-near_menu-font_size":14,"header-elements-search-caption":"","header-elements-search-first-header-switch":"near_logo","header-elements-search-icon":"custom","header-elements-search-on-desktops":"show","header-elements-search-second-header-switch":"near_logo","header-elements-soc_icons":{"1":{"icon":"facebook","url":"https:\/\/www.facebook.com\/WordPress.Premium.Theme\/"},"2":{"icon":"twitter","url":"https:\/\/twitter.com\/premium_theme"},"5":{"icon":"pinterest","url":"https:\/\/www.pinterest.com\/dreamtheme\/"},"6":{"icon":"instagram","url":"https:\/\/www.instagram.com\/dream_theme_photo\/"}},"header-elements-soc_icons-bg":"color","header-elements-soc_icons-bg-color":"rgba(196,172,112,1)","header-elements-soc_icons-bg-gradient":"135deg|#ffffff 30%|#000000 100%","header-elements-soc_icons-bg-hover-opacity":100,"header-elements-soc_icons-bg-opacity":100,"header-elements-soc_icons-border":"disabled","header-elements-soc_icons-color":"#ffffff","header-elements-soc_icons-first-header-switch":"near_logo","header-elements-soc_icons-hover-bg":"color","header-elements-soc_icons-hover-bg-color":"rgba(255,255,255,1)","header-elements-soc_icons-hover-bg-gradient":"135deg|#ffffff 30%|#000000 100%","header-elements-soc_icons-hover-border":"disabled","header-elements-soc_icons-hover-color":"#303030","header-elements-soc_icons-on-desktops":"show","header-elements-soc_icons-second-header-switch":"in_menu","header-elements-text":"Some call to action text goes here!","header-elements-text-2":"Some call to action text goes here!","header-elements-text-2-first-header-switch":"near_logo","header-elements-text-2-on-desktops":"show","header-elements-text-2-second-header-switch":"in_menu","header-elements-text-3":"Some call to action text goes here!","header-elements-text-3-first-header-switch":"near_logo","header-elements-text-3-on-desktops":"show","header-elements-text-3-second-header-switch":"in_menu","header-elements-text-first-header-switch":"near_logo","header-elements-text-on-desktops":"show","header-elements-text-second-header-switch":"in_menu","header-floating_navigation-bg-color":"rgba(0,0,0,0.85)","header-floating_navigation-bg-opacity":85,"header-floating_navigation-decoration":"disabled","header-floating_navigation-decoration-color":"rgba(221,51,51,1)","header-floating_navigation-decoration-opacity":100,"header-floating_navigation-height":70,"header-floating_navigation-show_after":250,"header-floating_navigation-style":"slide","header-inline-elements":{"near_menu_right":["social_icons"]},"header-inline-elements-near_menu-font_color":"#ffffff","header-inline-elements-near_menu_right-padding":"0px 0px 0px 30px","header-inline-elements-near_menu_right-padding-bottom":0,"header-inline-elements-near_menu_right-padding-left":30,"header-inline-elements-near_menu_right-padding-right":0,"header-inline-elements-near_menu_right-padding-top":0,"header-inline-height":100,"header-inline-is_fullwidth":"0","header-inline-menu-position":"right","header-inline-show_elements":"1","header-layout":"inline","header-logo-padding":"0px 0px 0px 0px","header-logo-padding-bottom":0,"header-logo-padding-left":0,"header-logo-padding-right":0,"header-logo-padding-top":0,"header-logo_hd":["\/wp-content\/uploads\/sites\/27\/2016\/07\/logox2.png",170],"header-logo_regular":["\/wp-content\/uploads\/sites\/27\/2016\/07\/logo.png",169],"header-menu-active_item-font-color":"#ffffff","header-menu-active_item-font-color-style":"accent","header-menu-active_item-font-gradient":"90deg|#ffffff 30%|#000000 100%","header-menu-decoration-other-active-color":"rgba(255,255,255,0.15)","header-menu-decoration-other-active-color-style":"accent","header-menu-decoration-other-active-gradient":"135deg|rgba(255,255,255,0.15) 30%|rgba(0,0,0,0.15) 100%","header-menu-decoration-other-active-line":"0","header-menu-decoration-other-active-line-color":"rgba(130,36,227,0.3)","header-menu-decoration-other-active-line-color-style":"color","header-menu-decoration-other-active-line-gradient":"135deg|rgba(221,51,51,0.3) 30%|rgba(129,215,66,0.3) 100%","header-menu-decoration-other-active-line-opacity":30,"header-menu-decoration-other-active-opacity":15,"header-menu-decoration-other-active-style":"background","header-menu-decoration-other-border-radius":3,"header-menu-decoration-other-click_decor":"1","header-menu-decoration-other-click_decor-color":"rgba(255,255,255,0.2)","header-menu-decoration-other-click_decor-color-style":"accent","header-menu-decoration-other-click_decor-gradient":"135deg|rgba(255,255,255,0.2) 30%|rgba(0,0,0,0.2) 100%","header-menu-decoration-other-click_decor-opacity":20,"header-menu-decoration-other-hover-color":"rgba(255,255,255,0.15)","header-menu-decoration-other-hover-color-style":"accent","header-menu-decoration-other-hover-gradient":"135deg|rgba(255,255,255,0.15) 30%|rgba(0,0,0,0.15) 100%","header-menu-decoration-other-hover-line":"0","header-menu-decoration-other-hover-line-color":"rgba(221,51,51,0.23)","header-menu-decoration-other-hover-line-color-style":"gradient","header-menu-decoration-other-hover-line-gradient":"135deg|rgba(255,255,255,0.23) 30%|rgba(0,0,0,0.23) 100%","header-menu-decoration-other-hover-line-opacity":23,"header-menu-decoration-other-hover-style":"background","header-menu-decoration-other-links-is_justified":"0","header-menu-decoration-other-opacity":15,"header-menu-decoration-style":"underline","header-menu-decoration-underline-color":"#ffffff","header-menu-decoration-underline-color-style":"accent","header-menu-decoration-underline-direction":"left_to_right","header-menu-decoration-underline-gradient":"135deg|#ffffff 30%|#000000 100%","header-menu-dividers-color":"rgba(130,36,227,1)","header-menu-dividers-height":20,"header-menu-dividers-height-style":"custom","header-menu-dividers-opacity":100,"header-menu-dividers-surround":"0","header-menu-font-color":"#ffffff","header-menu-hover-font-color":"#ffffff","header-menu-hover-font-color-style":"accent","header-menu-hover-font-gradient":"90deg|#8224e3 30%|#751257 100%","header-menu-icon-size":14,"header-menu-item-margin":"18px 15px 18px 15px","header-menu-item-margin-bottom":18,"header-menu-item-margin-left":15,"header-menu-item-margin-right":15,"header-menu-item-margin-top":18,"header-menu-item-padding":"4px 0px 4px 0px","header-menu-item-padding-bottom":4,"header-menu-item-padding-left":0,"header-menu-item-padding-right":0,"header-menu-item-padding-top":4,"header-menu-item-surround_margins-custom-margin":30,"header-menu-item-surround_margins-style":"disabled","header-menu-show_dividers":"0","header-menu-show_next_lvl_icons":"1","header-menu-submenu-active-font-color":"#ffffff","header-menu-submenu-active-font-color-style":"accent","header-menu-submenu-active-font-gradient":"90deg|#ffffff 30%|#000000 100%","header-menu-submenu-bg-color":"rgba(19,19,19,1)","header-menu-submenu-bg-hover":"background","header-menu-submenu-bg-opacity":100,"header-menu-submenu-bg-width":260,"header-menu-submenu-font-color":"#ffffff","header-menu-submenu-hover-font-color":"#895cb8","header-menu-submenu-hover-font-color-style":"accent","header-menu-submenu-hover-font-gradient":"90deg|#81d742 30%|#eeee22 100%","header-menu-submenu-icon-size":14,"header-menu-submenu-item-margin":"0px 0px 0px 0px","header-menu-submenu-item-margin-bottom":0,"header-menu-submenu-item-margin-left":0,"header-menu-submenu-item-margin-right":0,"header-menu-submenu-item-margin-top":0,"header-menu-submenu-item-padding":"8px 10px 8px 10px","header-menu-submenu-item-padding-bottom":8,"header-menu-submenu-item-padding-left":10,"header-menu-submenu-item-padding-right":10,"header-menu-submenu-item-padding-top":8,"header-menu-submenu-parent_is_clickable":"1","header-menu-submenu-show_next_lvl_icons":"1","header-menu_close_icon-margin":"30px 30px 30px 30px","header-menu_icon-bg-border-radius":0,"header-menu_icon-bg-color":"rgba(255,255,255,0.75)","header-menu_icon-bg-opacity":75,"header-menu_icon-color":"#000000","header-menu_icon-hover-bg-color":"rgba(255,255,255,0.75)","header-menu_icon-hover-bg-opacity":75,"header-menu_icon-hover-color":"#000000","header-menu_icon-margin":"0px 0px 0px 0px","header-menu_icon-margin-bottom":0,"header-menu_icon-margin-left":0,"header-menu_icon-margin-right":0,"header-menu_icon-margin-top":0,"header-mixed-bg-color":"rgba(255,255,255,1)","header-mixed-bg-opacity":100,"header-mixed-decoration":"shadow","header-mixed-decoration-color":"rgba(221,153,51,1)","header-mixed-decoration-opacity":100,"header-mobile-first_switch-after":1000,"header-mobile-first_switch-height":70,"header-mobile-first_switch-layout":"right_left","header-mobile-first_switch-logo":"desktop","header-mobile-floating_navigation":"sticky","header-mobile-header-bg-color":"rgba(19,19,19,1)","header-mobile-menu-align":"right","header-mobile-menu-bg-color":"rgba(255,255,255,1)","header-mobile-menu-bg-opacity":100,"header-mobile-menu-bg-width":330,"header-mobile-menu-font-color":"#303030","header-mobile-menu-font-hover-color":"#3c3e45","header-mobile-menu-font-hover-color-style":"accent","header-mobile-menu-font-hover-gradient":"135deg|#b78ce2 30%|#1e73be 100%","header-mobile-menu_icon-bg-color":"rgba(19,19,19,0)","header-mobile-menu_icon-bg-size":24,"header-mobile-menu_icon-color":"#ffffff","header-mobile-menu_icon-size":"small","header-mobile-microwidgets-font-color":"#ffffff","header-mobile-second_switch-after":1000,"header-mobile-second_switch-height":70,"header-mobile-second_switch-layout":"right_left","header-mobile-second_switch-logo":"desktop","header-overlay-content-padding":"0px 0px 0px 0px","header-overlay-content-padding-bottom":0,"header-overlay-content-padding-left":0,"header-overlay-content-padding-right":0,"header-overlay-content-padding-top":0,"header-overlay-content-position":"center","header-overlay-content-width":"300px","header-overlay-elements":{"side_top_line":["social_icons","text_area","phone"],"below_menu":["search"]},"header-overlay-elements-below_menu-padding":"0px 0px 0px 0px","header-overlay-elements-below_menu-padding-bottom":0,"header-overlay-elements-below_menu-padding-left":0,"header-overlay-elements-below_menu-padding-right":0,"header-overlay-elements-below_menu-padding-top":0,"header-overlay-elements-top_line-padding":"0px 40px 0px 40px","header-overlay-elements-top_line-padding-bottom":0,"header-overlay-elements-top_line-padding-left":40,"header-overlay-elements-top_line-padding-right":40,"header-overlay-elements-top_line-padding-top":0,"header-overlay-icons_style":"light","header-overlay-layout":"menu_icon","header-overlay-layout-menu_icon-show_floating_logo":"1","header-overlay-layout-side_line-width":60,"header-overlay-layout-top_line-height":130,"header-overlay-layout-top_line-is_fullwidth":"0","header-overlay-layout-top_line-logo-position":"left","header-overlay-logo-position":"fully_inside","header-overlay-menu-items_alignment":"center","header-overlay-menu-items_link":"fullwidth","header-overlay-menu-padding":"40px 40px","header-overlay-menu-padding-bottom":40,"header-overlay-menu-padding-top":40,"header-overlay-menu-position":"v_center","header-overlay-show_elements":"1","header-show_floating_navigation":"1","header-side-content-padding":"50px 0px 40px 0px","header-side-content-padding-bottom":40,"header-side-content-padding-left":0,"header-side-content-padding-right":0,"header-side-content-padding-top":50,"header-side-content-position":"center","header-side-content-width":"300px","header-side-elements":{"below_menu":["social_icons","email","skype"]},"header-side-elements-below_menu-padding":"0px 35px 0px 35px","header-side-elements-below_menu-padding-bottom":0,"header-side-elements-below_menu-padding-left":35,"header-side-elements-below_menu-padding-right":35,"header-side-elements-below_menu-padding-top":0,"header-side-logo-position":"inside","header-side-menu-items_alignment":"center","header-side-menu-items_link":"fullwidth","header-side-menu-padding":"50px 50px","header-side-menu-padding-bottom":50,"header-side-menu-padding-top":50,"header-side-menu-position":"v_top","header-side-menu-submenu-position":"down","header-side-position":"right","header-side-show_elements":"1","header-side-width":"300px","header-slide_out-content-padding":"50px 0px 50px 0px","header-slide_out-content-padding-bottom":50,"header-slide_out-content-padding-left":0,"header-slide_out-content-padding-right":0,"header-slide_out-content-padding-top":50,"header-slide_out-content-position":"center","header-slide_out-content-width":"350px","header-slide_out-elements":{"side_top_line":["phone","email","skype"]},"header-slide_out-elements-below_menu-padding":"0px 0px 0px 0px","header-slide_out-elements-below_menu-padding-bottom":0,"header-slide_out-elements-below_menu-padding-left":0,"header-slide_out-elements-below_menu-padding-right":0,"header-slide_out-elements-below_menu-padding-top":0,"header-slide_out-elements-top_line-padding":"0px 40px 0px 40px","header-slide_out-elements-top_line-padding-bottom":0,"header-slide_out-elements-top_line-padding-left":40,"header-slide_out-elements-top_line-padding-right":40,"header-slide_out-elements-top_line-padding-top":0,"header-slide_out-icons_style":"light","header-slide_out-layout":"menu_icon","header-slide_out-layout-menu_icon-show_floating_logo":"1","header-slide_out-layout-side_line-position":"under","header-slide_out-layout-side_line-width":60,"header-slide_out-layout-top_line-height":90,"header-slide_out-layout-top_line-is_fullwidth":"1","header-slide_out-layout-top_line-logo-position":"left","header-slide_out-logo-position":"fully_inside","header-slide_out-menu-items_alignment":"center","header-slide_out-menu-items_link":"fullwidth","header-slide_out-menu-padding":"40px 40px","header-slide_out-menu-padding-bottom":40,"header-slide_out-menu-padding-top":40,"header-slide_out-menu-position":"v_top","header-slide_out-overlay-animation":"fade","header-slide_out-overlay-bg-color":"rgba(48,48,48,0.5)","header-slide_out-overlay-bg-color-style":"color","header-slide_out-overlay-bg-gradient":"135deg|rgba(205,183,226,0.5) 30%|rgba(130,20,130,0.5) 100%","header-slide_out-overlay-bg-opacity":50,"header-slide_out-overlay-blur":"0","header-slide_out-overlay-x_cursor":"0","header-slide_out-overlay-x_cursor-color":"rgba(255,255,255,1)","header-slide_out-overlay-x_cursor-opacity":100,"header-slide_out-position":"left","header-slide_out-show_elements":"1","header-slide_out-width":"400px","header-split-elements":{"near_menu_left":["search"]},"header-split-elements-near_menu_left-padding":"0px 20px 0px 20px","header-split-elements-near_menu_left-padding-bottom":0,"header-split-elements-near_menu_left-padding-left":20,"header-split-elements-near_menu_left-padding-right":20,"header-split-elements-near_menu_left-padding-top":0,"header-split-elements-near_menu_right-padding":"0px 20px 0px 20px","header-split-elements-near_menu_right-padding-bottom":0,"header-split-elements-near_menu_right-padding-left":20,"header-split-elements-near_menu_right-padding-right":20,"header-split-elements-near_menu_right-padding-top":0,"header-split-height":100,"header-split-is_fullwidth":"0","header-split-menu-position":"outside","header-split-show_elements":"1","header-style-floating-choose_logo":"main","header-style-floating-logo-padding":"0px 0px 0px 0px","header-style-floating-logo-padding-bottom":0,"header-style-floating-logo-padding-left":0,"header-style-floating-logo-padding-right":0,"header-style-floating-logo-padding-top":0,"header-style-floating-logo_hd":["\/wp-content\/uploads\/sites\/27\/2016\/07\/logo_floating-2.png",108],"header-style-floating-logo_regular":["\/wp-content\/uploads\/sites\/27\/2016\/07\/logo_floating-2.png",108],"header-style-mixed-logo-padding":"0px 0px 0px 0px","header-style-mixed-logo-padding-bottom":0,"header-style-mixed-logo-padding-left":0,"header-style-mixed-logo-padding-right":0,"header-style-mixed-logo-padding-top":0,"header-style-mixed-logo_hd":["",0],"header-style-mixed-logo_regular":["",0],"header-style-mobile-logo-padding":"0px 0px 0px 0px","header-style-mobile-logo-padding-bottom":0,"header-style-mobile-logo-padding-left":0,"header-style-mobile-logo-padding-right":0,"header-style-mobile-logo-padding-top":0,"header-style-mobile-logo_hd":["\/inc\/presets\/images\/full\/skin07s.header-style-mobile-logo-hd.png?w=292&h=56",0],"header-style-mobile-logo_regular":["",0],"header-style-transparent-logo-padding":"0px 0px 0px 0px","header-style-transparent-logo-padding-bottom":0,"header-style-transparent-logo-padding-left":0,"header-style-transparent-logo-padding-right":0,"header-style-transparent-logo-padding-top":0,"header-style-transparent-logo_hd":["\/wp-content\/uploads\/sites\/27\/2016\/07\/logox2.png",170],"header-style-transparent-logo_regular":["\/wp-content\/uploads\/sites\/27\/2016\/07\/logo.png",169],"header-style-transparent-mobile-logo-padding":"0px 0px 0px 0px","header-style-transparent-mobile-logo_regular":["",0],"header-transparent-mobile-first_switch-logo":"desktop","header-transparent-mobile-second_switch-logo":"desktop","header-transparent_bg_color":"rgba(0,0,0,0)","header-transparent_bg_opacity":0,"image_hover-album_miniatures_style":"style_1","image_hover-color":"rgba(12,162,224,0.5)","image_hover-color_gradient":"135deg|rgba(46,221,237,0.5) 30%|rgba(0,132,187,0.5) 100%","image_hover-color_mode":"accent","image_hover-default_icon":"big_center","image_hover-onclick_animation":"1","image_hover-opacity":50,"image_hover-project_icons_style":"outline","image_hover-project_rollover_color":"rgba(0,0,0,0.9)","image_hover-project_rollover_color_gradient":"135deg|rgba(46,221,237,0.9) 30%|rgba(0,132,187,0.9) 100%","image_hover-project_rollover_color_mode":"accent","image_hover-project_rollover_opacity":90,"image_hover-style":"none","input_bg_color":"rgba(252,252,252,1)","input_bg_opacity":100,"input_border_color":"rgba(173,176,182,0.3)","input_border_opacity":30,"input_border_radius":0,"input_color":"#787d85","input_height":40,"modules-albums-status":"enabled","modules-benefits-status":"enabled","modules-logos-status":"enabled","modules-portfolio-status":"enabled","modules-slideshow-status":"enabled","modules-team-status":"enabled","modules-testimonials-status":"enabled","page_title-background-style-transparent-color_scheme":"from_options","page_title-padding":"30px 30px","page_title-padding-bottom":"30px","page_title-padding-top":"30px","post-show_fancy_categories":"1","post-show_fancy_date":"1","sidebar-bg_color":"rgba(221,224,228,0.29)","sidebar-bg_image":{"image":"","repeat":"repeat","position_x":"center","position_y":"center"},"sidebar-bg_opacity":29,"sidebar-decoration":"none","sidebar-decoration_outline_color":"rgba(0,0,0,0.06)","sidebar-decoration_outline_opacity":6,"sidebar-distance_to_content":50,"sidebar-divider-horizontal":"0","sidebar-divider-vertical":"0","sidebar-headers_color":"#303030","sidebar-primary_text_color":"#878787","sidebar-responsiveness":970,"sidebar-vertical_distance":60,"sidebar-visual_style":"with_dividers","sidebar-width":"330px","social_buttons-page":[],"social_buttons-page-button_title":"Share this page","social_buttons-photo":[],"social_buttons-photo-button_title":"Share this image","social_buttons-portfolio_post":[],"social_buttons-portfolio_post-button_title":"Share this post","social_buttons-post":["facebook","twitter","google+","pinterest","linkedin"],"social_buttons-post-button_title":"Share this post","social_buttons-visibility":"allways","stripes-stripe_1_bg_image":{"image":"","repeat":"repeat","position_x":"center","position_y":"center"},"stripes-stripe_1_color":"#f4f4f4","stripes-stripe_1_content_boxes_bg_color":"#ffffff","stripes-stripe_1_content_boxes_bg_opacity":100,"stripes-stripe_1_content_boxes_decoration":"none","stripes-stripe_1_content_boxes_decoration_outline_color":"#dd3333","stripes-stripe_1_content_boxes_decoration_outline_opacity":100,"stripes-stripe_1_headers_color":"#303030","stripes-stripe_1_outline":"hide","stripes-stripe_1_outline_color":"#44bb70","stripes-stripe_1_outline_opacity":100,"stripes-stripe_1_text_color":"#878787","stripes-stripe_2_bg_image":{"image":"","repeat":"repeat","position_x":"center","position_y":"center"},"stripes-stripe_2_color":"#131313","stripes-stripe_2_content_boxes_bg_color":"#ffffff","stripes-stripe_2_content_boxes_bg_opacity":10,"stripes-stripe_2_content_boxes_decoration":"none","stripes-stripe_2_content_boxes_decoration_outline_color":"#ffffff","stripes-stripe_2_content_boxes_decoration_outline_opacity":15,"stripes-stripe_2_headers_color":"#ffffff","stripes-stripe_2_outline":"hide","stripes-stripe_2_outline_color":"#ffffff","stripes-stripe_2_outline_opacity":15,"stripes-stripe_2_text_color":"#ffffff","stripes-stripe_3_bg_image":{"image":"","repeat":"repeat","position_x":"center","position_y":"center"},"stripes-stripe_3_color":"#131313","stripes-stripe_3_content_boxes_bg_color":"#FFFFFF","stripes-stripe_3_content_boxes_bg_opacity":10,"stripes-stripe_3_content_boxes_decoration":"shadow","stripes-stripe_3_content_boxes_decoration_outline_color":"#ffffff","stripes-stripe_3_content_boxes_decoration_outline_opacity":15,"stripes-stripe_3_headers_color":"#ffffff","stripes-stripe_3_outline":"hide","stripes-stripe_3_outline_color":"#252728","stripes-stripe_3_outline_opacity":100,"stripes-stripe_3_text_color":"#ffffff","top-bar-transparent_bg_color":"rgba(255,255,255,0.25)","top_bar-bg-color":"rgba(255,255,255,1)","top_bar-bg-image":{"image":"","repeat":"repeat","position_x":"center","position_y":"center"},"top_bar-bg-opacity":100,"top_bar-bg-style":"disabled","top_bar-font-color":"#303030","top_bar-line-in-transparent-header":false,"top_bar-padding":"0px 0px 0px","top_bar-paddings-bottom":0,"top_bar-paddings-horizontal":0,"top_bar-paddings-top":0,"widgetareas":{"1":{"sidebar_name":"Default Sidebar","sidebar_desc":"Sidebar primary widget area"},"2":{"sidebar_name":"Default Footer","sidebar_desc":"Footer primary widget area"},"3":{"sidebar_name":"Reservation","sidebar_desc":""}},"content-links_color":"#c5ab6b","header-menu-submenu-hover-bg-opacity":7,"header-menu-submenu-active-bg-opacity":7,"header-menu-submenu-hover-bg-color":"rgba(137,92,184,0.07)","header-menu-submenu-active-bg-color":"rgba(137,92,184,0.07)","header-menu-submenu-hover-bg-color-style":"accent","header-menu-submenu-active-bg-color-style":"accent","header-menu-submenu-hover-bg-gradient":"90deg|#81d742 30%|#eeee22 100%","header-menu-submenu-active-bg-gradient":"90deg|#81d742 30%|#eeee22 100%","header-elements-search_custom-icon":"the7-mw-icon-search","header-elements-login-custom-icon":"the7-mw-icon-login","header-elements-contact-phone-custom-icon":"the7-mw-icon-phone","header-elements-contact-address-custom-icon":"the7-mw-icon-address","header-elements-contact-skype-custom-icon":"the7-mw-icon-skype","header-elements-contact-email-custom-icon":"the7-mw-icon-mail","header-elements-contact-clock-custom-icon":"the7-mw-icon-clock","microwidgets-search_custom-icon":"the7-mw-icon-search","menu-mobile-microwidgets-font-color":"#303030","general-post_back_button_url":"\/restaurant\/news\/","general-project_back_button_url":"","general-album_back_button_url":"","fonts-h1-typography":{"font_family":"Poppins","font_size":60,"line_height":65,"text_transform":"none"},"fonts-h2-typography":{"font_family":"Poppins:500","font_size":50,"line_height":55,"text_transform":"none"},"fonts-h3-typography":{"font_family":"Poppins:500","font_size":30,"line_height":35,"text_transform":"none"},"fonts-h4-typography":{"font_family":"Poppins:500","font_size":22,"line_height":30,"text_transform":"none"},"fonts-h5-typography":{"font_family":"Poppins:500","font_size":17,"line_height":27,"text_transform":"none"},"fonts-h6-typography":{"font_family":"Poppins:700","font_size":14,"line_height":24,"text_transform":"none"},"general-page-title-typography":{"font_family":"Poppins:500","font_size":50,"line_height":60,"text_transform":"none"},"filter-typography":{"font_family":"Poppins:700","font_size":14,"text_transform":"uppercase"},"breadcrumbs-typography":{"font_family":"Open Sans","font_size":13,"line_height":23,"text_transform":"none"},"top_bar-typography":{"font_family":"Open Sans","font_size":13,"text_transform":"none"},"header-mobile-microwidgets-typography":{"font_family":"Open Sans:600","font_size":14},"menu-mobile-microwidgets-typography":{"font_family":"Poppins:300","font_size":13},"header-menu-typography":{"font_family":"Poppins:700","font_size":14,"text_transform":"uppercase"},"header-menu-subtitle-typography":{"font_family":"Open Sans","font_size":10},"header-menu-submenu-typography":{"font_family":"Open Sans:300","font_size":13,"text_transform":"none"},"header-menu-submenu-subtitle-typography":{"font_family":"Open Sans:300","font_size":10},"header-mobile-menu-typography":{"font_family":"Poppins:700","font_size":16,"text_transform":"uppercase"},"header-mobile-submenu-typography":{"font_family":"Poppins:300","font_size":13,"text_transform":"none"},"header-inline-elements-near_menu-typography":{"font_family":"Open Sans:600","font_size":14},"buttons-s-typography":{"font_family":"Poppins:700","font_size":12,"text_transform":"none"},"buttons-m-typography":{"font_family":"Poppins:700","font_size":14,"text_transform":"none"},"buttons-l-typography":{"font_family":"Poppins:700","font_size":18,"text_transform":"none"},"header-elements-woocommerce_cart-sub_cart-bg-width":260,"header-elements-edd_cart-sub_cart-bg-width":260,"header-elements-woocommerce_cart-sub_cart-bg-color":"rgba(19,19,19,1)","header-elements-edd_cart-sub_cart-bg-color":"rgba(19,19,19,1)","header-elements-woocommerce_cart-sub_cart-font-color":"#ffffff","header-elements-edd_cart-sub_cart-font-color":"#ffffff","header-mega-menu-title-font-color":"#ffffff","header-mega-menu-desc-font-color":"#ffffff","header-mega-menu-widget-font-color":"#ffffff","header-mega-menu-widget-title-color":"#ffffff","header-mega-menu-title-active_item-font-color-style":"accent","header-mega-menu-title-hover-font-color-style":"accent","header-mega-menu-widget-accent-color":"","header-mega-menu-title-icon-size":17,"header-mega-menu-title-typography":{"font_family":"Poppins:500","font_size":17,"text_transform":"none"},"header-mega-menu-desc-typography":{"font_family":"Open Sans","font_size":13},"header-style-mixed-top_line-floating-logo-padding":"0px 0px 0px 0px"},"wp_settings":{"show_on_front":"page","page_on_front":"2","page_for_posts":"0"},"widgets_settings":{"widget_otw_widget":{"4":{"title":"","display_option":"0","widget_style":"Bare Bones","restaurant_name":"","restaurant_id":"","hide_labels":"","pre_content":"","post_content":"","label_date":"","label_time":"","label_party":""},"5":{"title":"Reservation","display_option":"","widget_style":"Bare Bones","restaurant_name":"","restaurant_id":"","hide_labels":"","pre_content":"","post_content":"","label_date":"","label_time":"","label_party":""},"_multiwidget":1},"widget_presscore-blog-posts":{"3":{"title":"Recent Post","order":"DESC","orderby":"date","show":4,"select":"all","cats":[],"thumbnails":1,"round_images":0,"show_excerpts":0,"images_dimensions":{"w":80,"h":60}},"_multiwidget":1},"sidebars_widgets":{"wp_inactive_widgets":["9022","9022"],"sidebar_1":["presscore-blog-posts-3","otw_widget-5"],"sidebar_2":[],"sidebar_3":["otw_widget-4"],"array_version":3}},"nav_menu_locations":{"primary":0,"split_left":0,"split_right":0,"mobile":0,"top":0,"bottom":0},"ultimate_selected_google_fonts":[{"font_family":"Poppins","font_name":"Poppins","variants":[{"variant_value":"300","variant_selected":"true"},{"variant_value":"500","variant_selected":"true"},{"variant_value":"600","variant_selected":"false"},{"variant_value":"700","variant_selected":"true"}],"subsets":[{"subset_value":"devanagari","subset_selected":"false"},{"subset_value":"latin-ext","subset_selected":"false"},{"subset_value":"latin","subset_selected":"false"}]},{"font_family":"Open+Sans","font_name":"Open Sans","variants":[{"variant_value":"300","variant_selected":"true"},{"variant_value":"300italic","variant_selected":"false"},{"variant_value":"italic","variant_selected":"false"},{"variant_value":"600","variant_selected":"true"},{"variant_value":"600italic","variant_selected":"false"},{"variant_value":"700","variant_selected":"true"},{"variant_value":"700italic","variant_selected":"false"},{"variant_value":"800","variant_selected":"true"},{"variant_value":"800italic","variant_selected":"false"}],"subsets":[{"subset_value":"greek-ext","subset_selected":"false"},{"subset_value":"cyrillic","subset_selected":"false"},{"subset_value":"vietnamese","subset_selected":"false"},{"subset_value":"greek","subset_selected":"false"},{"subset_value":"latin-ext","subset_selected":"false"},{"subset_value":"cyrillic-ext","subset_selected":"false"},{"subset_value":"latin","subset_selected":"false"}]},{"font_family":"Great+Vibes","font_name":"Great Vibes","variants":null,"subsets":[{"subset_value":"latin-ext","subset_selected":"false"},{"subset_value":"latin","subset_selected":"false"}]}],"ultimate_icon_fonts":{"icomoon-free-social-contact-16x16":{"include":"smile_fonts\/icomoon-free-social-contact-16x16","folder":"smile_fonts\/icomoon-free-social-contact-16x16","style":"icomoon-free-social-contact-16x16\/icomoon-free-social-contact-16x16.css","config":"charmap.php"}},"revolution_sliders":["the7-restaurant-hero-image"],"vc_settings":{"use_custom":"1","vc_color":"#f7f7f7","vc_color_hover":"#F0F0F0","vc_color_call_to_action_bg":"","vc_color_google_maps_bg":"","vc_color_post_slider_caption_bg":"","vc_color_progress_bar_bg":"","vc_color_separator_border":"","vc_color_tab_bg":"","vc_color_tab_bg_active":"","margin":"0px","gutter":"60","responsive_max":"768"}}