{"schema":{"folders":{"ultimate_icon_fonts":"Ultimate_VC_Addons\/icon-fonts"}},"theme_options":{"blog-fancy_date-style":"circle","blog-thumbnail_proportions":{"width":3,"height":2},"blog-thumbnail_size":"original","bottom_bar-bg_color":"rgba(48,49,53,1)","bottom_bar-bg_image":{"image":"","repeat":"repeat","position_x":"center","position_y":"top"},"bottom_bar-bg_opacity":100,"bottom_bar-color":"#ffffff","bottom_bar-copyrights":"","bottom_bar-credits":"1","bottom_bar-enabled":"1","bottom_bar-logo-padding":"10px 14px 10px 0px","bottom_bar-logo-padding-bottom":10,"bottom_bar-logo-padding-left":0,"bottom_bar-logo-padding-right":14,"bottom_bar-logo-padding-top":10,"bottom_bar-logo_hd":["\/wp-content\/uploads\/sites\/2\/2017\/03\/7bus-bot-hd.png",15114],"bottom_bar-logo_regular":["\/wp-content\/uploads\/sites\/2\/2017\/03\/7bus-bot.png",15115],"bottom_bar-style":"solid_background","bottom_bar-text":"","breadcrumbs-typography":{"font_family":"Open Sans","font_size":12,"line_height":24,"text_transform":"none"},"breadcrumbs_bg_color":"rgba(255,255,255,0.2)","breadcrumbs_bg_opacity":20,"breadcrumbs_border_color":"rgba(255,255,255,0.5)","breadcrumbs_border_opacity":50,"breadcrumbs_border_radius":0,"breadcrumbs_border_width":0,"breadcrumbs_margin":"10px 0px 0px 0px","breadcrumbs_margin-bottom":"0px","breadcrumbs_margin-left":"0px","breadcrumbs_margin-right":"0px","breadcrumbs_margin-top":"10px","breadcrumbs_padding":"0px 0px 0px 0px","breadcrumbs_padding-bottom":"0px","breadcrumbs_padding-left":"0px","breadcrumbs_padding-right":"0px","breadcrumbs_padding-top":"0px","buttons-color":"#81d742","buttons-color_gradient":"135deg|#dd3333 30%|#3a892a 100%","buttons-color_mode":"accent","buttons-hover_color":"#27b99e","buttons-hover_color_gradient":"135deg|#cc4789 30%|#e57544 100%","buttons-hover_color_mode":"color","buttons-l-typography":{"font_family":"Open Sans:700","font_size":18,"text_transform":"none"},"buttons-l_border_radius":0,"buttons-l_line_height":50,"buttons-l_padding":"16px 24px 16px 24px","buttons-m-typography":{"font_family":"Open Sans:700","font_size":14,"text_transform":"none"},"buttons-m_border_radius":0,"buttons-m_line_height":38,"buttons-m_padding":"12px 18px 12px 18px","buttons-s-typography":{"font_family":"Open Sans:700","font_size":12,"text_transform":"none"},"buttons-s_border_radius":0,"buttons-s_line_height":30,"buttons-s_padding":"8px 14px 8px 14px","buttons-style":"flat","buttons-text_color":"#ffffff","buttons-text_color_mode":"color","buttons-text_hover_color":"#ebebeb","buttons-text_hover_color_mode":"color","content-headers_color":"#3a3a3a","content-links_color":"#2cd3b4","content-primary_text_color":"#7e7e7e","content-secondary_text_color":"#bbbbbb","dividers-color":"rgba(204,204,204,0.5)","dividers-opacity":50,"filter-typography":{"font_family":"Raleway:700","font_size":13,"text_transform":"none"},"fonts-big_size":14,"fonts-big_size_line_height":26,"fonts-font_family":"Open Sans","fonts-h1-typography":{"font_family":"Raleway:700","font_size":48,"line_height":58,"text_transform":"none"},"fonts-h2-typography":{"font_family":"Raleway:700","font_size":34,"line_height":44,"text_transform":"none"},"fonts-h3-typography":{"font_family":"Raleway:700","font_size":24,"line_height":34,"text_transform":"none"},"fonts-h4-typography":{"font_family":"Raleway:700","font_size":20,"line_height":30,"text_transform":"none"},"fonts-h5-typography":{"font_family":"Raleway:700","font_size":16,"line_height":26,"text_transform":"none"},"fonts-h6-typography":{"font_family":"Raleway:700","font_size":14,"line_height":24,"text_transform":"none"},"fonts-normal_size":13,"fonts-normal_size_line_height":25,"fonts-small_size":12,"fonts-small_size_line_height":24,"footer-bg_color":"rgba(38,40,44,1)","footer-bg_image":{"image":"","repeat":"repeat","position_x":"center","position_y":"top"},"footer-bg_opacity":100,"footer-collapse_after":768,"footer-decoration":"none","footer-decoration_outline_color":"rgba(129,215,66,0.96)","footer-decoration_outline_opacity":96,"footer-headers_color":"#ffffff","footer-layout":"1\/3+1\/3+1\/3","footer-padding":"40px 0px","footer-padding-bottom":0,"footer-padding-top":40,"footer-paddings-columns":25,"footer-primary_text_color":"#999d9f","footer-slide-out-mode":"0","footer-style":"solid_background","general-accent_bg_color":"#2cd3b4","general-accent_bg_color_gradient":"135deg|#2578e9 30%|#3fe7d9 100%","general-accent_color_mode":"color","general-album_back_button_url":"","general-album_meta_author":false,"general-album_meta_categories":"1","general-album_meta_comments":false,"general-album_meta_date":"1","general-album_meta_on":"1","general-beautiful_loading":"enabled","general-bg_color":"rgba(255,255,255,1)","general-bg_fixed":false,"general-bg_fullscreen":false,"general-bg_image":{"image":"","repeat":"repeat","position_x":"center","position_y":"top"},"general-bg_opacity":100,"general-blog_meta_author":"1","general-blog_meta_categories":"1","general-blog_meta_comments":"1","general-blog_meta_date":"1","general-blog_meta_on":"1","general-blog_meta_tags":"1","general-border_radius":0,"general-box_width":"1280px","general-boxed_bg_color":"#f6f6f6","general-boxed_bg_fixed":"1","general-boxed_bg_fullscreen":"1","general-boxed_bg_image":{"image":"","repeat":"no-repeat","position_x":"center","position_y":"center"},"general-breadcrumbs_bg_color":"disabled","general-breadcrumbs_color":"#bbbbbb","general-contact_form_style":"minimal","general-content_boxes_bg_color":"rgba(246,246,246,1)","general-content_boxes_bg_opacity":100,"general-content_boxes_decoration":"none","general-content_boxes_decoration_outline_color":"rgba(58,58,58,0.13)","general-content_boxes_decoration_outline_opacity":13,"general-content_width":"1300px","general-custom_css":"","general-custom_loader":"","general-favicon":"\/wp-content\/uploads\/sites\/2\/2016\/01\/the7-new-fav1.gif","general-favicon_hd":"\/wp-content\/uploads\/sites\/2\/2016\/01\/the7-new-fav-hd1.gif","general-filter-margin":"0px 5px 0px 0px","general-filter-margin-bottom":0,"general-filter-margin-left":0,"general-filter-margin-right":5,"general-filter-margin-top":0,"general-filter-padding":"6px 15px 6px 16px","general-filter-padding-bottom":6,"general-filter-padding-left":16,"general-filter-padding-right":15,"general-filter-padding-top":6,"general-filter_style":"minimal","general-filter_style-material-line_size":2,"general-filter_style-minimal-border_radius":100,"general-fullscreen_overlay_color":"rgba(255,255,255,1)","general-fullscreen_overlay_color_mode":"color","general-fullscreen_overlay_gradient":"135deg|#8224e3 30%|#dd3333 100%","general-fullscreen_overlay_opacity":100,"general-handheld_icon-old_ipad":"","general-handheld_icon-old_iphone":"","general-handheld_icon-retina_ipad":"","general-handheld_icon-retina_iphone":"","general-hd_images":"srcset_based","general-images_lazy_loading":"1","general-layout":"wide","general-loader_style":"double_circles","general-mobile_side_content_paddings":20,"general-navigation_margin":40,"general-next_prev_in_album":"1","general-next_prev_in_blog":"1","general-next_prev_in_portfolio":"1","general-page-title-typography":{"font_family":"Raleway:700","font_size":34,"line_height":44,"text_transform":"none"},"general-page_content_bottom_margin":70,"general-page_content_margin":"70px 70px","general-page_content_top_margin":70,"general-portfolio_meta_author":"1","general-portfolio_meta_categories":"1","general-portfolio_meta_comments":"1","general-portfolio_meta_date":"1","general-portfolio_meta_on":"1","general-portfolio_thumbnail_proportions":{"width":2,"height":1},"general-portfolio_thumbnail_size":"resize","general-post_back_button_url":"\/business\/news\/","general-project_back_button_url":"\/business\/projects\/","general-rel_posts_head_title":"Related posts","general-rel_posts_max":6,"general-rel_projects_details":"1","general-rel_projects_excerpt":false,"general-rel_projects_fullwidth_height":215,"general-rel_projects_fullwidth_width":215,"general-rel_projects_fullwidth_width_style":"fixed","general-rel_projects_head_title":"Related projects","general-rel_projects_height":150,"general-rel_projects_info_author":false,"general-rel_projects_info_categories":"1","general-rel_projects_info_comments":false,"general-rel_projects_info_date":false,"general-rel_projects_link":"1","general-rel_projects_max":12,"general-rel_projects_title":"1","general-rel_projects_width":150,"general-rel_projects_width_style":"fixed","general-rel_projects_zoom":"1","general-responsive":"1","general-responsive_title_height":100,"general-responsive_title_line_height":34,"general-responsive_title_size":24,"general-responsiveness-treshold":970,"general-show_author_in_blog":"1","general-show_back_button_in_album":"0","general-show_back_button_in_post":"1","general-show_back_button_in_project":"1","general-show_breadcrumbs":"1","general-show_rel_posts":"1","general-show_rel_projects":"1","general-show_titles":"1","general-side_content_paddings":50,"general-slideshow_bullets_style":"accent","general-smooth_scroll":"off","general-spinner_color":"rgba(46,211,180,1)","general-spinner_opacity":100,"general-switch_content_paddings":768,"general-title_align":"center","general-title_bg_color":"rgba(246,246,246,1)","general-title_bg_fixed":false,"general-title_bg_fullscreen":false,"general-title_bg_gradient":"135deg|#4a66d6 30%|#12b4ea 100%","general-title_bg_image":{"image":"","repeat":"no-repeat","position_x":"center","position_y":"center"},"general-title_bg_mode":"background","general-title_bg_opacity":100,"general-title_bg_overlay":false,"general-title_bg_overlay_opacity":50,"general-title_bg_parallax":"","general-title_color":"#3a3a3a","general-title_decoration":"none","general-title_decoration_line_color":"rgba(204,204,204,0.5)","general-title_decoration_line_height":1,"general-title_decoration_line_opacity":50,"general-title_decoration_line_style":"solid","general-title_decoration_outline_color":"rgba(58,58,58,0.08)","general-title_decoration_outline_height":1,"general-title_decoration_outline_opacity":8,"general-title_decoration_outline_style":"solid","general-title_enable_bg_img":"disabled","general-title_height":200,"general-title_overlay_color":"rgba(0,0,0,0.5)","general-title_responsive_breadcrumbs":"1","general-title_scroll_effect":"default","general-titles-responsiveness-switch":778,"general-titles_responsiveness":"1","header-background":"normal","header-bg-color":"rgba(255,255,255,1)","header-bg-image":{"image":"","repeat":"repeat","position_x":"center","position_y":"center"},"header-bg-is_fixed":false,"header-bg-is_fullscreen":false,"header-bg-opacity":100,"header-classic-elements":{"top_bar_left":["custom_menu"],"top_bar_right":["search","social_icons"],"near_logo_left":["working_hours"],"near_logo_right":["phone","email"]},"header-classic-elements-near_logo-custom-icon-color":"#23c4a7","header-classic-elements-near_logo-custom-icon-size":16,"header-classic-elements-near_logo-font_color":"#3a3a3a","header-classic-elements-near_logo-typography":{"font_family":"Open Sans:700","font_size":"14"},"header-classic-elements-near_logo_left-padding":"0px 0px 0px 0px","header-classic-elements-near_logo_left-padding-bottom":0,"header-classic-elements-near_logo_left-padding-left":0,"header-classic-elements-near_logo_left-padding-right":0,"header-classic-elements-near_logo_left-padding-top":0,"header-classic-elements-near_logo_right-padding":"0px 0px 0px 0px","header-classic-elements-near_logo_right-padding-bottom":0,"header-classic-elements-near_logo_right-padding-left":0,"header-classic-elements-near_logo_right-padding-right":0,"header-classic-elements-near_logo_right-padding-top":0,"header-classic-elements-near_menu-custom-icon-color":"","header-classic-elements-near_menu-custom-icon-size":16,"header-classic-elements-near_menu-font_color":"#3a3a3a","header-classic-elements-near_menu-typography":{"font_family":"Open Sans:700","font_size":"14"},"header-classic-elements-near_menu_right-padding":"0px 0px 0px 40px","header-classic-elements-near_menu_right-padding-bottom":0,"header-classic-elements-near_menu_right-padding-left":40,"header-classic-elements-near_menu_right-padding-right":0,"header-classic-elements-near_menu_right-padding-top":0,"header-classic-height":"200px","header-classic-is_fullwidth":"0","header-classic-logo-position":"center","header-classic-menu-bg-color":"rgba(58,58,58,0.13)","header-classic-menu-bg-opacity":13,"header-classic-menu-bg-style":"fullwidth_line","header-classic-menu-margin":"0px 0px","header-classic-menu-margin-bottom":0,"header-classic-menu-margin-top":0,"header-classic-menu-position":"justify","header-classic-show_elements":"1","header-decoration":"line","header-decoration-color":"rgba(58,58,58,0.13)","header-decoration-opacity":13,"header-elements-button-1-bg":"accent","header-elements-button-1-bg-color":"#ffffff","header-elements-button-1-bg-gradient":"135deg|#ffffff 30%|#000000 100%","header-elements-button-1-border-color":"accent","header-elements-button-1-border-color-mono":"#ffffff","header-elements-button-1-border_radius":"0px","header-elements-button-1-border_width":"1px","header-elements-button-1-choose-icon":"","header-elements-button-1-first-header-switch":"near_logo","header-elements-button-1-hover-bg":"accent","header-elements-button-1-hover-bg-color":"#ffffff","header-elements-button-1-hover-bg-gradient":"135deg|#ffffff 30%|#000000 100%","header-elements-button-1-hover-border-color":"accent","header-elements-button-1-hover-border-color-mono":"#ffffff","header-elements-button-1-hover-icon-color":"color","header-elements-button-1-hover-icon-color-gradient":"90deg|#ffffff 30%|#000000 100%","header-elements-button-1-hover-icon-color-mono":"#ffffff","header-elements-button-1-icon":false,"header-elements-button-1-icon-color":"color","header-elements-button-1-icon-color-gradient":"90deg|#ffffff 30%|#000000 100%","header-elements-button-1-icon-color-mono":"#ffffff","header-elements-button-1-icon-position":"right","header-elements-button-1-icon-size":14,"header-elements-button-1-name":"Button","header-elements-button-1-on-desktops":"show","header-elements-button-1-padding":"10px 20px 10px 20px","header-elements-button-1-second-header-switch":"in_menu","header-elements-button-1-smooth-scroll":false,"header-elements-button-1-target":false,"header-elements-button-1-typography":{"font_family":"Roboto:700","font_size":"14"},"header-elements-button-1-url":"","header-elements-button-2-bg":"accent","header-elements-button-2-bg-color":"#ffffff","header-elements-button-2-bg-gradient":"135deg|#ffffff 30%|#000000 100%","header-elements-button-2-border-color":"accent","header-elements-button-2-border-color-mono":"#ffffff","header-elements-button-2-border_radius":"0px","header-elements-button-2-border_width":"1px","header-elements-button-2-choose-icon":"","header-elements-button-2-first-header-switch":"near_logo","header-elements-button-2-hover-bg":"accent","header-elements-button-2-hover-bg-color":"#ffffff","header-elements-button-2-hover-bg-gradient":"135deg|#ffffff 30%|#000000 100%","header-elements-button-2-hover-border-color":"accent","header-elements-button-2-hover-border-color-mono":"#ffffff","header-elements-button-2-hover-icon-color":"color","header-elements-button-2-hover-icon-color-gradient":"90deg|#ffffff 30%|#000000 100%","header-elements-button-2-hover-icon-color-mono":"#ffffff","header-elements-button-2-icon":false,"header-elements-button-2-icon-color":"color","header-elements-button-2-icon-color-gradient":"90deg|#ffffff 30%|#000000 100%","header-elements-button-2-icon-color-mono":"#ffffff","header-elements-button-2-icon-position":"right","header-elements-button-2-icon-size":14,"header-elements-button-2-name":"Button","header-elements-button-2-on-desktops":"show","header-elements-button-2-padding":"10px 20px 10px 20px","header-elements-button-2-second-header-switch":"in_menu","header-elements-button-2-smooth-scroll":false,"header-elements-button-2-target":false,"header-elements-button-2-typography":{"font_family":"Roboto:700","font_size":"14"},"header-elements-button-2-url":"","header-elements-contact-address-caption":"8500 Beverly Boulevard Los Angeles, CA 90048","header-elements-contact-address-custom-icon":"the7-mw-icon-address-bold","header-elements-contact-address-first-header-switch":"near_logo","header-elements-contact-address-icon":"custom","header-elements-contact-address-on-desktops":"show","header-elements-contact-address-second-header-switch":"hidden","header-elements-contact-clock-caption":"Monday \u2013 Friday 10 AM \u2013 8 PM","header-elements-contact-clock-custom-icon":"icomoon-the7-font-the7-clock-02","header-elements-contact-clock-first-header-switch":"hidden","header-elements-contact-clock-icon":"custom","header-elements-contact-clock-on-desktops":"show","header-elements-contact-clock-second-header-switch":"hidden","header-elements-contact-email-caption":"sales@yoursite.com","header-elements-contact-email-custom-icon":"icomoon-the7-font-the7-mail-08","header-elements-contact-email-first-header-switch":"hidden","header-elements-contact-email-icon":"custom","header-elements-contact-email-on-desktops":"show","header-elements-contact-email-second-header-switch":"hidden","header-elements-contact-multipurpose_1-caption":"","header-elements-contact-multipurpose_1-custom-icon":"","header-elements-contact-multipurpose_1-first-header-switch":"near_logo","header-elements-contact-multipurpose_1-icon":"custom","header-elements-contact-multipurpose_1-on-desktops":"show","header-elements-contact-multipurpose_1-second-header-switch":"in_menu","header-elements-contact-multipurpose_2-caption":"","header-elements-contact-multipurpose_2-custom-icon":"","header-elements-contact-multipurpose_2-first-header-switch":"near_logo","header-elements-contact-multipurpose_2-icon":"custom","header-elements-contact-multipurpose_2-on-desktops":"show","header-elements-contact-multipurpose_2-second-header-switch":"in_menu","header-elements-contact-multipurpose_3-caption":"","header-elements-contact-multipurpose_3-custom-icon":"","header-elements-contact-multipurpose_3-first-header-switch":"near_logo","header-elements-contact-multipurpose_3-icon":"custom","header-elements-contact-multipurpose_3-on-desktops":"show","header-elements-contact-multipurpose_3-second-header-switch":"in_menu","header-elements-contact-multipurpose_4-caption":"","header-elements-contact-multipurpose_4-custom-icon":"","header-elements-contact-multipurpose_4-first-header-switch":"near_logo","header-elements-contact-multipurpose_4-icon":"custom","header-elements-contact-multipurpose_4-on-desktops":"show","header-elements-contact-multipurpose_4-second-header-switch":"in_menu","header-elements-contact-phone-caption":"011 322 44 56","header-elements-contact-phone-custom-icon":"icomoon-the7-font-the7-phone-04","header-elements-contact-phone-first-header-switch":"near_logo","header-elements-contact-phone-icon":"custom","header-elements-contact-phone-on-desktops":"show","header-elements-contact-phone-second-header-switch":"in_top_bar","header-elements-contact-skype-caption":"Your_Skype","header-elements-contact-skype-custom-icon":"the7-mw-icon-skype-bold","header-elements-contact-skype-first-header-switch":"near_logo","header-elements-contact-skype-icon":"custom","header-elements-contact-skype-on-desktops":"show","header-elements-contact-skype-second-header-switch":"hidden","header-elements-edd_cart-sub_cart-bg-color":"#ffffff","header-elements-edd_cart-sub_cart-bg-width":250,"header-elements-edd_cart-sub_cart-font-color":"#3a3a3a","header-elements-login-caption":"Login","header-elements-login-custom-icon":"the7-mw-icon-login-bold","header-elements-login-first-header-switch":"near_logo","header-elements-login-icon":"custom","header-elements-login-logout_url":"","header-elements-login-on-desktops":"show","header-elements-login-second-header-switch":"in_menu","header-elements-login-url":"http:\/\/themeforest.net","header-elements-login-use_logout_url":false,"header-elements-logout-caption":"Logout","header-elements-menu-first-header-switch":"top_bar_left","header-elements-menu-icon":"custom","header-elements-menu-on-desktops":"show","header-elements-menu-second-header-switch":"in_menu","header-elements-menu-style":"list","header-elements-menu-style-first-switch":"list","header-elements-menu-style-second-switch":"list","header-elements-menu2-first-header-switch":"near_logo","header-elements-menu2-icon":"custom","header-elements-menu2-on-desktops":"show","header-elements-menu2-second-header-switch":"in_menu","header-elements-menu2-style":"dropdown","header-elements-menu2-style-first-switch":"dropdown","header-elements-menu2-style-second-switch":"dropdown","header-elements-menu2_custom-icon":"the7-mw-icon-dropdown-menu-bold","header-elements-menu_custom-icon":"the7-mw-icon-dropdown-menu-bold","header-elements-near_logo-font_color":"#3a3a3a","header-elements-near_logo-font_family":"Open Sans:700","header-elements-near_logo-font_size":14,"header-elements-near_menu-font_color":"#3a3a3a","header-elements-near_menu-font_family":"Open Sans:700","header-elements-near_menu-font_size":14,"header-elements-search-by":"general","header-elements-search-caption":"Search","header-elements-search-first-header-switch":"top_bar_right","header-elements-search-icon":"custom","header-elements-search-input-caption":"Search...","header-elements-search-on-desktops":"show","header-elements-search-second-header-switch":"in_top_bar","header-elements-search_custom-icon":"the7-mw-icon-search-bold","header-elements-soc_icons":[{"icon":"facebook","url":""},{"icon":"facebook","url":"\/"},{"icon":"twitter","url":"\/"},{"icon":"google","url":"\/"},{"icon":"dribbble","url":"\/"}],"header-elements-soc_icons-bg":"accent","header-elements-soc_icons-bg-color":"rgba(255,255,255,1)","header-elements-soc_icons-bg-gradient":"135deg|#ffffff 30%|#000000 100%","header-elements-soc_icons-bg-hover-opacity":100,"header-elements-soc_icons-bg-opacity":100,"header-elements-soc_icons-bg-size":"24px","header-elements-soc_icons-border":"disabled","header-elements-soc_icons-border-color":"#ffffff","header-elements-soc_icons-color":"#ffffff","header-elements-soc_icons-first-header-switch":"top_bar_right","header-elements-soc_icons-hover-bg":"color","header-elements-soc_icons-hover-bg-color":"rgba(255,255,255,0.15)","header-elements-soc_icons-hover-bg-gradient":"135deg|#ffffff 30%|#000000 100%","header-elements-soc_icons-hover-border":"disabled","header-elements-soc_icons-hover-border-color":"#23c4a7","header-elements-soc_icons-hover-border-color-opacity":"100","header-elements-soc_icons-hover-color":"","header-elements-soc_icons-on-desktops":"show","header-elements-soc_icons-second-header-switch":"in_menu","header-elements-soc_icons-size":"16px","header-elements-soc_icons_border_radius":"0px","header-elements-soc_icons_border_width":"0px","header-elements-soc_icons_gap":2,"header-elements-text":"The7.3 - the most advanced The7 ever ;-)\r\n","header-elements-text-2":"Some call to action text goes here!","header-elements-text-2-first-header-switch":"near_logo","header-elements-text-2-on-desktops":"show","header-elements-text-2-second-header-switch":"in_menu","header-elements-text-3":"Some call to action text goes here!","header-elements-text-3-first-header-switch":"near_logo","header-elements-text-3-on-desktops":"show","header-elements-text-3-second-header-switch":"in_menu","header-elements-text-4":"","header-elements-text-4-first-header-switch":"near_logo","header-elements-text-4-on-desktops":"show","header-elements-text-4-second-header-switch":"in_menu","header-elements-text-5":"","header-elements-text-5-first-header-switch":"near_logo","header-elements-text-5-on-desktops":"show","header-elements-text-5-second-header-switch":"in_menu","header-elements-text-first-header-switch":"near_logo","header-elements-text-on-desktops":"show","header-elements-text-second-header-switch":"hidden","header-elements-woocommerce_cart-sub_cart-bg-color":"#ffffff","header-elements-woocommerce_cart-sub_cart-bg-width":250,"header-elements-woocommerce_cart-sub_cart-font-color":"#3a3a3a","header-floating_navigation-active_item-font-color":"#ffffff","header-floating_navigation-active_item-font-gradient":"90deg|#ffffff 30%|#000000 100%","header-floating_navigation-bg-color":"rgba(255,255,255,1)","header-floating_navigation-bg-image":{"image":"","repeat":"repeat","position_x":"center","position_y":"center"},"header-floating_navigation-bg-is_fullscreen":false,"header-floating_navigation-bg-opacity":100,"header-floating_navigation-decoration":"line","header-floating_navigation-decoration-color":"rgba(58,58,58,0.13)","header-floating_navigation-decoration-opacity":13,"header-floating_navigation-font-active":"default","header-floating_navigation-font-color":"#ffffff","header-floating_navigation-font-hover":"default","header-floating_navigation-font-normal":"default","header-floating_navigation-height":"60px","header-floating_navigation-hover-font-color":"#ffffff","header-floating_navigation-hover-font-gradient":"90deg|#ffffff 30%|#000000 100%","header-floating_navigation-show_after":"240px","header-floating_navigation-style":"slide","header-floating_navigation-top-bar":false,"header-inline-elements":{"top_bar_left":["phone","email","address"],"top_bar_right":["social_icons"],"near_menu_right":["search"]},"header-inline-elements-near_menu-custom-icon-color":"","header-inline-elements-near_menu-custom-icon-size":16,"header-inline-elements-near_menu-font_color":"#888888","header-inline-elements-near_menu-typography":{"font_family":"Arial","font_size":"14"},"header-inline-elements-near_menu_right-padding":"0px 0px 0px 2px","header-inline-elements-near_menu_right-padding-bottom":0,"header-inline-elements-near_menu_right-padding-left":2,"header-inline-elements-near_menu_right-padding-right":0,"header-inline-elements-near_menu_right-padding-top":0,"header-inline-height":"120px","header-inline-is_fullwidth":"0","header-inline-menu-position":"justify","header-inline-show_elements":"1","header-layout":"classic","header-logo-padding":"0px 0px 0px 0px","header-logo-padding-bottom":0,"header-logo-padding-left":0,"header-logo-padding-right":0,"header-logo-padding-top":0,"header-logo_hd":["\/wp-content\/uploads\/sites\/2\/2017\/03\/7business-hd.png",15113],"header-logo_regular":["\/wp-content\/uploads\/sites\/2\/2017\/03\/7bus.png",15109],"header-mega-menu-desc-font-color":"#3a3a3a","header-mega-menu-desc-typography":{"font_family":"Open Sans","font_size":"12"},"header-mega-menu-items-padding":"0px 0px 10px 0px","header-mega-menu-submenu-bg-padding":"0px 10px 0px 10px","header-mega-menu-submenu-column-padding":"20px 10px 20px 10px","header-mega-menu-submenu-column-width":"240px","header-mega-menu-title-active_item-font-color":"#ffffff","header-mega-menu-title-active_item-font-color-style":"accent","header-mega-menu-title-active_item-font-gradient":"90deg|#ffffff 30%|#000000 100%","header-mega-menu-title-font-color":"#3a3a3a","header-mega-menu-title-hover-font-color":"#ffffff","header-mega-menu-title-hover-font-color-style":"accent","header-mega-menu-title-hover-font-gradient":"90deg|#ffffff 30%|#000000 100%","header-mega-menu-title-icon-size":16,"header-mega-menu-title-typography":{"font_family":"Raleway:700","font_size":"16","text_transform":"none"},"header-mega-menu-widget-accent-color":"","header-mega-menu-widget-font-color":"#3a3a3a","header-mega-menu-widget-title-color":"#3a3a3a","header-menu-active_item-font-color":"#ffffff","header-menu-active_item-font-color-style":"accent","header-menu-active_item-font-gradient":"90deg|#ffffff 30%|#000000 100%","header-menu-decoration-other-active-color":"rgba(255,255,255,0)","header-menu-decoration-other-active-color-style":"color","header-menu-decoration-other-active-gradient":"135deg|rgba(255,255,255,0) 30%|rgba(0,0,0,0) 100%","header-menu-decoration-other-active-line":"1","header-menu-decoration-other-active-line-color":"rgba(130,36,227,1)","header-menu-decoration-other-active-line-color-style":"accent","header-menu-decoration-other-active-line-gradient":"135deg|#dd3333 30%|#81d742 100%","header-menu-decoration-other-active-line-opacity":100,"header-menu-decoration-other-active-opacity":0,"header-menu-decoration-other-active-style":"background","header-menu-decoration-other-border-radius":0,"header-menu-decoration-other-click_decor":"1","header-menu-decoration-other-click_decor-color":"rgba(255,255,255,0.15)","header-menu-decoration-other-click_decor-color-style":"accent","header-menu-decoration-other-click_decor-gradient":"135deg|rgba(255,255,255,0.15) 30%|rgba(0,0,0,0.15) 100%","header-menu-decoration-other-click_decor-opacity":15,"header-menu-decoration-other-hover-color":"rgba(255,255,255,0)","header-menu-decoration-other-hover-color-style":"color","header-menu-decoration-other-hover-gradient":"135deg|rgba(255,255,255,0) 30%|rgba(0,0,0,0) 100%","header-menu-decoration-other-hover-line":"1","header-menu-decoration-other-hover-line-color":"rgba(221,51,51,1)","header-menu-decoration-other-hover-line-color-style":"accent","header-menu-decoration-other-hover-line-gradient":"135deg|#ffffff 30%|#000000 100%","header-menu-decoration-other-hover-line-opacity":100,"header-menu-decoration-other-hover-style":"background","header-menu-decoration-other-line_size":"3px","header-menu-decoration-other-links-is_justified":"1","header-menu-decoration-other-opacity":0,"header-menu-decoration-style":"other","header-menu-decoration-underline-color":"#ffffff","header-menu-decoration-underline-color-style":"accent","header-menu-decoration-underline-direction":"left_to_right","header-menu-decoration-underline-gradient":"135deg|#ffffff 30%|#000000 100%","header-menu-decoration-underline-line_size":"2px","header-menu-dividers-color":"rgba(58,58,58,0.12)","header-menu-dividers-height":"20px","header-menu-dividers-height-style":"full","header-menu-dividers-opacity":12,"header-menu-dividers-surround":"1","header-menu-font-color":"#3a3a3a","header-menu-hover-font-color":"#ffffff","header-menu-hover-font-color-style":"accent","header-menu-hover-font-gradient":"90deg|#8224e3 30%|#751257 100%","header-menu-icon-size":14,"header-menu-item-margin":"0px 0px 0px 0px","header-menu-item-margin-bottom":0,"header-menu-item-margin-left":0,"header-menu-item-margin-right":0,"header-menu-item-margin-top":0,"header-menu-item-padding":"21px 5px 18px 5px","header-menu-item-padding-bottom":18,"header-menu-item-padding-left":5,"header-menu-item-padding-right":5,"header-menu-item-padding-top":21,"header-menu-item-surround_margins-custom-margin":"30px","header-menu-item-surround_margins-style":"regular","header-menu-show_dividers":"1","header-menu-show_next_lvl_icons":"1","header-menu-submenu-active-bg-color":"rgba(255,255,255,0.07)","header-menu-submenu-active-bg-color-style":"accent","header-menu-submenu-active-bg-gradient":"90deg|#81d742 30%|#eeee22 100%","header-menu-submenu-active-bg-opacity":7,"header-menu-submenu-active-font-color":"#ffffff","header-menu-submenu-active-font-color-style":"accent","header-menu-submenu-active-font-gradient":"90deg|#8224e3 30%|#dd3333 100%","header-menu-submenu-bg-color":"#ffffff","header-menu-submenu-bg-hover":"animated_background","header-menu-submenu-bg-opacity":100,"header-menu-submenu-bg-padding":"10px 10px 10px 10px","header-menu-submenu-bg-width":"250px","header-menu-submenu-font-color":"#3a3a3a","header-menu-submenu-hover-bg-color":"rgba(255,255,255,0.07)","header-menu-submenu-hover-bg-color-style":"accent","header-menu-submenu-hover-bg-gradient":"90deg|#81d742 30%|#eeee22 100%","header-menu-submenu-hover-bg-opacity":7,"header-menu-submenu-hover-font-color":"#ffffff","header-menu-submenu-hover-font-color-style":"accent","header-menu-submenu-hover-font-gradient":"90deg|#81d742 30%|#eeee22 100%","header-menu-submenu-icon-size":12,"header-menu-submenu-item-margin":"0px 0px 0px 0px","header-menu-submenu-item-margin-bottom":0,"header-menu-submenu-item-margin-left":0,"header-menu-submenu-item-margin-right":0,"header-menu-submenu-item-margin-top":0,"header-menu-submenu-item-padding":"10px 10px 10px 10px","header-menu-submenu-item-padding-bottom":10,"header-menu-submenu-item-padding-left":10,"header-menu-submenu-item-padding-right":10,"header-menu-submenu-item-padding-top":10,"header-menu-submenu-parent_is_clickable":"1","header-menu-submenu-show_next_lvl_icons":"1","header-menu-submenu-subtitle-typography":{"font_family":"Arial:400italic","font_size":"10"},"header-menu-submenu-typography":{"font_family":"Open Sans:600","font_size":"12","text_transform":"none"},"header-menu-subtitle-typography":{"font_family":"Arial:400italic","font_size":"11"},"header-menu-typography":{"font_family":"Raleway:700","font_size":"15","text_transform":"uppercase"},"header-menu_close_icon-margin":"30px 30px 30px 30px","header-menu_icon-bg-border-radius":"0px","header-menu_icon-bg-color":"rgba(255,255,255,0.75)","header-menu_icon-bg-opacity":75,"header-menu_icon-bg-size":"54px","header-menu_icon-color":"#000000","header-menu_icon-elements":[],"header-menu_icon-elements-below_menu-padding":"0px 0px 0px 0px","header-menu_icon-elements-near_menu-custom-icon-color":"","header-menu_icon-elements-near_menu-custom-icon-size":16,"header-menu_icon-elements-near_menu-font_color":"#888888","header-menu_icon-elements-near_menu-typography":{"font_family":"Arial","font_size":"14"},"header-menu_icon-hover-bg-color":"rgba(255,255,255,0.75)","header-menu_icon-hover-bg-opacity":75,"header-menu_icon-hover-color":"#000000","header-menu_icon-margin":"0px 0px 0px 0px","header-menu_icon-margin-bottom":0,"header-menu_icon-margin-left":0,"header-menu_icon-margin-right":0,"header-menu_icon-margin-top":0,"header-menu_icon-show_elements":"0","header-menu_icon-size":"small","header-mixed-bg-color":"rgba(255,255,255,1)","header-mixed-bg-opacity":100,"header-mixed-decoration":"disabled","header-mixed-decoration-color":"rgba(221,153,51,1)","header-mixed-decoration-opacity":100,"header-mixed-floating-top-bar":false,"header-mixed-sticky-bg-color":"#000000","header-mobile-first_switch-after":"950px","header-mobile-first_switch-height":"70px","header-mobile-first_switch-layout":"right_left","header-mobile-first_switch-logo":"desktop","header-mobile-floating_navigation":"menu_icon","header-mobile-header-bg-color":"rgba(255,255,255,1)","header-mobile-menu-align":"right","header-mobile-menu-bg-color":"rgba(255,255,255,1)","header-mobile-menu-bg-opacity":100,"header-mobile-menu-bg-width":"340px","header-mobile-menu-font-color":"#3a3a3a","header-mobile-menu-font-hover-color":"#3c3e45","header-mobile-menu-font-hover-color-style":"accent","header-mobile-menu-font-hover-gradient":"90deg|#b78ce2 30%|#1e73be 100%","header-mobile-menu-typography":{"font_family":"Raleway:700","font_size":"15","text_transform":"uppercase"},"header-mobile-menu_icon-bg-border-radius":"500px","header-mobile-menu_icon-bg-color":"","header-mobile-menu_icon-bg-enable":"1","header-mobile-menu_icon-bg-size":"40px","header-mobile-menu_icon-color":"#ffffff","header-mobile-menu_icon-size":"small","header-mobile-microwidgets-custom-icon-color":"#23c4a7","header-mobile-microwidgets-custom-icon-size":16,"header-mobile-microwidgets-font-color":"#3a3a3a","header-mobile-microwidgets-typography":{"font_family":"Open Sans:700","font_size":"14"},"header-mobile-overlay-bg-color":"rgba(17,17,17,0.5)","header-mobile-second_switch-after":"650px","header-mobile-second_switch-height":"60px","header-mobile-second_switch-layout":"right_left","header-mobile-second_switch-logo":"mobile","header-mobile-submenu-typography":{"font_family":"Open Sans:600","font_size":"14","text_transform":"none"},"header-overlay-content-padding":"0px 0px 0px 0px","header-overlay-content-padding-bottom":0,"header-overlay-content-padding-left":0,"header-overlay-content-padding-right":0,"header-overlay-content-padding-top":0,"header-overlay-content-position":"center","header-overlay-content-width":"300px","header-overlay-elements":{"below_menu":["search"]},"header-overlay-elements-below_menu-padding":"0px 0px 0px 0px","header-overlay-elements-below_menu-padding-bottom":0,"header-overlay-elements-below_menu-padding-left":0,"header-overlay-elements-below_menu-padding-right":0,"header-overlay-elements-below_menu-padding-top":0,"header-overlay-elements-top_line-padding":"0px 40px 0px 40px","header-overlay-elements-top_line-padding-bottom":0,"header-overlay-elements-top_line-padding-left":40,"header-overlay-elements-top_line-padding-right":40,"header-overlay-elements-top_line-padding-top":0,"header-overlay-icons_style":"bold","header-overlay-layout":"menu_icon","header-overlay-layout-menu_icon-show_floating_logo":"1","header-overlay-layout-side_line-width":60,"header-overlay-layout-top_line-height":130,"header-overlay-layout-top_line-is_fullwidth":"0","header-overlay-layout-top_line-logo-position":"left","header-overlay-logo-position":"fully_inside","header-overlay-menu-items_alignment":"center","header-overlay-menu-items_link":"fullwidth","header-overlay-menu-padding":"40px 40px","header-overlay-menu-padding-bottom":40,"header-overlay-menu-padding-top":40,"header-overlay-menu-position":"v_center","header-overlay-show_elements":"1","header-show_floating_navigation":"1","header-side-content-padding":"50px 0px 40px 0px","header-side-content-padding-bottom":40,"header-side-content-padding-left":0,"header-side-content-padding-right":0,"header-side-content-padding-top":50,"header-side-content-position":"center","header-side-content-width":"300px","header-side-elements":{"below_menu":["social_icons","email","skype"]},"header-side-elements-below_menu-padding":"0px 35px 0px 35px","header-side-elements-below_menu-padding-bottom":0,"header-side-elements-below_menu-padding-left":35,"header-side-elements-below_menu-padding-right":35,"header-side-elements-below_menu-padding-top":0,"header-side-elements-near_menu-custom-icon-color":"","header-side-elements-near_menu-custom-icon-size":16,"header-side-elements-near_menu-font_color":"#888888","header-side-elements-near_menu-typography":{"font_family":"Arial","font_size":"14"},"header-side-logo-position":"inside","header-side-menu-items_alignment":"center","header-side-menu-items_link":"fullwidth","header-side-menu-padding":"50px 50px","header-side-menu-padding-bottom":50,"header-side-menu-padding-top":50,"header-side-menu-position":"v_top","header-side-menu-submenu-position":"down","header-side-position":"right","header-side-show_elements":"1","header-side-width":"300px","header-side_line-elements":[],"header-side_line-elements-below_menu-padding":"0px 0px 0px 0px","header-side_line-elements-near_menu-custom-icon-color":"","header-side_line-elements-near_menu-custom-icon-size":16,"header-side_line-elements-near_menu-font_color":"#888888","header-side_line-elements-near_menu-typography":{"font_family":"Arial","font_size":"14"},"header-side_line-show_elements":"0","header-side_line-width":"60px","header-slide_out-content-padding":"50px 0px 50px 0px","header-slide_out-content-padding-bottom":50,"header-slide_out-content-padding-left":0,"header-slide_out-content-padding-right":0,"header-slide_out-content-padding-top":50,"header-slide_out-content-position":"center","header-slide_out-content-width":"350px","header-slide_out-elements":{"side_top_line":["phone","email","skype"]},"header-slide_out-elements-below_menu-padding":"0px 0px 0px 0px","header-slide_out-elements-below_menu-padding-bottom":0,"header-slide_out-elements-below_menu-padding-left":0,"header-slide_out-elements-below_menu-padding-right":0,"header-slide_out-elements-below_menu-padding-top":0,"header-slide_out-elements-top_line-padding":"0px 40px 0px 40px","header-slide_out-elements-top_line-padding-bottom":0,"header-slide_out-elements-top_line-padding-left":40,"header-slide_out-elements-top_line-padding-right":40,"header-slide_out-elements-top_line-padding-top":0,"header-slide_out-icons_style":"bold","header-slide_out-layout":"menu_icon","header-slide_out-layout-menu_icon-show_floating_logo":"1","header-slide_out-layout-side_line-position":"under","header-slide_out-layout-side_line-width":60,"header-slide_out-layout-top_line-height":90,"header-slide_out-layout-top_line-is_fullwidth":"1","header-slide_out-layout-top_line-logo-position":"left","header-slide_out-logo-position":"fully_inside","header-slide_out-menu-items_alignment":"center","header-slide_out-menu-items_link":"fullwidth","header-slide_out-menu-padding":"40px 40px","header-slide_out-menu-padding-bottom":40,"header-slide_out-menu-padding-top":40,"header-slide_out-menu-position":"v_top","header-slide_out-overlay-animation":"fade","header-slide_out-overlay-bg-color":"rgba(0,0,0,0.5)","header-slide_out-overlay-bg-color-style":"color","header-slide_out-overlay-bg-gradient":"135deg|rgba(205,183,226,0.5) 30%|rgba(130,20,130,0.5) 100%","header-slide_out-overlay-bg-opacity":50,"header-slide_out-overlay-blur":"0","header-slide_out-overlay-x_cursor":"1","header-slide_out-overlay-x_cursor-color":"rgba(255,255,255,1)","header-slide_out-overlay-x_cursor-opacity":100,"header-slide_out-position":"left","header-slide_out-show_elements":"1","header-slide_out-width":"400px","header-split-elements":{"near_menu_left":["search"]},"header-split-elements-near_menu-custom-icon-color":"","header-split-elements-near_menu-custom-icon-size":16,"header-split-elements-near_menu-font_color":"#888888","header-split-elements-near_menu-typography":{"font_family":"Arial","font_size":"14"},"header-split-elements-near_menu_left-padding":"0px 20px 0px 20px","header-split-elements-near_menu_left-padding-bottom":0,"header-split-elements-near_menu_left-padding-left":20,"header-split-elements-near_menu_left-padding-right":20,"header-split-elements-near_menu_left-padding-top":0,"header-split-elements-near_menu_right-padding":"0px 20px 0px 20px","header-split-elements-near_menu_right-padding-bottom":0,"header-split-elements-near_menu_right-padding-left":20,"header-split-elements-near_menu_right-padding-right":20,"header-split-elements-near_menu_right-padding-top":0,"header-split-height":"100px","header-split-is_fullwidth":"0","header-split-menu-position":"outside","header-split-show_elements":"1","header-style-floating-choose_logo":"none","header-style-floating-logo-padding":"0px 0px 0px 0px","header-style-floating-logo-padding-bottom":0,"header-style-floating-logo-padding-left":0,"header-style-floating-logo-padding-right":0,"header-style-floating-logo-padding-top":0,"header-style-floating-logo_hd":["",0],"header-style-floating-logo_regular":["",0],"header-style-mixed-logo-padding":"0px 0px 0px 0px","header-style-mixed-logo-padding-bottom":0,"header-style-mixed-logo-padding-left":0,"header-style-mixed-logo-padding-right":0,"header-style-mixed-logo-padding-top":0,"header-style-mixed-logo_hd":["",0],"header-style-mixed-logo_regular":["",0],"header-style-mixed-top_line-floating-logo-padding":"0px 0px 0px 0px","header-style-mobile-logo-padding":"0px 0px 0px 0px","header-style-mobile-logo-padding-bottom":0,"header-style-mobile-logo-padding-left":0,"header-style-mobile-logo-padding-right":0,"header-style-mobile-logo-padding-top":0,"header-style-mobile-logo_hd":["\/wp-content\/uploads\/sites\/2\/2017\/03\/7bus-m-hd.png",15111],"header-style-mobile-logo_regular":["\/wp-content\/uploads\/sites\/2\/2017\/03\/7bus-m.png",15112],"header-style-transparent-logo-padding":"0px 0px 0px 0px","header-style-transparent-logo-padding-bottom":0,"header-style-transparent-logo-padding-left":0,"header-style-transparent-logo-padding-right":0,"header-style-transparent-logo-padding-top":0,"header-style-transparent-logo_hd":["",0],"header-style-transparent-logo_regular":["",0],"header-style-transparent-mobile-logo-padding":"0px 0px 0px 0px","header-style-transparent-mobile-logo_regular":["\/wp-content\/uploads\/sites\/2\/2017\/03\/7bus-m.png",15112],"header-top_line-elements":[],"header-top_line-elements-below_menu-padding":"0px 0px 0px 0px","header-top_line-elements-in_top_line-custom-icon-color":"","header-top_line-elements-in_top_line-custom-icon-size":16,"header-top_line-elements-in_top_line-font_color":"#888888","header-top_line-elements-in_top_line-font_family":"Arial","header-top_line-elements-in_top_line-font_size":14,"header-top_line-elements-in_top_line-typography":{"font_family":"Arial","font_size":"14"},"header-top_line-elements-near_menu-custom-icon-color":"","header-top_line-elements-near_menu-custom-icon-size":16,"header-top_line-elements-near_menu-font_color":"#888888","header-top_line-elements-near_menu-typography":{"font_family":"Arial","font_size":"14"},"header-top_line-elements-top_line-padding":"0px 0px 0px 0px","header-top_line-elements-top_line_right-padding":"0px 0px 0px 0px","header-top_line-show_elements":"0","header-transparent-mobile-first_switch-logo":"desktop","header-transparent-mobile-second_switch-logo":"mobile","header-transparent_bg_color":"rgba(255,255,255,1)","header-transparent_bg_opacity":100,"header_navigation":"slide_out","image_hover-album_miniatures_style":"style_2","image_hover-color":"rgba(255,255,255,0.3)","image_hover-color_gradient":"135deg|rgba(0,0,0,0.3) 30%|rgba(48,48,48,0.3) 100%","image_hover-color_mode":"color","image_hover-default_icon":"none","image_hover-onclick_animation":"1","image_hover-opacity":30,"image_hover-project_icons_style":"accent","image_hover-project_rollover_color":"rgba(0,0,0,0.3)","image_hover-project_rollover_color_gradient":"135deg|rgba(106,229,230,0.3) 30%|rgba(17,144,201,0.3) 100%","image_hover-project_rollover_color_mode":"color","image_hover-project_rollover_opacity":30,"image_hover-style":"none","layout-menu_icon-position":"menu_icon_right","layout-menu_icon-show_floating_logo":"1","layout-side_line-position":"above","layout-side_line-v_position":"left","layout-top_line-height":"130px","layout-top_line-is_fullwidth":"0","layout-top_line-is_sticky":"0","layout-top_line-logo-position":"left","menu-mobile-microwidgets-custom-icon-color":"#23c4a7","menu-mobile-microwidgets-custom-icon-size":16,"menu-mobile-microwidgets-font-color":"#3a3a3a","menu-mobile-microwidgets-typography":{"font_family":"Open Sans","font_size":"14"},"microwidgets-search-active-width":"250px","microwidgets-search-height":"24px","microwidgets-search-typography":{"font_family":"Open Sans:600","font_size":"12"},"microwidgets-search-width":"100px","microwidgets-search_bg-border-color":"#e2e2e2","microwidgets-search_bg-color":"#ffffff","microwidgets-search_bg_border_radius":"0px","microwidgets-search_bg_border_width":"0px","microwidgets-search_custom-icon":"icomoon-the7-font-the7-zoom-08","microwidgets-search_font-color":"#aaaaaa","microwidgets-search_icon":"custom","microwidgets-search_icon-size":12,"microwidgets-search_input-padding":"8px 8px","microwidgets-search_overlay-bg":"color","microwidgets-search_overlay-bg-color":"rgba(0,0,0,0.9)","microwidgets-search_overlay-bg-gradient":"135deg|#ffffff 30%|#000000 100%","microwidgets-search_popup-bg-color":"rgba(255,255,255,1)","microwidgets-search_style":"animate_width","modules-albums-status":"enabled","modules-benefits-status":"enabled","modules-logos-status":"enabled","modules-portfolio-status":"enabled","modules-slideshow-status":"enabled","modules-team-status":"enabled","modules-testimonials-status":"enabled","page_title-background-style-transparent-color_scheme":"light","page_title-padding":"20px 20px","page_title-padding-bottom":"20px","page_title-padding-top":"20px","post-show_fancy_categories":"1","post-show_fancy_date":"1","sidebar-bg_color":"rgba(255,255,255,0)","sidebar-bg_image":{"image":"","repeat":"repeat","position_x":"center","position_y":"center"},"sidebar-bg_opacity":0,"sidebar-decoration":"outline","sidebar-decoration_outline_color":"rgba(58,58,58,0.13)","sidebar-decoration_outline_opacity":13,"sidebar-distance_to_content":50,"sidebar-divider-horizontal":"1","sidebar-divider-vertical":"1","sidebar-headers_color":"#3a3a3a","sidebar-primary_text_color":"#7e7e7e","sidebar-responsiveness":970,"sidebar-vertical_distance":80,"sidebar-visual_style":"with_dividers","sidebar-width":"350px","social_buttons-page":[],"social_buttons-page-button_title":"Share this page","social_buttons-photo":[],"social_buttons-photo-button_title":"Share this image","social_buttons-portfolio_post":[],"social_buttons-portfolio_post-button_title":"Share this post","social_buttons-post":[],"social_buttons-post-button_title":"Share this post","social_buttons-visibility":"allways","stripes-stripe_1_bg_image":{"image":"","repeat":"repeat","position_x":"center","position_y":"center"},"stripes-stripe_1_color":"#f6f6f6","stripes-stripe_1_content_boxes_bg_color":"#ffffff","stripes-stripe_1_content_boxes_bg_opacity":0,"stripes-stripe_1_content_boxes_decoration":"outline","stripes-stripe_1_content_boxes_decoration_outline_color":"#3a3a3a","stripes-stripe_1_content_boxes_decoration_outline_opacity":13,"stripes-stripe_1_headers_color":"#3a3a3a","stripes-stripe_1_outline":"show","stripes-stripe_1_outline_color":"#3a3a3a","stripes-stripe_1_outline_opacity":8,"stripes-stripe_1_text_color":"#7e7e7e","stripes-stripe_2_bg_image":{"image":"","repeat":"repeat","position_x":"center","position_y":"center"},"stripes-stripe_2_color":"#26282c","stripes-stripe_2_content_boxes_bg_color":"#26282c","stripes-stripe_2_content_boxes_bg_opacity":0,"stripes-stripe_2_content_boxes_decoration":"outline","stripes-stripe_2_content_boxes_decoration_outline_color":"#999d9f","stripes-stripe_2_content_boxes_decoration_outline_opacity":22,"stripes-stripe_2_headers_color":"#ffffff","stripes-stripe_2_outline":"hide","stripes-stripe_2_outline_color":"#c1edaf","stripes-stripe_2_outline_opacity":100,"stripes-stripe_2_text_color":"#999d9f","stripes-stripe_3_bg_image":{"image":"\/inc\/presets\/images\/full\/skin09r.stripes-stripe-3-bg-image.jpg","repeat":"repeat","position_x":"center","position_y":"center"},"stripes-stripe_3_color":"#f7f7f7","stripes-stripe_3_content_boxes_bg_color":"#FFFFFF","stripes-stripe_3_content_boxes_bg_opacity":100,"stripes-stripe_3_content_boxes_decoration":"outline","stripes-stripe_3_content_boxes_decoration_outline_color":"#3a3a3a","stripes-stripe_3_content_boxes_decoration_outline_opacity":15,"stripes-stripe_3_headers_color":"#3a3a3a","stripes-stripe_3_outline":"show","stripes-stripe_3_outline_color":"#3a3a3a","stripes-stripe_3_outline_opacity":11,"stripes-stripe_3_text_color":"#3a3a3a","template_page_id_author":46,"template_page_id_blog_category":46,"template_page_id_blog_tags":46,"template_page_id_date":46,"template_page_id_portfolio_category":9,"template_page_id_search":0,"top-bar-height":"36px","top_bar-bg-color":"rgba(48,49,53,1)","top_bar-bg-image":{"image":"","repeat":"repeat","position_x":"center","position_y":"center"},"top_bar-bg-opacity":100,"top_bar-bg-style":"disabled","top_bar-custom-icon-color":"#23c4a7","top_bar-custom-icon-size":12,"top_bar-font-color":"#ffffff","top_bar-line-color":"#ffffff","top_bar-line-in-transparent-header":false,"top_bar-line_size":"1px","top_bar-line_style":"solid","top_bar-padding":"5px 5px 0px","top_bar-paddings-bottom":5,"top_bar-paddings-horizontal":0,"top_bar-paddings-top":5,"top_bar-typography":{"font_family":"Open Sans:600","font_size":"12","text_transform":"none"},"widgetareas":{"1":{"sidebar_name":"Default Sidebar","sidebar_desc":"Sidebar primary widget area"},"2":{"sidebar_name":"Default Footer","sidebar_desc":"Footer primary widget area"}}},"wp_settings":{"show_on_front":"page","page_on_front":"834","page_for_posts":"0"},"widgets_settings":{"widget_archives":{"2":{"title":"","count":0,"dropdown":0},"_multiwidget":1},"widget_meta":{"2":{"title":""},"_multiwidget":1},"widget_search":{"2":{"title":""},"3":{"title":"Search"},"_multiwidget":1},"widget_categories":{"2":{"title":"","count":0,"hierarchical":0,"dropdown":0},"_multiwidget":1},"widget_recent-posts":{"2":{"title":"","number":5},"_multiwidget":1},"widget_recent-comments":{"2":{"title":"","number":5},"3":{"title":"Recent comments","number":4},"_multiwidget":1},"widget_presscore-contact-info-widget":{"2":{"title":"Contact info","text":"","links":{"facebook":"\/","twitter":"\/","google":"","dribbble":"\/","you-tube":"","rss":"","delicious":"","flickr":"","forrst":"","lastfm":"","linkedin":"","vimeo":"","tumbler":"","pinterest":"","devian":"","skype":"","github":"\/","instagram":"","stumbleupon":"","behance":"\/","mail":"","website":"","px-500":"","tripedvisor":"","vk":"","foursquare":"","xing":"","weibo":"","odnoklassniki":""},"fields":[{"title":"Location:","content":"8500 Beverly BoulevardLos Angeles, CA 90048"},{"title":"Phone numbers:","content":"+12 345 67 00 89, +12 987 00 65 43"},{"title":"E-mail:","content":"sales@your-site.com"}]},"_multiwidget":1},"widget_presscore-blog-posts":{"2":{"title":"Recent news","order":"DESC","orderby":"date","show":3,"select":"all","cats":[],"thumbnails":1,"round_images":0,"images_dimensions":{"w":70,"h":50}},"3":{"title":"Featured posts","order":"DESC","orderby":"date","show":6,"select":"only","cats":["3","7"],"thumbnails":1,"round_images":0,"images_dimensions":{"w":70,"h":50},"show_excerpts":0},"_multiwidget":1},"widget_presscore-contact-form-widget":{"2":{"title":"Contact us","text":"","fields":{"name":{"on":true,"required":true},"email":{"on":true,"required":true},"telephone":{"on":false,"required":false},"country":{"on":false,"required":false},"city":{"on":false,"required":false},"company":{"on":false,"required":false},"website":{"on":false,"required":false},"message":{"on":true,"required":false}},"send_to":"","msg_height":3,"button_size":"m","button_title":""},"_multiwidget":1},"widget_presscore-accordion-widget":{"2":{"title":"Our services","fields":[{"title":"Web Design","content":"Ullamcorper pellent desque condimentum dignissim laoreet consectetur rutrum ac. Nullam rutrum velit eget quam pretium vehicula porttitor odio non nunc laoreet."},{"title":"Photography","content":"Maecenas enim velit, euismod eu tempor sit amet, dictum at est. In placerat fringilla. Nullam velit nulla laoreet!"},{"title":"Marketing","content":"Lorem ipsum dolor enim velit, euismod eu tempor sit amet, dictum at est. In placerat fringilla. Nullam velit nulla laoreet amet."},{"title":"Programming","content":"Dolor pellent desque condimentum dignissim laoreet consectetur rutrum ac. Nullam rutrum velit eget quam pretium vehicula porttitor odio non nunc laoreet."}]},"_multiwidget":1},"widget_presscore-portfolio":{"2":{"title":"Recent Projects","order":"DESC","orderby":"date","select":"all","show":6,"cats":[],"max_width":120},"_multiwidget":1},"sidebars_widgets":{"orphaned_widgets_1":["search-2","recent-posts-2","recent-comments-2","archives-2","categories-2","meta-2"],"wp_inactive_widgets":["9022"],"sidebar_1":["search-3","presscore-blog-posts-3","recent-comments-3","presscore-portfolio-2","presscore-accordion-widget-2"],"sidebar_2":["presscore-blog-posts-2","presscore-contact-info-widget-2","presscore-contact-form-widget-2"],"array_version":3}},"nav_menu_locations":{"primary":0,"top":33,"bottom":33},"ultimate_selected_google_fonts":[{"font_family":"Raleway","font_name":"Raleway","variants":[{"variant_value":"100","variant_selected":"false"},{"variant_value":"100italic","variant_selected":"false"},{"variant_value":"200","variant_selected":"false"},{"variant_value":"200italic","variant_selected":"false"},{"variant_value":"300","variant_selected":"false"},{"variant_value":"300italic","variant_selected":"false"},{"variant_value":"italic","variant_selected":"false"},{"variant_value":"500","variant_selected":"false"},{"variant_value":"500italic","variant_selected":"false"},{"variant_value":"600","variant_selected":"false"},{"variant_value":"600italic","variant_selected":"false"},{"variant_value":"700","variant_selected":"true"},{"variant_value":"700italic","variant_selected":"false"},{"variant_value":"800","variant_selected":"false"},{"variant_value":"800italic","variant_selected":"false"},{"variant_value":"900","variant_selected":"false"},{"variant_value":"900italic","variant_selected":"false"}],"subsets":[{"subset_value":"latin-ext","subset_selected":"false"},{"subset_value":"latin","subset_selected":"false"}]}],"ultimate_icon_fonts":{"icomoon-font-awesome-14x14":{"include":"smile_fonts\/icomoon-font-awesome-14x14","folder":"smile_fonts\/icomoon-font-awesome-14x14","style":"icomoon-font-awesome-14x14\/icomoon-font-awesome-14x14.css","config":"charmap.php"}},"revolution_sliders":["the7-business-hero-image"],"vc_settings":{"use_custom":"1","vc_color":"#f7f7f7","vc_color_hover":"#F0F0F0","vc_color_call_to_action_bg":"","vc_color_google_maps_bg":"","vc_color_post_slider_caption_bg":"","vc_color_progress_bar_bg":"","vc_color_separator_border":"","vc_color_tab_bg":"","vc_color_tab_bg_active":"","margin":"0px","gutter":"50","responsive_max":"778"}}